"","support_tree1","occurrence_tree2","Dataset","optimality"
"2...1",100,1,1,"MP"
"3...2",99,1,1,"MP"
"4...3",99,1,1,"MP"
"5...4",92,1,1,"MP"
"6...5",98,1,1,"MP"
"7...6",80,1,1,"MP"
"8...7",95,1,1,"MP"
"9...8",86,1,1,"MP"
"10...9",85,1,1,"MP"
"11...10",85,1,1,"MP"
"12...11",64,1,1,"MP"
"13...12",100,1,1,"MP"
"14...13",63,1,1,"MP"
"15...14",95,1,1,"MP"
"16...15",92,1,1,"MP"
"17...16",98,1,1,"MP"
"18...17",100,1,1,"MP"
"19...18",81,1,1,"MP"
"20...19",80,1,1,"MP"
"21...20",61,1,1,"MP"
"22...21",92,1,1,"MP"
"23...22",62,1,1,"MP"
"24...23",95,1,1,"MP"
"25...24",63,1,1,"MP"
"26...25",61,1,1,"MP"
"27...26",97,1,1,"MP"
"28...27",62,1,1,"MP"
"29...28",96,1,1,"MP"
"30...29",96,1,1,"MP"
"31...30",100,1,1,"MP"
"32...31",98,1,1,"MP"
"33...32",83,1,1,"MP"
"34...33",63,0,1,"MP"
"35...34",55,0,1,"MP"
"36...35",61,0,1,"MP"
"37...36",66,0,1,"MP"
"38...37",54,0,1,"MP"
"39...38",62,0,1,"MP"
"40...39",52,0,1,"MP"
"41...40",55,0,1,"MP"
"42...41",87,0,1,"MP"
"43...42",63,0,1,"MP"
"44...43",85,0,1,"MP"
"45...44",60,0,1,"MP"
"46...45",74,0,1,"MP"
"47...46",55,0,1,"MP"
"225...47",100,1,2,"MP"
"310...48",53,1,2,"MP"
"410...49",100,1,2,"MP"
"510...50",85,1,2,"MP"
"610...51",98,1,2,"MP"
"710...52",55,1,2,"MP"
"810...53",100,1,2,"MP"
"226...54",100,1,3,"MP"
"311...55",100,1,3,"MP"
"411...56",98,1,3,"MP"
"511...57",98,1,3,"MP"
"611...58",99,1,3,"MP"
"711...59",100,1,3,"MP"
"811...60",60,0,3,"MP"
"227...61",100,1,4,"MP"
"312...62",99,1,4,"MP"
"412...63",100,1,4,"MP"
"512...64",93,1,4,"MP"
"612...65",100,1,4,"MP"
"712...66",100,1,4,"MP"
"812...67",54,1,4,"MP"
"910...68",100,1,4,"MP"
"1010...69",73,1,4,"MP"
"1110...70",68,1,4,"MP"
"1210...71",93,1,4,"MP"
"1310...72",94,1,4,"MP"
"1410...73",99,1,4,"MP"
"1510...74",74,1,4,"MP"
"1610...75",85,1,4,"MP"
"1710...76",57,1,4,"MP"
"1810...77",86,1,4,"MP"
"1910...78",84,1,4,"MP"
"2010...79",91,1,4,"MP"
"2110...80",91,1,4,"MP"
"228...81",88,1,4,"MP"
"231...82",99,1,4,"MP"
"241...83",96,1,4,"MP"
"251...84",100,1,4,"MP"
"261...85",56,0,4,"MP"
"271...86",54,0,4,"MP"
"281...87",61,0,4,"MP"
"229...88",100,1,5,"MP"
"313...89",93,1,5,"MP"
"413...90",100,1,5,"MP"
"513...91",100,1,5,"MP"
"613...92",90,1,5,"MP"
"713...93",88,1,5,"MP"
"813...94",66,1,5,"MP"
"911...95",97,1,5,"MP"
"1011...96",99,1,5,"MP"
"1111...97",99,1,5,"MP"
"1211...98",76,1,5,"MP"
"1311...99",98,1,5,"MP"
"1411...100",82,1,5,"MP"
"1511...101",97,1,5,"MP"
"1611...102",91,1,5,"MP"
"1711...103",98,1,5,"MP"
"1811...104",98,1,5,"MP"
"1911...105",100,1,5,"MP"
"2011...106",100,1,5,"MP"
"2111...107",99,1,5,"MP"
"2210...108",91,1,5,"MP"
"232...109",94,1,5,"MP"
"242...110",100,1,5,"MP"
"252...111",99,1,5,"MP"
"262...112",97,1,5,"MP"
"272...113",56,1,5,"MP"
"282...114",99,1,5,"MP"
"291...115",71,1,5,"MP"
"301...116",99,1,5,"MP"
"230...117",100,1,6,"MP"
"314...118",69,1,6,"MP"
"414...119",99,1,6,"MP"
"514...120",98,1,6,"MP"
"614...121",81,1,6,"MP"
"714...122",78,1,6,"MP"
"814...123",99,1,6,"MP"
"912...124",83,1,6,"MP"
"1012...125",87,1,6,"MP"
"1112...126",100,1,6,"MP"
"1212...127",64,1,6,"MP"
"1312...128",99,1,6,"MP"
"1412...129",100,1,6,"MP"
"1512...130",98,1,6,"MP"
"1612...131",100,1,6,"MP"
"1712...132",99,1,6,"MP"
"1812...133",86,1,6,"MP"
"1912...134",100,1,6,"MP"
"2012...135",71,1,6,"MP"
"2112...136",75,1,6,"MP"
"2211...137",100,1,6,"MP"
"233...138",98,1,6,"MP"
"243...139",100,1,6,"MP"
"253...140",59,1,6,"MP"
"263...141",100,1,6,"MP"
"273...142",94,1,6,"MP"
"283...143",59,1,6,"MP"
"292...144",100,1,6,"MP"
"302...145",99,1,6,"MP"
"315...146",98,1,6,"MP"
"321...147",61,1,6,"MP"
"331...148",100,1,6,"MP"
"341...149",97,1,6,"MP"
"351...150",98,1,6,"MP"
"361...151",100,1,6,"MP"
"371...152",100,1,6,"MP"
"381...153",100,1,6,"MP"
"391...154",84,1,6,"MP"
"401...155",100,1,6,"MP"
"415...156",58,1,6,"MP"
"421...157",100,1,6,"MP"
"431...158",99,1,6,"MP"
"441...159",84,1,6,"MP"
"451...160",95,1,6,"MP"
"461...161",81,1,6,"MP"
"471...162",100,1,6,"MP"
"48...163",99,1,6,"MP"
"49...164",88,1,6,"MP"
"50...165",96,1,6,"MP"
"51...166",100,1,6,"MP"
"52...167",52,1,6,"MP"
"53...168",56,0,6,"MP"
"54...169",63,0,6,"MP"
"55...170",56,0,6,"MP"
"56...171",63,0,6,"MP"
"57...172",53,0,6,"MP"
"58...173",53,0,6,"MP"
"59...174",69,0,6,"MP"
"234...175",100,1,7,"MP"
"316...176",99,1,7,"MP"
"416...177",99,1,7,"MP"
"515...178",66,1,7,"MP"
"615...179",59,1,7,"MP"
"715...180",60,1,7,"MP"
"815...181",100,1,7,"MP"
"913...182",61,1,7,"MP"
"1013...183",56,1,7,"MP"
"1113...184",55,1,7,"MP"
"1213...185",99,1,7,"MP"
"1313...186",100,1,7,"MP"
"1413...187",94,1,7,"MP"
"1513...188",100,1,7,"MP"
"1613...189",81,1,7,"MP"
"1713...190",99,1,7,"MP"
"1813...191",100,1,7,"MP"
"1913...192",68,1,7,"MP"
"2013...193",98,1,7,"MP"
"2113...194",99,1,7,"MP"
"2212...195",99,1,7,"MP"
"235...196",81,1,7,"MP"
"244...197",100,1,7,"MP"
"254...198",75,1,7,"MP"
"264...199",99,1,7,"MP"
"274...200",98,1,7,"MP"
"284...201",100,1,7,"MP"
"293...202",100,1,7,"MP"
"303...203",88,1,7,"MP"
"317...204",99,1,7,"MP"
"322...205",99,1,7,"MP"
"332...206",78,1,7,"MP"
"342...207",99,1,7,"MP"
"352...208",94,1,7,"MP"
"362...209",100,1,7,"MP"
"372...210",100,1,7,"MP"
"382...211",100,1,7,"MP"
"392...212",99,1,7,"MP"
"402...213",85,1,7,"MP"
"417...214",99,1,7,"MP"
"422...215",100,1,7,"MP"
"432...216",92,1,7,"MP"
"442...217",97,1,7,"MP"
"452...218",98,1,7,"MP"
"462...219",100,1,7,"MP"
"472...220",70,1,7,"MP"
"481...221",100,1,7,"MP"
"491...222",93,1,7,"MP"
"501...223",100,1,7,"MP"
"516...224",75,1,7,"MP"
"521...225",100,1,7,"MP"
"531...226",60,1,7,"MP"
"541...227",68,1,7,"MP"
"551...228",50,1,7,"MP"
"561...229",99,1,7,"MP"
"571...230",97,1,7,"MP"
"581...231",100,1,7,"MP"
"591...232",100,1,7,"MP"
"60...233",100,1,7,"MP"
"61...234",60,1,7,"MP"
"62...235",100,1,7,"MP"
"63...236",100,1,7,"MP"
"64...237",99,1,7,"MP"
"65...238",58,1,7,"MP"
"66...239",99,1,7,"MP"
"67...240",100,1,7,"MP"
"68...241",85,1,7,"MP"
"69...242",100,1,7,"MP"
"70...243",99,1,7,"MP"
"71...244",81,1,7,"MP"
"72...245",100,1,7,"MP"
"73...246",66,1,7,"MP"
"74...247",55,1,7,"MP"
"75...248",100,1,7,"MP"
"76...249",55,1,7,"MP"
"77...250",90,1,7,"MP"
"78...251",100,1,7,"MP"
"79...252",100,1,7,"MP"
"80...253",100,1,7,"MP"
"81...254",98,1,7,"MP"
"82...255",62,1,7,"MP"
"83...256",100,1,7,"MP"
"84...257",100,1,7,"MP"
"85...258",66,1,7,"MP"
"86...259",100,1,7,"MP"
"87...260",100,1,7,"MP"
"88...261",100,1,7,"MP"
"89...262",71,1,7,"MP"
"90...263",100,1,7,"MP"
"91...264",100,1,7,"MP"
"92...265",98,1,7,"MP"
"93...266",100,1,7,"MP"
"94...267",100,1,7,"MP"
"95...268",99,1,7,"MP"
"96...269",79,1,7,"MP"
"97...270",100,1,7,"MP"
"98...271",97,1,7,"MP"
"99...272",67,1,7,"MP"
"100...273",99,1,7,"MP"
"101...274",65,1,7,"MP"
"102...275",87,1,7,"MP"
"103...276",97,1,7,"MP"
"104...277",100,1,7,"MP"
"105...278",64,1,7,"MP"
"106...279",100,1,7,"MP"
"107...280",100,1,7,"MP"
"108...281",93,1,7,"MP"
"109...282",68,1,7,"MP"
"110...283",90,1,7,"MP"
"111...284",87,1,7,"MP"
"112...285",50,1,7,"MP"
"113...286",90,1,7,"MP"
"114...287",90,1,7,"MP"
"115...288",74,1,7,"MP"
"116...289",82,1,7,"MP"
"117...290",85,1,7,"MP"
"118...291",52,1,7,"MP"
"119...292",70,1,7,"MP"
"120...293",76,1,7,"MP"
"121...294",97,1,7,"MP"
"122...295",99,1,7,"MP"
"123...296",81,1,7,"MP"
"124...297",99,1,7,"MP"
"125...298",73,1,7,"MP"
"126...299",59,1,7,"MP"
"127...300",99,1,7,"MP"
"128...301",56,1,7,"MP"
"129...302",71,1,7,"MP"
"130...303",69,1,7,"MP"
"131...304",97,1,7,"MP"
"132...305",100,1,7,"MP"
"133...306",100,1,7,"MP"
"134...307",83,1,7,"MP"
"135...308",100,1,7,"MP"
"136...309",100,1,7,"MP"
"137...310",64,1,7,"MP"
"138...311",80,1,7,"MP"
"139...312",100,1,7,"MP"
"140...313",90,1,7,"MP"
"141...314",98,1,7,"MP"
"142...315",99,1,7,"MP"
"143...316",100,1,7,"MP"
"144...317",100,1,7,"MP"
"145...318",100,1,7,"MP"
"146...319",100,1,7,"MP"
"147...320",63,1,7,"MP"
"148...321",100,1,7,"MP"
"149...322",98,1,7,"MP"
"150...323",99,1,7,"MP"
"151...324",79,1,7,"MP"
"152...325",64,1,7,"MP"
"153...326",97,1,7,"MP"
"154...327",100,1,7,"MP"
"155...328",57,1,7,"MP"
"156...329",79,1,7,"MP"
"157...330",69,1,7,"MP"
"158...331",100,1,7,"MP"
"159...332",99,1,7,"MP"
"160...333",71,1,7,"MP"
"161...334",93,1,7,"MP"
"162...335",56,1,7,"MP"
"163...336",98,1,7,"MP"
"164...337",99,1,7,"MP"
"165...338",100,1,7,"MP"
"166...339",100,1,7,"MP"
"167...340",99,1,7,"MP"
"168...341",92,1,7,"MP"
"169...342",100,1,7,"MP"
"170...343",96,1,7,"MP"
"171...344",97,1,7,"MP"
"172...345",50,1,7,"MP"
"173...346",100,1,7,"MP"
"174...347",99,1,7,"MP"
"175...348",100,1,7,"MP"
"176...349",94,1,7,"MP"
"177...350",99,1,7,"MP"
"178...351",99,1,7,"MP"
"179...352",100,1,7,"MP"
"180...353",100,1,7,"MP"
"181...354",99,1,7,"MP"
"182...355",99,1,7,"MP"
"183...356",96,1,7,"MP"
"184...357",85,1,7,"MP"
"185...358",63,1,7,"MP"
"186...359",99,1,7,"MP"
"187...360",99,1,7,"MP"
"188...361",95,1,7,"MP"
"189...362",51,0,7,"MP"
"190...363",54,0,7,"MP"
"236...364",100,1,8,"MP"
"318...365",93,1,8,"MP"
"418...366",100,1,8,"MP"
"517...367",100,1,8,"MP"
"616...368",97,1,8,"MP"
"716...369",97,1,8,"MP"
"816...370",100,1,8,"MP"
"914...371",90,1,8,"MP"
"1014...372",92,1,8,"MP"
"1114...373",100,1,8,"MP"
"1214...374",99,1,8,"MP"
"1314...375",81,1,8,"MP"
"1414...376",53,1,8,"MP"
"1514...377",51,1,8,"MP"
"1614...378",100,1,8,"MP"
"1714...379",95,1,8,"MP"
"1814...380",84,1,8,"MP"
"1914...381",100,1,8,"MP"
"2014...382",100,1,8,"MP"
"2114...383",100,1,8,"MP"
"2213...384",100,1,8,"MP"
"237...385",99,1,8,"MP"
"245...386",100,1,8,"MP"
"255...387",100,1,8,"MP"
"265...388",100,1,8,"MP"
"238...389",100,1,9,"MP"
"319...390",85,1,9,"MP"
"419...391",99,1,9,"MP"
"518...392",93,1,9,"MP"
"617...393",100,1,9,"MP"
"717...394",100,1,9,"MP"
"817...395",61,1,9,"MP"
"915...396",94,1,9,"MP"
"1015...397",96,1,9,"MP"
"1115...398",100,1,9,"MP"
"1215...399",98,1,9,"MP"
"1315...400",60,1,9,"MP"
"1415...401",70,1,9,"MP"
"1515...402",58,1,9,"MP"
"1615...403",98,1,9,"MP"
"1715...404",57,1,9,"MP"
"1815...405",51,1,9,"MP"
"1915...406",67,0,9,"MP"
"2015...407",53,0,9,"MP"
"2115...408",50,0,9,"MP"
"2214...409",55,0,9,"MP"
"239...410",100,1,10,"MP"
"320...411",98,1,10,"MP"
"420...412",95,1,10,"MP"
"519...413",83,1,10,"MP"
"618...414",100,1,10,"MP"
"718...415",99,1,10,"MP"
"818...416",72,1,10,"MP"
"916...417",94,1,10,"MP"
"1016...418",51,1,10,"MP"
"1116...419",54,0,10,"MP"
"1216...420",52,0,10,"MP"
"240...421",100,1,11,"MP"
"323...422",100,1,11,"MP"
"423...423",100,1,11,"MP"
"520...424",86,1,11,"MP"
"619...425",85,1,11,"MP"
"719...426",93,1,11,"MP"
"819...427",78,1,11,"MP"
"917...428",99,1,11,"MP"
"1017...429",92,1,11,"MP"
"1117...430",99,1,11,"MP"
"1217...431",94,1,11,"MP"
"1316...432",97,1,11,"MP"
"1416...433",99,1,11,"MP"
"1516...434",99,1,11,"MP"
"1616...435",98,1,11,"MP"
"1716...436",92,1,11,"MP"
"1816...437",100,1,11,"MP"
"1916...438",100,1,11,"MP"
"2016...439",58,1,11,"MP"
"2116...440",100,1,11,"MP"
"2215...441",58,1,11,"MP"
"2310...442",93,1,11,"MP"
"246...443",72,1,11,"MP"
"256...444",56,1,11,"MP"
"266...445",97,1,11,"MP"
"275...446",91,1,11,"MP"
"285...447",99,1,11,"MP"
"294...448",73,1,11,"MP"
"304...449",89,1,11,"MP"
"3110...450",99,1,11,"MP"
"324...451",58,1,11,"MP"
"333...452",88,1,11,"MP"
"343...453",90,1,11,"MP"
"353...454",58,1,11,"MP"
"363...455",74,1,11,"MP"
"373...456",100,1,11,"MP"
"383...457",100,1,11,"MP"
"393...458",99,1,11,"MP"
"403...459",100,1,11,"MP"
"4110...460",100,1,11,"MP"
"424...461",100,1,11,"MP"
"433...462",100,1,11,"MP"
"443...463",99,1,11,"MP"
"453...464",100,1,11,"MP"
"463...465",50,1,11,"MP"
"473...466",96,1,11,"MP"
"482...467",100,1,11,"MP"
"492...468",100,1,11,"MP"
"502...469",100,1,11,"MP"
"5110...470",65,1,11,"MP"
"522...471",100,1,11,"MP"
"532...472",100,1,11,"MP"
"542...473",98,1,11,"MP"
"552...474",100,1,11,"MP"
"562...475",100,1,11,"MP"
"572...476",100,1,11,"MP"
"582...477",62,1,11,"MP"
"592...478",80,1,11,"MP"
"601...479",99,1,11,"MP"
"6110...480",100,1,11,"MP"
"621...481",100,1,11,"MP"
"631...482",77,1,11,"MP"
"641...483",80,1,11,"MP"
"651...484",56,1,11,"MP"
"661...485",93,1,11,"MP"
"671...486",97,1,11,"MP"
"681...487",85,1,11,"MP"
"691...488",99,1,11,"MP"
"701...489",100,1,11,"MP"
"7110...490",78,1,11,"MP"
"721...491",91,1,11,"MP"
"731...492",91,1,11,"MP"
"741...493",82,1,11,"MP"
"751...494",95,1,11,"MP"
"761...495",67,1,11,"MP"
"771...496",81,1,11,"MP"
"781...497",99,1,11,"MP"
"791...498",99,1,11,"MP"
"801...499",100,1,11,"MP"
"8110...500",100,1,11,"MP"
"821...501",99,1,11,"MP"
"831...502",98,1,11,"MP"
"841...503",97,1,11,"MP"
"851...504",99,1,11,"MP"
"861...505",100,1,11,"MP"
"871...506",100,1,11,"MP"
"881...507",100,1,11,"MP"
"891...508",79,1,11,"MP"
"901...509",100,1,11,"MP"
"918...510",100,1,11,"MP"
"921...511",50,0,11,"MP"
"931...512",52,0,11,"MP"
"941...513",50,0,11,"MP"
"951...514",51,0,11,"MP"
"961...515",55,0,11,"MP"
"247...516",100,1,12,"MP"
"325...517",100,1,12,"MP"
"425...518",100,1,12,"MP"
"523...519",100,1,12,"MP"
"620...520",100,1,12,"MP"
"720...521",100,1,12,"MP"
"820...522",100,1,12,"MP"
"919...523",100,1,12,"MP"
"248...524",100,1,13,"MP"
"326...525",89,1,13,"MP"
"426...526",96,1,13,"MP"
"524...527",94,1,13,"MP"
"622...528",99,1,13,"MP"
"722...529",80,1,13,"MP"
"822...530",100,1,13,"MP"
"920...531",99,1,13,"MP"
"1018...532",98,1,13,"MP"
"1118...533",100,1,13,"MP"
"1218...534",95,1,13,"MP"
"1317...535",99,1,13,"MP"
"1417...536",50,1,13,"MP"
"1517...537",100,1,13,"MP"
"1617...538",56,1,13,"MP"
"1717...539",98,1,13,"MP"
"1817...540",75,1,13,"MP"
"1917...541",100,1,13,"MP"
"2017...542",53,1,13,"MP"
"2117...543",100,1,13,"MP"
"2216...544",57,0,13,"MP"
"2311...545",51,0,13,"MP"
"249...546",100,1,14,"MP"
"327...547",100,1,14,"MP"
"427...548",100,1,14,"MP"
"525...549",97,1,14,"MP"
"623...550",97,1,14,"MP"
"723...551",100,1,14,"MP"
"823...552",99,1,14,"MP"
"922...553",100,1,14,"MP"
"1019...554",82,1,14,"MP"
"1119...555",100,1,14,"MP"
"1219...556",92,1,14,"MP"
"1318...557",100,1,14,"MP"
"1418...558",100,1,14,"MP"
"1518...559",100,1,14,"MP"
"1618...560",76,1,14,"MP"
"1718...561",100,1,14,"MP"
"1818...562",100,1,14,"MP"
"1918...563",100,1,14,"MP"
"2018...564",64,1,14,"MP"
"2118...565",89,1,14,"MP"
"2217...566",99,1,14,"MP"
"2312...567",78,1,14,"MP"
"2410...568",100,1,14,"MP"
"257...569",99,1,14,"MP"
"267...570",85,1,14,"MP"
"276...571",99,1,14,"MP"
"286...572",79,1,14,"MP"
"295...573",99,1,14,"MP"
"305...574",80,1,14,"MP"
"3111...575",100,1,14,"MP"
"328...576",100,1,14,"MP"
"334...577",100,1,14,"MP"
"344...578",100,1,14,"MP"
"354...579",100,1,14,"MP"
"364...580",100,1,14,"MP"
"374...581",94,0,14,"MP"
"384...582",67,0,14,"MP"
"394...583",53,0,14,"MP"
"404...584",66,0,14,"MP"
"4111...585",100,0,14,"MP"
"428...586",62,0,14,"MP"
"434...587",62,0,14,"MP"
"250...588",100,1,15,"MP"
"329...589",100,1,15,"MP"
"429...590",100,1,15,"MP"
"526...591",100,1,15,"MP"
"624...592",100,1,15,"MP"
"724...593",100,1,15,"MP"
"824...594",96,1,15,"MP"
"923...595",96,1,15,"MP"
"1020...596",73,1,15,"MP"
"1120...597",100,1,15,"MP"
"1220...598",100,1,15,"MP"
"1319...599",100,1,15,"MP"
"1419...600",60,1,15,"MP"
"1519...601",82,1,15,"MP"
"1619...602",58,0,15,"MP"
"1719...603",53,0,15,"MP"
"258...604",100,1,16,"MP"
"330...605",93,1,16,"MP"
"430...606",92,1,16,"MP"
"527...607",84,1,16,"MP"
"625...608",92,1,16,"MP"
"725...609",96,1,16,"MP"
"825...610",86,1,16,"MP"
"924...611",60,1,16,"MP"
"1021...612",97,1,16,"MP"
"1121...613",63,1,16,"MP"
"1221...614",82,1,16,"MP"
"1320...615",98,1,16,"MP"
"1420...616",96,1,16,"MP"
"1520...617",94,1,16,"MP"
"1620...618",91,1,16,"MP"
"1720...619",98,1,16,"MP"
"1819...620",96,1,16,"MP"
"1919...621",99,1,16,"MP"
"2019...622",78,1,16,"MP"
"2119...623",99,1,16,"MP"
"2218...624",78,1,16,"MP"
"2313...625",85,1,16,"MP"
"2411...626",62,0,16,"MP"
"259...627",57,0,16,"MP"
"268...628",68,0,16,"MP"
"260...629",100,1,17,"MP"
"335...630",51,1,17,"MP"
"435...631",52,1,17,"MP"
"528...632",92,1,17,"MP"
"626...633",74,1,17,"MP"
"726...634",99,1,17,"MP"
"826...635",63,1,17,"MP"
"925...636",79,1,17,"MP"
"1022...637",80,1,17,"MP"
"1122...638",53,1,17,"MP"
"1222...639",67,1,17,"MP"
"1321...640",66,1,17,"MP"
"1421...641",100,1,17,"MP"
"1521...642",89,1,17,"MP"
"1621...643",68,1,17,"MP"
"1721...644",99,1,17,"MP"
"1820...645",82,1,17,"MP"
"1920...646",83,1,17,"MP"
"2020...647",54,1,17,"MP"
"2120...648",75,1,17,"MP"
"2219...649",94,1,17,"MP"
"2314...650",97,1,17,"MP"
"2412...651",80,1,17,"MP"
"2510...652",59,1,17,"MP"
"269...653",100,1,17,"MP"
"277...654",89,1,17,"MP"
"287...655",77,1,17,"MP"
"296...656",70,1,17,"MP"
"306...657",94,1,17,"MP"
"3112...658",100,1,17,"MP"
"3210...659",100,1,17,"MP"
"336...660",57,1,17,"MP"
"345...661",58,0,17,"MP"
"355...662",81,0,17,"MP"
"365...663",57,0,17,"MP"
"375...664",57,0,17,"MP"
"270...665",100,1,18,"MP"
"337...666",89,1,18,"MP"
"436...667",100,1,18,"MP"
"529...668",100,1,18,"MP"
"627...669",100,1,18,"MP"
"727...670",62,1,18,"MP"
"827...671",99,1,18,"MP"
"926...672",88,1,18,"MP"
"1023...673",100,1,18,"MP"
"1123...674",65,0,18,"MP"
"278...675",100,1,19,"MP"
"338...676",100,1,19,"MP"
"437...677",99,1,19,"MP"
"530...678",100,1,19,"MP"
"628...679",73,1,19,"MP"
"728...680",92,1,19,"MP"
"828...681",81,1,19,"MP"
"927...682",99,1,19,"MP"
"1024...683",91,1,19,"MP"
"1124...684",100,1,19,"MP"
"1223...685",63,1,19,"MP"
"1322...686",78,1,19,"MP"
"1422...687",99,1,19,"MP"
"1522...688",100,1,19,"MP"
"1622...689",100,1,19,"MP"
"1722...690",99,1,19,"MP"
"1821...691",99,1,19,"MP"
"1921...692",95,1,19,"MP"
"2021...693",92,1,19,"MP"
"2121...694",100,1,19,"MP"
"2220...695",99,1,19,"MP"
"2315...696",68,1,19,"MP"
"2413...697",80,1,19,"MP"
"2511...698",95,1,19,"MP"
"2610...699",91,1,19,"MP"
"279...700",74,1,19,"MP"
"288...701",56,1,19,"MP"
"297...702",82,1,19,"MP"
"307...703",99,1,19,"MP"
"3113...704",100,1,19,"MP"
"3211...705",88,1,19,"MP"
"339...706",90,1,19,"MP"
"346...707",97,1,19,"MP"
"356...708",97,1,19,"MP"
"366...709",99,1,19,"MP"
"376...710",91,1,19,"MP"
"385...711",80,1,19,"MP"
"395...712",100,1,19,"MP"
"405...713",85,1,19,"MP"
"4112...714",100,1,19,"MP"
"4210...715",100,1,19,"MP"
"438...716",94,1,19,"MP"
"444...717",60,1,19,"MP"
"454...718",65,1,19,"MP"
"464...719",86,1,19,"MP"
"474...720",70,1,19,"MP"
"483...721",70,1,19,"MP"
"493...722",100,1,19,"MP"
"503...723",51,0,19,"MP"
"5111...724",56,0,19,"MP"
"280...725",100,1,20,"MP"
"340...726",99,1,20,"MP"
"439...727",100,1,20,"MP"
"533...728",100,1,20,"MP"
"629...729",95,1,20,"MP"
"729...730",100,1,20,"MP"
"829...731",100,1,20,"MP"
"928...732",69,1,20,"MP"
"1025...733",100,1,20,"MP"
"1125...734",100,1,20,"MP"
"1224...735",61,1,20,"MP"
"1323...736",100,1,20,"MP"
"1423...737",97,1,20,"MP"
"1523...738",82,1,20,"MP"
"1623...739",100,1,20,"MP"
"1723...740",100,1,20,"MP"
"1822...741",98,1,20,"MP"
"1922...742",100,1,20,"MP"
"2022...743",56,1,20,"MP"
"2122...744",100,1,20,"MP"
"2221...745",100,1,20,"MP"
"2316...746",98,1,20,"MP"
"2414...747",100,1,20,"MP"
"2512...748",100,1,20,"MP"
"2611...749",100,1,20,"MP"
"2710...750",97,1,20,"MP"
"289...751",100,1,20,"MP"
"298...752",100,1,20,"MP"
"308...753",100,1,20,"MP"
"3114...754",100,1,20,"MP"
"3212...755",100,1,20,"MP"
"3310...756",100,1,20,"MP"
"347...757",100,1,20,"MP"
"357...758",98,1,20,"MP"
"367...759",100,1,20,"MP"
"377...760",100,1,20,"MP"
"386...761",100,1,20,"MP"
"396...762",99,1,20,"MP"
"406...763",100,1,20,"MP"
"4113...764",55,0,20,"MP"
"4211...765",98,0,20,"MP"
"290...766",100,1,21,"MP"
"348...767",100,1,21,"MP"
"440...768",100,1,21,"MP"
"534...769",100,1,21,"MP"
"630...770",100,1,21,"MP"
"730...771",100,1,21,"MP"
"830...772",98,1,21,"MP"
"929...773",100,1,21,"MP"
"1026...774",100,1,21,"MP"
"1126...775",90,1,21,"MP"
"1225...776",100,1,21,"MP"
"1324...777",99,1,21,"MP"
"1424...778",100,1,21,"MP"
"1524...779",100,1,21,"MP"
"1624...780",100,1,21,"MP"
"1724...781",100,1,21,"MP"
"1823...782",100,1,21,"MP"
"1923...783",93,1,21,"MP"
"2023...784",100,1,21,"MP"
"2123...785",99,1,21,"MP"
"2222...786",96,1,21,"MP"
"2317...787",100,1,21,"MP"
"2415...788",100,1,21,"MP"
"2513...789",100,1,21,"MP"
"2612...790",100,1,21,"MP"
"2711...791",100,1,21,"MP"
"2810...792",100,1,21,"MP"
"299...793",100,1,21,"MP"
"309...794",100,1,21,"MP"
"3115...795",100,1,21,"MP"
"3213...796",100,1,21,"MP"
"2100...797",100,1,22,"MP"
"349...798",100,1,22,"MP"
"445...799",95,1,22,"MP"
"535...800",100,1,22,"MP"
"632...801",100,1,22,"MP"
"732...802",87,1,22,"MP"
"832...803",68,1,22,"MP"
"930...804",100,1,22,"MP"
"1027...805",97,1,22,"MP"
"1127...806",98,1,22,"MP"
"1226...807",64,1,22,"MP"
"1325...808",100,1,22,"MP"
"1425...809",95,1,22,"MP"
"1525...810",92,1,22,"MP"
"1625...811",99,1,22,"MP"
"1725...812",82,1,22,"MP"
"1824...813",58,1,22,"MP"
"1924...814",92,1,22,"MP"
"2024...815",99,1,22,"MP"
"2124...816",77,1,22,"MP"
"2223...817",71,0,22,"MP"
"2101...818",100,1,23,"MP"
"350...819",68,1,23,"MP"
"446...820",99,1,23,"MP"
"536...821",99,1,23,"MP"
"633...822",83,1,23,"MP"
"733...823",99,1,23,"MP"
"833...824",100,1,23,"MP"
"932...825",100,1,23,"MP"
"1028...826",100,1,23,"MP"
"1128...827",50,1,23,"MP"
"1227...828",100,1,23,"MP"
"1326...829",64,1,23,"MP"
"1426...830",56,1,23,"MP"
"1526...831",59,1,23,"MP"
"1626...832",99,1,23,"MP"
"1726...833",100,1,23,"MP"
"1825...834",94,1,23,"MP"
"1925...835",98,1,23,"MP"
"2025...836",86,1,23,"MP"
"2125...837",97,1,23,"MP"
"2224...838",98,1,23,"MP"
"2318...839",50,1,23,"MP"
"2416...840",99,1,23,"MP"
"2514...841",100,1,23,"MP"
"2613...842",100,1,23,"MP"
"2712...843",83,1,23,"MP"
"2811...844",100,1,23,"MP"
"2910...845",98,1,23,"MP"
"3010...846",100,1,23,"MP"
"3116...847",97,1,23,"MP"
"3214...848",94,1,23,"MP"
"3311...849",100,1,23,"MP"
"3410...850",99,1,23,"MP"
"358...851",100,1,23,"MP"
"368...852",100,1,23,"MP"
"2102...853",100,1,24,"MP"
"359...854",100,1,24,"MP"
"447...855",100,1,24,"MP"
"537...856",99,1,24,"MP"
"634...857",83,1,24,"MP"
"734...858",98,1,24,"MP"
"834...859",71,1,24,"MP"
"933...860",84,1,24,"MP"
"1029...861",99,1,24,"MP"
"1129...862",99,1,24,"MP"
"1228...863",99,1,24,"MP"
"1327...864",99,1,24,"MP"
"1427...865",100,1,24,"MP"
"1527...866",97,1,24,"MP"
"1627...867",100,1,24,"MP"
"1727...868",100,1,24,"MP"
"1826...869",62,1,24,"MP"
"1926...870",93,1,24,"MP"
"2026...871",100,1,24,"MP"
"2126...872",98,1,24,"MP"
"2225...873",99,1,24,"MP"
"2319...874",70,1,24,"MP"
"2417...875",99,1,24,"MP"
"2515...876",98,1,24,"MP"
"2614...877",52,0,24,"MP"
"2713...878",59,0,24,"MP"
"2103...879",100,1,25,"MP"
"360...880",100,1,25,"MP"
"448...881",100,1,25,"MP"
"538...882",51,1,25,"MP"
"635...883",88,1,25,"MP"
"735...884",100,1,25,"MP"
"835...885",100,1,25,"MP"
"934...886",100,1,25,"MP"
"1030...887",100,1,25,"MP"
"1130...888",99,1,25,"MP"
"1229...889",100,1,25,"MP"
"1328...890",100,1,25,"MP"
"1428...891",100,1,25,"MP"
"1528...892",89,1,25,"MP"
"1628...893",99,1,25,"MP"
"1728...894",100,1,25,"MP"
"1827...895",100,1,25,"MP"
"1927...896",68,1,25,"MP"
"2027...897",100,1,25,"MP"
"2127...898",100,1,25,"MP"
"2226...899",55,0,25,"MP"
"2320...900",75,0,25,"MP"
"2418...901",91,0,25,"MP"
"2516...902",79,0,25,"MP"
"2104...903",100,1,26,"MP"
"369...904",62,1,26,"MP"
"449...905",63,1,26,"MP"
"539...906",55,0,26,"MP"
"636...907",59,0,26,"MP"
"736...908",50,0,26,"MP"
"2105...909",100,1,27,"MP"
"370...910",100,1,27,"MP"
"450...911",100,1,27,"MP"
"540...912",82,1,27,"MP"
"637...913",99,1,27,"MP"
"737...914",57,1,27,"MP"
"836...915",100,1,27,"MP"
"935...916",93,1,27,"MP"
"1031...917",100,1,27,"MP"
"2106...918",100,1,28,"MP"
"378...919",97,1,28,"MP"
"455...920",100,1,28,"MP"
"543...921",100,1,28,"MP"
"638...922",100,1,28,"MP"
"738...923",100,1,28,"MP"
"837...924",76,1,28,"MP"
"936...925",100,1,28,"MP"
"1032...926",100,1,28,"MP"
"1131...927",89,1,28,"MP"
"1230...928",67,1,28,"MP"
"1329...929",90,1,28,"MP"
"1429...930",100,1,28,"MP"
"1529...931",100,1,28,"MP"
"1629...932",100,1,28,"MP"
"1729...933",93,1,28,"MP"
"1828...934",100,1,28,"MP"
"1928...935",72,1,28,"MP"
"2028...936",77,1,28,"MP"
"2128...937",100,1,28,"MP"
"2227...938",51,0,28,"MP"
"2107...939",100,1,29,"MP"
"379...940",66,1,29,"MP"
"456...941",70,1,29,"MP"
"544...942",85,1,29,"MP"
"639...943",100,1,29,"MP"
"739...944",76,1,29,"MP"
"838...945",84,1,29,"MP"
"937...946",58,1,29,"MP"
"1033...947",100,1,29,"MP"
"1132...948",67,1,29,"MP"
"1231...949",100,1,29,"MP"
"1330...950",98,1,29,"MP"
"1430...951",100,1,29,"MP"
"1530...952",96,1,29,"MP"
"1630...953",99,1,29,"MP"
"1730...954",99,1,29,"MP"
"1829...955",99,1,29,"MP"
"1929...956",100,1,29,"MP"
"2029...957",100,1,29,"MP"
"2129...958",83,1,29,"MP"
"2228...959",76,0,29,"MP"
"2321...960",78,0,29,"MP"
"2419...961",64,0,29,"MP"
"2517...962",78,0,29,"MP"
"2108...963",100,1,30,"MP"
"380...964",99,1,30,"MP"
"457...965",99,1,30,"MP"
"545...966",97,1,30,"MP"
"640...967",56,1,30,"MP"
"740...968",94,1,30,"MP"
"839...969",96,1,30,"MP"
"938...970",95,1,30,"MP"
"1034...971",99,1,30,"MP"
"1133...972",90,1,30,"MP"
"1232...973",96,1,30,"MP"
"1331...974",81,1,30,"MP"
"1431...975",99,1,30,"MP"
"1531...976",99,1,30,"MP"
"1631...977",99,1,30,"MP"
"1731...978",99,1,30,"MP"
"1830...979",91,1,30,"MP"
"1930...980",89,1,30,"MP"
"2030...981",98,1,30,"MP"
"2130...982",53,1,30,"MP"
"2229...983",98,1,30,"MP"
"2322...984",78,1,30,"MP"
"2420...985",76,1,30,"MP"
"2518...986",92,1,30,"MP"
"2615...987",96,1,30,"MP"
"2714...988",96,1,30,"MP"
"2812...989",79,1,30,"MP"
"2911...990",82,1,30,"MP"
"3011...991",100,1,30,"MP"
"3117...992",98,1,30,"MP"
"3215...993",99,1,30,"MP"
"3312...994",99,1,30,"MP"
"3411...995",94,1,30,"MP"
"3510...996",74,1,30,"MP"
"3610...997",100,1,30,"MP"
"3710...998",99,1,30,"MP"
"387...999",94,1,30,"MP"
"397...1000",61,1,30,"MP"
"407...1001",99,1,30,"MP"
"4114...1002",59,1,30,"MP"
"4212...1003",97,1,30,"MP"
"4310...1004",99,1,30,"MP"
"4410...1005",77,1,30,"MP"
"458...1006",73,1,30,"MP"
"465...1007",99,1,30,"MP"
"475...1008",79,1,30,"MP"
"484...1009",71,1,30,"MP"
"494...1010",97,1,30,"MP"
"504...1011",99,1,30,"MP"
"5112...1012",99,1,30,"MP"
"5210...1013",65,1,30,"MP"
"5310...1014",100,1,30,"MP"
"546...1015",75,1,30,"MP"
"553...1016",97,1,30,"MP"
"563...1017",100,1,30,"MP"
"573...1018",99,1,30,"MP"
"583...1019",81,1,30,"MP"
"593...1020",100,1,30,"MP"
"602...1021",100,1,30,"MP"
"6111...1022",92,0,30,"MP"
"6210...1023",58,0,30,"MP"
"6310...1024",65,0,30,"MP"
"642...1025",56,0,30,"MP"
"652...1026",88,0,30,"MP"
"662...1027",58,0,30,"MP"
"2109...1028",100,1,31,"MP"
"388...1029",66,1,31,"MP"
"459...1030",86,1,31,"MP"
"547...1031",95,1,31,"MP"
"643...1032",84,1,31,"MP"
"742...1033",65,1,31,"MP"
"840...1034",66,1,31,"MP"
"939...1035",69,1,31,"MP"
"1035...1036",97,1,31,"MP"
"1134...1037",82,1,31,"MP"
"1233...1038",57,1,31,"MP"
"1332...1039",100,1,31,"MP"
"1432...1040",67,1,31,"MP"
"1532...1041",98,1,31,"MP"
"1632...1042",100,1,31,"MP"
"1732...1043",96,1,31,"MP"
"1831...1044",80,1,31,"MP"
"1931...1045",59,1,31,"MP"
"2031...1046",100,1,31,"MP"
"2131...1047",80,1,31,"MP"
"2230...1048",100,1,31,"MP"
"2323...1049",76,1,31,"MP"
"2421...1050",80,1,31,"MP"
"2519...1051",57,0,31,"MP"
"2616...1052",52,0,31,"MP"
"2132...1053",100,1,32,"MP"
"389...1054",100,1,32,"MP"
"460...1055",99,1,32,"MP"
"548...1056",100,1,32,"MP"
"644...1057",63,1,32,"MP"
"743...1058",100,1,32,"MP"
"842...1059",62,1,32,"MP"
"940...1060",87,1,32,"MP"
"1036...1061",99,1,32,"MP"
"1135...1062",76,1,32,"MP"
"1234...1063",58,1,32,"MP"
"1333...1064",80,1,32,"MP"
"1433...1065",100,1,32,"MP"
"1533...1066",99,1,32,"MP"
"1633...1067",99,1,32,"MP"
"1733...1068",86,1,32,"MP"
"1832...1069",87,1,32,"MP"
"1932...1070",100,1,32,"MP"
"2032...1071",99,1,32,"MP"
"2133...1072",57,1,32,"MP"
"2231...1073",97,1,32,"MP"
"2324...1074",93,1,32,"MP"
"2422...1075",52,1,32,"MP"
"2520...1076",98,1,32,"MP"
"2617...1077",55,1,32,"MP"
"2715...1078",90,1,32,"MP"
"2813...1079",98,1,32,"MP"
"2912...1080",77,1,32,"MP"
"3012...1081",100,1,32,"MP"
"3118...1082",100,1,32,"MP"
"3216...1083",100,1,32,"MP"
"3313...1084",91,1,32,"MP"
"3412...1085",63,0,32,"MP"
"3511...1086",50,0,32,"MP"
"3611...1087",76,0,32,"MP"
"3711...1088",63,0,32,"MP"
"2134...1089",100,1,33,"MP"
"390...1090",99,1,33,"MP"
"466...1091",100,1,33,"MP"
"549...1092",99,1,33,"MP"
"645...1093",72,0,33,"MP"
"2135...1094",100,1,34,"MP"
"398...1095",100,1,34,"MP"
"467...1096",86,1,34,"MP"
"550...1097",91,1,34,"MP"
"646...1098",97,1,34,"MP"
"744...1099",100,1,34,"MP"
"843...1100",100,1,34,"MP"
"942...1101",78,1,34,"MP"
"1037...1102",100,1,34,"MP"
"1136...1103",94,1,34,"MP"
"1235...1104",91,1,34,"MP"
"1334...1105",74,1,34,"MP"
"1434...1106",91,1,34,"MP"
"1534...1107",76,1,34,"MP"
"1634...1108",99,1,34,"MP"
"1734...1109",99,1,34,"MP"
"1833...1110",100,1,34,"MP"
"1933...1111",99,1,34,"MP"
"2033...1112",100,1,34,"MP"
"2136...1113",100,1,34,"MP"
"2232...1114",86,1,34,"MP"
"2325...1115",100,1,34,"MP"
"2423...1116",68,1,34,"MP"
"2521...1117",55,1,34,"MP"
"2618...1118",99,1,34,"MP"
"2716...1119",96,1,34,"MP"
"2814...1120",64,1,34,"MP"
"2913...1121",100,1,34,"MP"
"3013...1122",100,1,34,"MP"
"3119...1123",59,0,34,"MP"
"3217...1124",53,0,34,"MP"
"2137...1125",100,1,35,"MP"
"399...1126",55,1,35,"MP"
"468...1127",100,1,35,"MP"
"554...1128",99,1,35,"MP"
"647...1129",100,1,35,"MP"
"745...1130",93,1,35,"MP"
"844...1131",100,1,35,"MP"
"943...1132",97,1,35,"MP"
"2138...1133",100,1,36,"MP"
"3100...1134",54,1,36,"MP"
"469...1135",56,1,36,"MP"
"555...1136",99,1,36,"MP"
"648...1137",97,1,36,"MP"
"746...1138",61,1,36,"MP"
"845...1139",99,1,36,"MP"
"944...1140",82,1,36,"MP"
"1038...1141",87,1,36,"MP"
"1137...1142",83,1,36,"MP"
"1236...1143",100,1,36,"MP"
"1335...1144",86,1,36,"MP"
"1435...1145",98,1,36,"MP"
"1535...1146",100,1,36,"MP"
"1635...1147",85,1,36,"MP"
"1735...1148",53,0,36,"MP"
"2139...1149",100,1,37,"MP"
"3101...1150",100,1,37,"MP"
"470...1151",91,1,37,"MP"
"556...1152",98,1,37,"MP"
"649...1153",100,1,37,"MP"
"747...1154",100,1,37,"MP"
"846...1155",100,1,37,"MP"
"945...1156",100,1,37,"MP"
"1039...1157",100,1,37,"MP"
"1138...1158",91,1,37,"MP"
"2140...1159",100,1,38,"MP"
"3102...1160",75,1,38,"MP"
"476...1161",89,1,38,"MP"
"557...1162",95,1,38,"MP"
"650...1163",80,1,38,"MP"
"748...1164",99,1,38,"MP"
"847...1165",94,1,38,"MP"
"946...1166",100,1,38,"MP"
"1040...1167",91,1,38,"MP"
"1139...1168",83,1,38,"MP"
"1237...1169",94,1,38,"MP"
"1336...1170",100,1,38,"MP"
"1436...1171",82,1,38,"MP"
"1536...1172",99,1,38,"MP"
"1636...1173",98,1,38,"MP"
"1736...1174",99,1,38,"MP"
"1834...1175",66,1,38,"MP"
"1934...1176",91,1,38,"MP"
"2034...1177",65,1,38,"MP"
"2141...1178",97,1,38,"MP"
"2233...1179",57,1,38,"MP"
"2326...1180",86,1,38,"MP"
"2424...1181",60,1,38,"MP"
"2522...1182",93,1,38,"MP"
"2619...1183",99,1,38,"MP"
"2717...1184",89,1,38,"MP"
"2815...1185",87,1,38,"MP"
"2914...1186",82,1,38,"MP"
"3014...1187",58,1,38,"MP"
"3120...1188",97,1,38,"MP"
"3218...1189",78,1,38,"MP"
"3314...1190",84,1,38,"MP"
"3413...1191",51,1,38,"MP"
"3512...1192",87,0,38,"MP"
"3612...1193",60,0,38,"MP"
"2142...1194",100,1,39,"MP"
"3103...1195",61,1,39,"MP"
"477...1196",78,1,39,"MP"
"558...1197",99,1,39,"MP"
"653...1198",94,1,39,"MP"
"749...1199",76,1,39,"MP"
"848...1200",100,1,39,"MP"
"947...1201",60,1,39,"MP"
"1041...1202",98,1,39,"MP"
"1140...1203",99,1,39,"MP"
"1238...1204",100,1,39,"MP"
"1337...1205",96,1,39,"MP"
"1437...1206",100,1,39,"MP"
"1537...1207",100,1,39,"MP"
"1637...1208",100,1,39,"MP"
"1737...1209",55,0,39,"MP"
"1835...1210",95,0,39,"MP"
"1935...1211",81,0,39,"MP"
"2035...1212",58,0,39,"MP"
"2143...1213",61,0,39,"MP"
"2234...1214",99,0,39,"MP"
"2327...1215",76,0,39,"MP"
"2425...1216",98,0,39,"MP"
"2523...1217",62,0,39,"MP"
"2144...1218",100,1,40,"MP"
"3104...1219",100,1,40,"MP"
"478...1220",100,1,40,"MP"
"559...1221",100,1,40,"MP"
"654...1222",100,1,40,"MP"
"750...1223",100,1,40,"MP"
"849...1224",100,1,40,"MP"
"948...1225",100,1,40,"MP"
"2145...1226",100,1,41,"MP"
"3105...1227",100,1,41,"MP"
"479...1228",100,1,41,"MP"
"560...1229",100,1,41,"MP"
"655...1230",61,1,41,"MP"
"752...1231",100,1,41,"MP"
"850...1232",98,1,41,"MP"
"949...1233",96,1,41,"MP"
"1042...1234",77,1,41,"MP"
"1141...1235",99,1,41,"MP"
"1239...1236",58,1,41,"MP"
"1338...1237",81,1,41,"MP"
"1438...1238",52,1,41,"MP"
"1538...1239",99,1,41,"MP"
"1638...1240",100,1,41,"MP"
"1738...1241",96,1,41,"MP"
"1836...1242",71,1,41,"MP"
"1936...1243",71,1,41,"MP"
"2036...1244",99,1,41,"MP"
"2146...1245",99,1,41,"MP"
"2235...1246",64,1,41,"MP"
"2328...1247",91,1,41,"MP"
"2426...1248",72,1,41,"MP"
"2524...1249",99,1,41,"MP"
"2620...1250",67,1,41,"MP"
"2718...1251",99,1,41,"MP"
"2816...1252",61,1,41,"MP"
"2915...1253",79,1,41,"MP"
"3015...1254",100,1,41,"MP"
"3121...1255",91,1,41,"MP"
"3219...1256",63,1,41,"MP"
"3315...1257",99,1,41,"MP"
"3414...1258",67,1,41,"MP"
"3513...1259",50,1,41,"MP"
"3613...1260",100,1,41,"MP"
"2147...1261",100,1,42,"MP"
"3106...1262",100,1,42,"MP"
"480...1263",65,1,42,"MP"
"564...1264",100,1,42,"MP"
"656...1265",67,1,42,"MP"
"753...1266",98,1,42,"MP"
"852...1267",99,1,42,"MP"
"950...1268",73,1,42,"MP"
"1043...1269",66,1,42,"MP"
"1142...1270",99,1,42,"MP"
"1240...1271",96,1,42,"MP"
"1339...1272",79,1,42,"MP"
"1439...1273",51,1,42,"MP"
"1539...1274",59,1,42,"MP"
"1639...1275",100,1,42,"MP"
"1739...1276",99,1,42,"MP"
"1837...1277",95,1,42,"MP"
"1937...1278",99,1,42,"MP"
"2037...1279",89,1,42,"MP"
"2148...1280",98,1,42,"MP"
"2236...1281",94,1,42,"MP"
"2329...1282",100,1,42,"MP"
"2427...1283",99,1,42,"MP"
"2525...1284",99,1,42,"MP"
"2621...1285",58,0,42,"MP"
"2719...1286",60,0,42,"MP"
"2817...1287",60,0,42,"MP"
"2149...1288",100,1,43,"MP"
"3107...1289",100,1,43,"MP"
"485...1290",99,1,43,"MP"
"565...1291",87,1,43,"MP"
"657...1292",50,1,43,"MP"
"754...1293",75,1,43,"MP"
"853...1294",62,1,43,"MP"
"952...1295",77,1,43,"MP"
"1044...1296",98,1,43,"MP"
"1143...1297",86,1,43,"MP"
"1241...1298",56,1,43,"MP"
"1340...1299",57,1,43,"MP"
"1440...1300",70,1,43,"MP"
"1540...1301",92,1,43,"MP"
"1640...1302",87,1,43,"MP"
"1740...1303",84,1,43,"MP"
"1838...1304",81,1,43,"MP"
"1938...1305",99,1,43,"MP"
"2038...1306",92,1,43,"MP"
"2150...1307",96,1,43,"MP"
"2237...1308",100,1,43,"MP"
"2330...1309",63,1,43,"MP"
"2428...1310",82,1,43,"MP"
"2526...1311",55,1,43,"MP"
"2622...1312",91,1,43,"MP"
"2720...1313",84,1,43,"MP"
"2818...1314",53,1,43,"MP"
"2916...1315",68,1,43,"MP"
"3016...1316",54,1,43,"MP"
"3122...1317",51,1,43,"MP"
"3220...1318",89,1,43,"MP"
"3316...1319",99,1,43,"MP"
"3415...1320",100,1,43,"MP"
"3514...1321",96,1,43,"MP"
"3614...1322",100,1,43,"MP"
"3712...1323",99,1,43,"MP"
"3810...1324",72,1,43,"MP"
"3910...1325",96,1,43,"MP"
"408...1326",74,1,43,"MP"
"4115...1327",88,1,43,"MP"
"4213...1328",83,1,43,"MP"
"4311...1329",100,1,43,"MP"
"4411...1330",100,1,43,"MP"
"4510...1331",68,0,43,"MP"
"4610...1332",73,0,43,"MP"
"4710...1333",61,0,43,"MP"
"486...1334",54,0,43,"MP"
"495...1335",65,0,43,"MP"
"505...1336",61,0,43,"MP"
"5113...1337",54,0,43,"MP"
"5211...1338",60,0,43,"MP"
"5311...1339",68,0,43,"MP"
"2151...1340",100,1,44,"MP"
"3108...1341",100,1,44,"MP"
"487...1342",87,1,44,"MP"
"566...1343",98,1,44,"MP"
"658...1344",57,1,44,"MP"
"755...1345",85,1,44,"MP"
"854...1346",85,1,44,"MP"
"953...1347",86,1,44,"MP"
"1045...1348",86,1,44,"MP"
"1144...1349",53,1,44,"MP"
"1242...1350",99,1,44,"MP"
"1341...1351",81,1,44,"MP"
"1441...1352",65,1,44,"MP"
"1541...1353",95,1,44,"MP"
"1641...1354",99,1,44,"MP"
"1741...1355",99,1,44,"MP"
"1839...1356",50,1,44,"MP"
"1939...1357",50,0,44,"MP"
"2039...1358",79,0,44,"MP"
"2152...1359",69,0,44,"MP"
"2238...1360",74,0,44,"MP"
"2331...1361",63,0,44,"MP"
"2429...1362",53,0,44,"MP"
"2153...1363",100,1,45,"MP"
"3109...1364",100,1,45,"MP"
"488...1365",96,1,45,"MP"
"567...1366",72,1,45,"MP"
"659...1367",60,1,45,"MP"
"756...1368",95,1,45,"MP"
"855...1369",98,1,45,"MP"
"954...1370",54,1,45,"MP"
"1046...1371",98,1,45,"MP"
"1145...1372",84,1,45,"MP"
"1243...1373",89,1,45,"MP"
"1342...1374",71,1,45,"MP"
"1442...1375",100,1,45,"MP"
"1542...1376",100,1,45,"MP"
"1642...1377",77,1,45,"MP"
"1742...1378",72,1,45,"MP"
"1840...1379",85,1,45,"MP"
"1940...1380",99,1,45,"MP"
"2040...1381",95,1,45,"MP"
"2154...1382",99,1,45,"MP"
"2239...1383",99,1,45,"MP"
"2332...1384",91,1,45,"MP"
"2430...1385",66,1,45,"MP"
"2527...1386",88,1,45,"MP"
"2623...1387",69,1,45,"MP"
"2721...1388",57,1,45,"MP"
"2819...1389",90,1,45,"MP"
"2917...1390",100,1,45,"MP"
"3017...1391",85,1,45,"MP"
"3123...1392",87,1,45,"MP"
"3221...1393",81,1,45,"MP"
"3317...1394",82,1,45,"MP"
"3416...1395",100,1,45,"MP"
"3515...1396",97,1,45,"MP"
"3615...1397",98,1,45,"MP"
"3713...1398",100,1,45,"MP"
"3811...1399",78,1,45,"MP"
"3911...1400",99,1,45,"MP"
"409...1401",99,1,45,"MP"
"4116...1402",100,1,45,"MP"
"4214...1403",89,1,45,"MP"
"4312...1404",99,1,45,"MP"
"4412...1405",88,1,45,"MP"
"4511...1406",95,1,45,"MP"
"4611...1407",95,1,45,"MP"
"4711...1408",87,1,45,"MP"
"489...1409",95,1,45,"MP"
"496...1410",98,1,45,"MP"
"506...1411",98,1,45,"MP"
"5114...1412",95,1,45,"MP"
"5212...1413",66,1,45,"MP"
"5312...1414",99,1,45,"MP"
"5410...1415",99,1,45,"MP"
"5510...1416",100,1,45,"MP"
"568...1417",95,1,45,"MP"
"574...1418",68,1,45,"MP"
"584...1419",79,1,45,"MP"
"594...1420",73,1,45,"MP"
"603...1421",64,1,45,"MP"
"6112...1422",87,1,45,"MP"
"6211...1423",99,1,45,"MP"
"6311...1424",90,1,45,"MP"
"6410...1425",80,1,45,"MP"
"6510...1426",95,1,45,"MP"
"663...1427",100,1,45,"MP"
"672...1428",56,1,45,"MP"
"682...1429",87,1,45,"MP"
"692...1430",99,1,45,"MP"
"702...1431",99,1,45,"MP"
"7111...1432",100,1,45,"MP"
"7210...1433",99,1,45,"MP"
"7310...1434",98,1,45,"MP"
"7410...1435",76,1,45,"MP"
"757...1436",80,1,45,"MP"
"762...1437",99,1,45,"MP"
"772...1438",63,1,45,"MP"
"782...1439",95,1,45,"MP"
"792...1440",100,1,45,"MP"
"802...1441",100,1,45,"MP"
"8111...1442",100,1,45,"MP"
"8210...1443",90,1,45,"MP"
"8310...1444",51,1,45,"MP"
"8410...1445",97,1,45,"MP"
"856...1446",96,1,45,"MP"
"862...1447",61,1,45,"MP"
"872...1448",81,1,45,"MP"
"882...1449",68,1,45,"MP"
"892...1450",81,1,45,"MP"
"902...1451",83,1,45,"MP"
"9110...1452",90,1,45,"MP"
"9210...1453",99,1,45,"MP"
"9310...1454",74,1,45,"MP"
"9410...1455",74,1,45,"MP"
"955...1456",99,1,45,"MP"
"962...1457",72,1,45,"MP"
"971...1458",100,1,45,"MP"
"981...1459",52,0,45,"MP"
"991...1460",50,0,45,"MP"
"2155...1461",100,1,46,"MP"
"3124...1462",77,1,46,"MP"
"490...1463",67,1,46,"MP"
"569...1464",80,1,46,"MP"
"660...1465",79,1,46,"MP"
"758...1466",87,1,46,"MP"
"857...1467",87,1,46,"MP"
"956...1468",69,1,46,"MP"
"1047...1469",86,1,46,"MP"
"1146...1470",100,1,46,"MP"
"1244...1471",54,1,46,"MP"
"1343...1472",99,1,46,"MP"
"1443...1473",62,1,46,"MP"
"1543...1474",86,1,46,"MP"
"1643...1475",74,1,46,"MP"
"1743...1476",75,1,46,"MP"
"1841...1477",86,1,46,"MP"
"1941...1478",90,1,46,"MP"
"2041...1479",91,1,46,"MP"
"2156...1480",88,1,46,"MP"
"2240...1481",100,1,46,"MP"
"2333...1482",100,1,46,"MP"
"2431...1483",99,1,46,"MP"
"2528...1484",100,1,46,"MP"
"2624...1485",66,1,46,"MP"
"2722...1486",52,1,46,"MP"
"2820...1487",100,1,46,"MP"
"2918...1488",100,1,46,"MP"
"3018...1489",61,1,46,"MP"
"3125...1490",79,1,46,"MP"
"3222...1491",68,1,46,"MP"
"3318...1492",100,1,46,"MP"
"3417...1493",100,1,46,"MP"
"3516...1494",100,1,46,"MP"
"3616...1495",77,1,46,"MP"
"3714...1496",74,1,46,"MP"
"3812...1497",100,1,46,"MP"
"3912...1498",100,1,46,"MP"
"4010...1499",100,1,46,"MP"
"4117...1500",66,1,46,"MP"
"4215...1501",95,1,46,"MP"
"4313...1502",100,1,46,"MP"
"4413...1503",100,1,46,"MP"
"4512...1504",100,1,46,"MP"
"4612...1505",85,1,46,"MP"
"4712...1506",100,1,46,"MP"
"4810...1507",100,1,46,"MP"
"497...1508",100,1,46,"MP"
"507...1509",95,1,46,"MP"
"5115...1510",94,1,46,"MP"
"5213...1511",87,1,46,"MP"
"5313...1512",100,1,46,"MP"
"5411...1513",53,1,46,"MP"
"5511...1514",58,1,46,"MP"
"5610...1515",79,1,46,"MP"
"575...1516",100,1,46,"MP"
"585...1517",61,1,46,"MP"
"595...1518",100,1,46,"MP"
"604...1519",100,1,46,"MP"
"6113...1520",100,1,46,"MP"
"6212...1521",100,1,46,"MP"
"6312...1522",80,1,46,"MP"
"6411...1523",100,1,46,"MP"
"6511...1524",100,1,46,"MP"
"664...1525",76,1,46,"MP"
"673...1526",100,1,46,"MP"
"683...1527",99,1,46,"MP"
"693...1528",99,1,46,"MP"
"703...1529",70,1,46,"MP"
"7112...1530",62,1,46,"MP"
"7211...1531",71,1,46,"MP"
"7311...1532",68,1,46,"MP"
"7411...1533",65,1,46,"MP"
"759...1534",60,0,46,"MP"
"2157...1535",100,1,47,"MP"
"3126...1536",99,1,47,"MP"
"498...1537",100,1,47,"MP"
"570...1538",71,1,47,"MP"
"665...1539",77,1,47,"MP"
"760...1540",65,1,47,"MP"
"858...1541",68,1,47,"MP"
"957...1542",100,1,47,"MP"
"1048...1543",98,1,47,"MP"
"1147...1544",97,1,47,"MP"
"1245...1545",98,1,47,"MP"
"1344...1546",100,1,47,"MP"
"1444...1547",82,1,47,"MP"
"1544...1548",98,1,47,"MP"
"1644...1549",58,1,47,"MP"
"1744...1550",100,1,47,"MP"
"1842...1551",68,1,47,"MP"
"1942...1552",75,1,47,"MP"
"2042...1553",100,1,47,"MP"
"2158...1554",100,1,47,"MP"
"2241...1555",100,1,47,"MP"
"2334...1556",64,1,47,"MP"
"2432...1557",100,1,47,"MP"
"2529...1558",78,1,47,"MP"
"2625...1559",94,1,47,"MP"
"2723...1560",100,1,47,"MP"
"2821...1561",81,1,47,"MP"
"2919...1562",88,1,47,"MP"
"3019...1563",85,1,47,"MP"
"3127...1564",84,1,47,"MP"
"3223...1565",66,1,47,"MP"
"3319...1566",75,1,47,"MP"
"3418...1567",99,1,47,"MP"
"3517...1568",55,1,47,"MP"
"3617...1569",67,1,47,"MP"
"3715...1570",100,1,47,"MP"
"3813...1571",99,1,47,"MP"
"3913...1572",90,1,47,"MP"
"4011...1573",99,1,47,"MP"
"4118...1574",57,1,47,"MP"
"4216...1575",85,1,47,"MP"
"4314...1576",99,1,47,"MP"
"4414...1577",94,1,47,"MP"
"4513...1578",75,1,47,"MP"
"4613...1579",68,1,47,"MP"
"4713...1580",100,1,47,"MP"
"4811...1581",100,1,47,"MP"
"499...1582",51,0,47,"MP"
"2159...1583",100,1,48,"MP"
"3128...1584",84,1,48,"MP"
"4100...1585",77,1,48,"MP"
"576...1586",100,1,48,"MP"
"666...1587",98,1,48,"MP"
"763...1588",99,1,48,"MP"
"859...1589",97,1,48,"MP"
"958...1590",100,1,48,"MP"
"1049...1591",99,1,48,"MP"
"1148...1592",97,1,48,"MP"
"1246...1593",97,1,48,"MP"
"1345...1594",60,1,48,"MP"
"1445...1595",100,1,48,"MP"
"1545...1596",79,1,48,"MP"
"1645...1597",99,1,48,"MP"
"1745...1598",100,1,48,"MP"
"1843...1599",99,1,48,"MP"
"1943...1600",85,1,48,"MP"
"2043...1601",99,1,48,"MP"
"2160...1602",96,1,48,"MP"
"2242...1603",100,1,48,"MP"
"2335...1604",86,1,48,"MP"
"2433...1605",100,1,48,"MP"
"2530...1606",100,1,48,"MP"
"2626...1607",98,1,48,"MP"
"2724...1608",62,1,48,"MP"
"2822...1609",85,1,48,"MP"
"2920...1610",100,1,48,"MP"
"3020...1611",97,1,48,"MP"
"3129...1612",100,1,48,"MP"
"3224...1613",100,1,48,"MP"
"3320...1614",99,1,48,"MP"
"3419...1615",100,1,48,"MP"
"3518...1616",100,1,48,"MP"
"3618...1617",100,1,48,"MP"
"3716...1618",100,1,48,"MP"
"3814...1619",100,1,48,"MP"
"3914...1620",100,1,48,"MP"
"4012...1621",100,1,48,"MP"
"4119...1622",100,1,48,"MP"
"4217...1623",99,1,48,"MP"
"2161...1624",100,1,49,"MP"
"3130...1625",92,1,49,"MP"
"4101...1626",95,1,49,"MP"
"577...1627",53,1,49,"MP"
"667...1628",71,1,49,"MP"
"764...1629",100,1,49,"MP"
"860...1630",100,1,49,"MP"
"959...1631",100,1,49,"MP"
"1050...1632",87,1,49,"MP"
"1149...1633",100,1,49,"MP"
"1247...1634",100,1,49,"MP"
"1346...1635",86,1,49,"MP"
"1446...1636",100,1,49,"MP"
"1546...1637",99,1,49,"MP"
"1646...1638",100,1,49,"MP"
"1746...1639",53,1,49,"MP"
"1844...1640",100,1,49,"MP"
"1944...1641",99,1,49,"MP"
"2044...1642",100,1,49,"MP"
"2162...1643",99,1,49,"MP"
"2243...1644",99,1,49,"MP"
"2336...1645",99,1,49,"MP"
"2434...1646",98,1,49,"MP"
"2531...1647",98,1,49,"MP"
"2627...1648",70,1,49,"MP"
"2725...1649",100,1,49,"MP"
"2823...1650",100,1,49,"MP"
"2921...1651",85,1,49,"MP"
"3021...1652",84,1,49,"MP"
"3131...1653",98,1,49,"MP"
"3225...1654",100,1,49,"MP"
"2163...1655",100,1,50,"MP"
"3132...1656",86,1,50,"MP"
"4102...1657",71,1,50,"MP"
"578...1658",64,1,50,"MP"
"668...1659",63,1,50,"MP"
"765...1660",94,1,50,"MP"
"863...1661",82,1,50,"MP"
"960...1662",96,1,50,"MP"
"1051...1663",100,1,50,"MP"
"1150...1664",60,1,50,"MP"
"1248...1665",98,1,50,"MP"
"1347...1666",100,1,50,"MP"
"1447...1667",90,1,50,"MP"
"1547...1668",94,1,50,"MP"
"1647...1669",54,1,50,"MP"
"1747...1670",97,1,50,"MP"
"1845...1671",92,1,50,"MP"
"1945...1672",99,1,50,"MP"
"2045...1673",98,1,50,"MP"
"2164...1674",98,1,50,"MP"
"2244...1675",100,1,50,"MP"
"2337...1676",100,1,50,"MP"
"2435...1677",57,1,50,"MP"
"2532...1678",67,1,50,"MP"
"2628...1679",93,1,50,"MP"
"2726...1680",100,1,50,"MP"
"2824...1681",57,1,50,"MP"
"2922...1682",99,1,50,"MP"
"3022...1683",99,1,50,"MP"
"3133...1684",85,1,50,"MP"
"3226...1685",98,1,50,"MP"
"3321...1686",77,1,50,"MP"
"3420...1687",99,1,50,"MP"
"3519...1688",58,1,50,"MP"
"3619...1689",99,1,50,"MP"
"3717...1690",50,1,50,"MP"
"3815...1691",64,1,50,"MP"
"3915...1692",71,1,50,"MP"
"4013...1693",98,1,50,"MP"
"4120...1694",55,1,50,"MP"
"4218...1695",98,1,50,"MP"
"4315...1696",99,1,50,"MP"
"4415...1697",60,1,50,"MP"
"4514...1698",98,1,50,"MP"
"4614...1699",100,1,50,"MP"
"4714...1700",99,1,50,"MP"
"4812...1701",100,1,50,"MP"
"4910...1702",100,1,50,"MP"
"508...1703",57,1,50,"MP"
"5116...1704",73,1,50,"MP"
"5214...1705",95,1,50,"MP"
"5314...1706",89,1,50,"MP"
"5412...1707",99,1,50,"MP"
"5512...1708",100,1,50,"MP"
"5611...1709",99,1,50,"MP"
"579...1710",100,1,50,"MP"
"586...1711",98,1,50,"MP"
"596...1712",85,1,50,"MP"
"605...1713",82,1,50,"MP"
"6114...1714",90,1,50,"MP"
"6213...1715",93,1,50,"MP"
"6313...1716",99,1,50,"MP"
"6412...1717",99,1,50,"MP"
"6512...1718",99,1,50,"MP"
"669...1719",99,1,50,"MP"
"674...1720",54,1,50,"MP"
"684...1721",100,1,50,"MP"
"694...1722",100,1,50,"MP"
"704...1723",61,1,50,"MP"
"7113...1724",100,1,50,"MP"
"7212...1725",62,1,50,"MP"
"7312...1726",87,1,50,"MP"
"7412...1727",95,1,50,"MP"
"7510...1728",54,1,50,"MP"
"766...1729",54,1,50,"MP"
"773...1730",100,1,50,"MP"
"783...1731",99,1,50,"MP"
"793...1732",99,1,50,"MP"
"803...1733",100,1,50,"MP"
"8112...1734",89,1,50,"MP"
"8211...1735",100,1,50,"MP"
"8311...1736",85,1,50,"MP"
"8411...1737",100,1,50,"MP"
"8510...1738",100,1,50,"MP"
"864...1739",94,1,50,"MP"
"873...1740",66,1,50,"MP"
"883...1741",83,1,50,"MP"
"893...1742",100,1,50,"MP"
"903...1743",81,1,50,"MP"
"9111...1744",99,1,50,"MP"
"9211...1745",98,1,50,"MP"
"9311...1746",88,1,50,"MP"
"9411...1747",100,1,50,"MP"
"9510...1748",100,1,50,"MP"
"963...1749",100,1,50,"MP"
"972...1750",99,1,50,"MP"
"982...1751",99,1,50,"MP"
"992...1752",100,1,50,"MP"
"1001...1753",100,1,50,"MP"
"10110...1754",100,1,50,"MP"
"10210...1755",100,1,50,"MP"
"10310...1756",97,1,50,"MP"
"10410...1757",100,1,50,"MP"
"1052...1758",100,1,50,"MP"
"1061...1759",100,1,50,"MP"
"1071...1760",93,1,50,"MP"
"1081...1761",100,1,50,"MP"
"1091...1762",100,1,50,"MP"
"1101...1763",100,1,50,"MP"
"11110...1764",100,1,50,"MP"
"11210...1765",100,1,50,"MP"
"11310...1766",100,1,50,"MP"
"11410...1767",99,1,50,"MP"
"1151...1768",100,1,50,"MP"
"1161...1769",58,1,50,"MP"
"1171...1770",97,1,50,"MP"
"1181...1771",100,1,50,"MP"
"1191...1772",100,1,50,"MP"
"1201...1773",96,1,50,"MP"
"12110...1774",98,1,50,"MP"
"12210...1775",100,1,50,"MP"
"12310...1776",100,1,50,"MP"
"1249...1777",90,1,50,"MP"
"1251...1778",77,1,50,"MP"
"1261...1779",66,1,50,"MP"
"1271...1780",69,1,50,"MP"
"1281...1781",99,1,50,"MP"
"1291...1782",100,1,50,"MP"
"1301...1783",62,1,50,"MP"
"13110...1784",92,1,50,"MP"
"13210...1785",99,1,50,"MP"
"13310...1786",99,1,50,"MP"
"1348...1787",51,1,50,"MP"
"1351...1788",78,1,50,"MP"
"1361...1789",58,1,50,"MP"
"1371...1790",81,1,50,"MP"
"1381...1791",83,1,50,"MP"
"1391...1792",98,1,50,"MP"
"1401...1793",84,1,50,"MP"
"14110...1794",99,1,50,"MP"
"14210...1795",60,1,50,"MP"
"14310...1796",71,1,50,"MP"
"1448...1797",62,1,50,"MP"
"1451...1798",64,1,50,"MP"
"1461...1799",82,1,50,"MP"
"1471...1800",52,1,50,"MP"
"1481...1801",98,1,50,"MP"
"1491...1802",92,1,50,"MP"
"1501...1803",98,1,50,"MP"
"15110...1804",76,1,50,"MP"
"15210...1805",99,1,50,"MP"
"15310...1806",77,1,50,"MP"
"1548...1807",98,1,50,"MP"
"1551...1808",98,1,50,"MP"
"1561...1809",100,1,50,"MP"
"1571...1810",65,1,50,"MP"
"1581...1811",99,1,50,"MP"
"1591...1812",97,1,50,"MP"
"1601...1813",84,1,50,"MP"
"16110...1814",94,1,50,"MP"
"16210...1815",85,1,50,"MP"
"16310...1816",95,1,50,"MP"
"1648...1817",98,1,50,"MP"
"1651...1818",82,1,50,"MP"
"1661...1819",62,1,50,"MP"
"1671...1820",51,1,50,"MP"
"1681...1821",63,1,50,"MP"
"1691...1822",100,1,50,"MP"
"1701...1823",94,1,50,"MP"
"17110...1824",85,1,50,"MP"
"17210...1825",96,1,50,"MP"
"17310...1826",78,1,50,"MP"
"1748...1827",65,1,50,"MP"
"1751...1828",79,1,50,"MP"
"1761...1829",88,1,50,"MP"
"1771...1830",69,1,50,"MP"
"1781...1831",100,1,50,"MP"
"1791...1832",61,1,50,"MP"
"1801...1833",100,1,50,"MP"
"18110...1834",100,1,50,"MP"
"18210...1835",100,1,50,"MP"
"18310...1836",58,1,50,"MP"
"1846...1837",88,1,50,"MP"
"1851...1838",99,1,50,"MP"
"1861...1839",100,1,50,"MP"
"1871...1840",92,1,50,"MP"
"1881...1841",96,1,50,"MP"
"1891...1842",76,1,50,"MP"
"1901...1843",84,1,50,"MP"
"191...1844",100,1,50,"MP"
"192...1845",100,1,50,"MP"
"193...1846",99,1,50,"MP"
"194...1847",64,1,50,"MP"
"195...1848",79,1,50,"MP"
"196...1849",100,1,50,"MP"
"197...1850",85,1,50,"MP"
"198...1851",99,1,50,"MP"
"199...1852",100,1,50,"MP"
"200...1853",100,1,50,"MP"
"201...1854",98,1,50,"MP"
"202...1855",89,1,50,"MP"
"203...1856",100,1,50,"MP"
"204...1857",77,1,50,"MP"
"205...1858",100,1,50,"MP"
"206...1859",100,1,50,"MP"
"207...1860",89,1,50,"MP"
"208...1861",99,1,50,"MP"
"209...1862",68,1,50,"MP"
"210...1863",80,1,50,"MP"
"211...1864",61,1,50,"MP"
"212...1865",100,1,50,"MP"
"213...1866",100,1,50,"MP"
"214...1867",100,1,50,"MP"
"215...1868",67,0,50,"MP"
"216...1869",52,0,50,"MP"
"2165...1870",100,1,51,"MP"
"3134...1871",100,1,51,"MP"
"4103...1872",100,1,51,"MP"
"580...1873",100,1,51,"MP"
"670...1874",100,1,51,"MP"
"767...1875",99,1,51,"MP"
"865...1876",100,1,51,"MP"
"964...1877",100,1,51,"MP"
"1053...1878",100,1,51,"MP"
"1152...1879",99,1,51,"MP"
"1250...1880",99,1,51,"MP"
"1349...1881",100,1,51,"MP"
"1449...1882",100,1,51,"MP"
"1549...1883",100,1,51,"MP"
"1649...1884",99,1,51,"MP"
"1749...1885",99,1,51,"MP"
"1847...1886",99,1,51,"MP"
"1946...1887",100,1,51,"MP"
"2046...1888",97,1,51,"MP"
"2166...1889",99,1,51,"MP"
"2245...1890",99,1,51,"MP"
"2338...1891",96,1,51,"MP"
"2436...1892",96,1,51,"MP"
"2533...1893",70,1,51,"MP"
"2629...1894",96,1,51,"MP"
"2727...1895",72,1,51,"MP"
"2825...1896",73,1,51,"MP"
"2923...1897",73,1,51,"MP"
"3023...1898",100,1,51,"MP"
"3135...1899",100,1,51,"MP"
"3227...1900",82,1,51,"MP"
"3322...1901",84,1,51,"MP"
"3421...1902",100,1,51,"MP"
"3520...1903",100,1,51,"MP"
"3620...1904",100,1,51,"MP"
"3718...1905",99,1,51,"MP"
"3816...1906",100,1,51,"MP"
"3916...1907",100,1,51,"MP"
"4014...1908",100,1,51,"MP"
"4121...1909",100,1,51,"MP"
"4219...1910",100,1,51,"MP"
"4316...1911",65,1,51,"MP"
"4416...1912",78,1,51,"MP"
"4515...1913",100,1,51,"MP"
"4615...1914",100,1,51,"MP"
"4715...1915",100,1,51,"MP"
"4813...1916",100,1,51,"MP"
"4911...1917",100,1,51,"MP"
"509...1918",100,1,51,"MP"
"5117...1919",99,1,51,"MP"
"5215...1920",100,1,51,"MP"
"5315...1921",99,1,51,"MP"
"5413...1922",98,1,51,"MP"
"5513...1923",98,1,51,"MP"
"5612...1924",94,1,51,"MP"
"5710...1925",64,1,51,"MP"
"587...1926",70,1,51,"MP"
"597...1927",56,1,51,"MP"
"606...1928",100,1,51,"MP"
"6115...1929",98,1,51,"MP"
"6214...1930",99,1,51,"MP"
"6314...1931",84,1,51,"MP"
"6413...1932",98,1,51,"MP"
"6513...1933",95,1,51,"MP"
"6610...1934",96,1,51,"MP"
"675...1935",99,1,51,"MP"
"685...1936",99,1,51,"MP"
"695...1937",99,1,51,"MP"
"705...1938",100,1,51,"MP"
"7114...1939",100,1,51,"MP"
"7213...1940",100,1,51,"MP"
"7313...1941",99,1,51,"MP"
"7413...1942",99,1,51,"MP"
"7511...1943",66,1,51,"MP"
"768...1944",100,1,51,"MP"
"774...1945",66,1,51,"MP"
"784...1946",62,1,51,"MP"
"794...1947",66,1,51,"MP"
"804...1948",80,1,51,"MP"
"8113...1949",84,1,51,"MP"
"8212...1950",97,1,51,"MP"
"8312...1951",100,1,51,"MP"
"8412...1952",100,1,51,"MP"
"8511...1953",100,1,51,"MP"
"866...1954",100,1,51,"MP"
"874...1955",76,1,51,"MP"
"884...1956",100,1,51,"MP"
"894...1957",100,1,51,"MP"
"904...1958",100,1,51,"MP"
"9112...1959",100,1,51,"MP"
"9212...1960",100,1,51,"MP"
"9312...1961",100,1,51,"MP"
"9412...1962",100,1,51,"MP"
"9511...1963",100,1,51,"MP"
"965...1964",54,1,51,"MP"
"973...1965",100,1,51,"MP"
"983...1966",100,1,51,"MP"
"993...1967",100,1,51,"MP"
"1002...1968",100,1,51,"MP"
"10111...1969",63,1,51,"MP"
"10211...1970",72,1,51,"MP"
"10311...1971",97,1,51,"MP"
"10411...1972",100,1,51,"MP"
"1054...1973",81,1,51,"MP"
"1062...1974",100,1,51,"MP"
"1072...1975",100,1,51,"MP"
"1082...1976",99,1,51,"MP"
"1092...1977",94,1,51,"MP"
"1102...1978",94,1,51,"MP"
"11111...1979",100,1,51,"MP"
"11211...1980",100,1,51,"MP"
"11311...1981",99,1,51,"MP"
"11411...1982",100,1,51,"MP"
"1153...1983",100,1,51,"MP"
"1162...1984",100,1,51,"MP"
"1172...1985",99,1,51,"MP"
"1182...1986",100,1,51,"MP"
"1192...1987",99,1,51,"MP"
"1202...1988",100,1,51,"MP"
"12111...1989",100,1,51,"MP"
"12211...1990",100,1,51,"MP"
"12311...1991",100,1,51,"MP"
"12410...1992",100,1,51,"MP"
"1252...1993",100,1,51,"MP"
"1262...1994",100,1,51,"MP"
"1272...1995",95,1,51,"MP"
"1282...1996",100,1,51,"MP"
"1292...1997",100,1,51,"MP"
"1302...1998",98,1,51,"MP"
"13111...1999",99,1,51,"MP"
"13211...2000",100,1,51,"MP"
"13311...2001",100,1,51,"MP"
"13410...2002",100,1,51,"MP"
"1352...2003",100,1,51,"MP"
"1362...2004",100,1,51,"MP"
"1372...2005",100,1,51,"MP"
"1382...2006",100,1,51,"MP"
"1392...2007",52,1,51,"MP"
"1402...2008",100,1,51,"MP"
"14111...2009",100,1,51,"MP"
"14211...2010",100,1,51,"MP"
"14311...2011",100,1,51,"MP"
"14410...2012",100,1,51,"MP"
"1452...2013",100,1,51,"MP"
"1462...2014",100,1,51,"MP"
"1472...2015",100,1,51,"MP"
"1482...2016",100,1,51,"MP"
"1492...2017",100,1,51,"MP"
"1502...2018",100,1,51,"MP"
"15111...2019",100,1,51,"MP"
"15211...2020",100,1,51,"MP"
"15311...2021",88,1,51,"MP"
"15410...2022",100,1,51,"MP"
"1552...2023",100,1,51,"MP"
"1562...2024",99,1,51,"MP"
"1572...2025",100,1,51,"MP"
"1582...2026",98,1,51,"MP"
"1592...2027",100,1,51,"MP"
"1602...2028",99,1,51,"MP"
"16111...2029",100,1,51,"MP"
"16211...2030",100,1,51,"MP"
"16311...2031",87,1,51,"MP"
"16410...2032",100,1,51,"MP"
"1652...2033",100,1,51,"MP"
"1662...2034",94,1,51,"MP"
"1672...2035",100,1,51,"MP"
"1682...2036",100,1,51,"MP"
"1692...2037",98,1,51,"MP"
"1702...2038",100,1,51,"MP"
"17111...2039",100,1,51,"MP"
"17211...2040",100,1,51,"MP"
"17311...2041",99,1,51,"MP"
"17410...2042",100,1,51,"MP"
"1752...2043",100,1,51,"MP"
"1762...2044",99,1,51,"MP"
"1772...2045",99,1,51,"MP"
"1782...2046",100,1,51,"MP"
"1792...2047",100,1,51,"MP"
"1802...2048",100,1,51,"MP"
"18111...2049",100,1,51,"MP"
"18211...2050",72,1,51,"MP"
"18311...2051",99,1,51,"MP"
"1848...2052",100,1,51,"MP"
"1852...2053",100,1,51,"MP"
"1862...2054",89,1,51,"MP"
"1872...2055",71,1,51,"MP"
"1882...2056",100,1,51,"MP"
"1892...2057",72,1,51,"MP"
"1902...2058",100,1,51,"MP"
"19110...2059",100,1,51,"MP"
"19210...2060",99,1,51,"MP"
"19310...2061",99,1,51,"MP"
"1947...2062",99,1,51,"MP"
"1951...2063",100,1,51,"MP"
"1961...2064",100,1,51,"MP"
"1971...2065",100,1,51,"MP"
"1981...2066",100,1,51,"MP"
"1991...2067",100,1,51,"MP"
"2001...2068",99,1,51,"MP"
"20110...2069",100,1,51,"MP"
"20210...2070",100,1,51,"MP"
"20310...2071",100,1,51,"MP"
"2047...2072",100,1,51,"MP"
"2051...2073",100,1,51,"MP"
"2061...2074",80,1,51,"MP"
"2071...2075",100,1,51,"MP"
"2081...2076",100,1,51,"MP"
"2091...2077",100,1,51,"MP"
"21010...2078",100,1,51,"MP"
"21110...2079",100,1,51,"MP"
"21210...2080",100,1,51,"MP"
"21310...2081",100,1,51,"MP"
"21410...2082",100,1,51,"MP"
"21510...2083",100,1,51,"MP"
"2167...2084",100,1,51,"MP"
"217...2085",100,1,51,"MP"
"218...2086",100,1,51,"MP"
"219...2087",100,1,51,"MP"
"220...2088",100,1,51,"MP"
"221...2089",100,1,51,"MP"
"222...2090",100,1,51,"MP"
"223...2091",100,1,51,"MP"
"224...2092",99,1,51,"MP"
"2168...2093",100,1,52,"MP"
"3136...2094",99,1,52,"MP"
"4104...2095",51,1,52,"MP"
"588...2096",97,1,52,"MP"
"676...2097",51,1,52,"MP"
"769...2098",84,1,52,"MP"
"867...2099",98,1,52,"MP"
"966...2100",87,1,52,"MP"
"1055...2101",70,1,52,"MP"
"1154...2102",100,1,52,"MP"
"1253...2103",99,1,52,"MP"
"1350...2104",50,1,52,"MP"
"1450...2105",56,1,52,"MP"
"1550...2106",100,1,52,"MP"
"1650...2107",100,1,52,"MP"
"1750...2108",80,1,52,"MP"
"1849...2109",100,1,52,"MP"
"1948...2110",100,1,52,"MP"
"2048...2111",85,1,52,"MP"
"2169...2112",68,1,52,"MP"
"2246...2113",59,1,52,"MP"
"2339...2114",92,1,52,"MP"
"2437...2115",81,1,52,"MP"
"2534...2116",99,1,52,"MP"
"2630...2117",99,1,52,"MP"
"2728...2118",84,1,52,"MP"
"2826...2119",100,1,52,"MP"
"2924...2120",63,1,52,"MP"
"3024...2121",98,1,52,"MP"
"3137...2122",54,1,52,"MP"
"3228...2123",90,1,52,"MP"
"3323...2124",90,1,52,"MP"
"3422...2125",72,1,52,"MP"
"3521...2126",100,1,52,"MP"
"3621...2127",100,1,52,"MP"
"3719...2128",99,1,52,"MP"
"3817...2129",69,1,52,"MP"
"3917...2130",100,1,52,"MP"
"4015...2131",100,1,52,"MP"
"4122...2132",53,1,52,"MP"
"4220...2133",100,1,52,"MP"
"4317...2134",75,1,52,"MP"
"4417...2135",99,1,52,"MP"
"4516...2136",82,1,52,"MP"
"4616...2137",94,1,52,"MP"
"4716...2138",55,1,52,"MP"
"4814...2139",66,1,52,"MP"
"4912...2140",97,1,52,"MP"
"5010...2141",79,1,52,"MP"
"5118...2142",70,1,52,"MP"
"5216...2143",69,1,52,"MP"
"5316...2144",60,1,52,"MP"
"5414...2145",77,1,52,"MP"
"5514...2146",98,1,52,"MP"
"5613...2147",90,1,52,"MP"
"5711...2148",51,0,52,"MP"
"589...2149",71,0,52,"MP"
"598...2150",67,0,52,"MP"
"607...2151",55,0,52,"MP"
"2170...2152",100,1,53,"MP"
"3138...2153",73,1,53,"MP"
"4105...2154",89,1,53,"MP"
"590...2155",94,1,53,"MP"
"677...2156",95,1,53,"MP"
"770...2157",94,1,53,"MP"
"868...2158",98,1,53,"MP"
"967...2159",100,1,53,"MP"
"1056...2160",100,1,53,"MP"
"1155...2161",87,1,53,"MP"
"1254...2162",66,1,53,"MP"
"1353...2163",100,1,53,"MP"
"1453...2164",59,1,53,"MP"
"1553...2165",85,1,53,"MP"
"1653...2166",75,1,53,"MP"
"1753...2167",100,1,53,"MP"
"1850...2168",89,1,53,"MP"
"1949...2169",58,1,53,"MP"
"2049...2170",72,1,53,"MP"
"2171...2171",75,1,53,"MP"
"2247...2172",96,1,53,"MP"
"2340...2173",100,1,53,"MP"
"2438...2174",82,1,53,"MP"
"2535...2175",86,1,53,"MP"
"2631...2176",98,1,53,"MP"
"2729...2177",76,1,53,"MP"
"2827...2178",78,1,53,"MP"
"2925...2179",54,1,53,"MP"
"3025...2180",97,1,53,"MP"
"3139...2181",89,1,53,"MP"
"3229...2182",79,1,53,"MP"
"3324...2183",98,1,53,"MP"
"3423...2184",100,1,53,"MP"
"3522...2185",99,1,53,"MP"
"3622...2186",100,1,53,"MP"
"3720...2187",100,1,53,"MP"
"3818...2188",66,1,53,"MP"
"3918...2189",96,1,53,"MP"
"4016...2190",71,1,53,"MP"
"4123...2191",68,1,53,"MP"
"4221...2192",94,1,53,"MP"
"4318...2193",80,1,53,"MP"
"4418...2194",99,1,53,"MP"
"4517...2195",100,1,53,"MP"
"4617...2196",100,1,53,"MP"
"4717...2197",100,1,53,"MP"
"4815...2198",100,1,53,"MP"
"4913...2199",53,1,53,"MP"
"5011...2200",100,1,53,"MP"
"5119...2201",57,1,53,"MP"
"5217...2202",100,1,53,"MP"
"5317...2203",99,1,53,"MP"
"5415...2204",99,1,53,"MP"
"5515...2205",98,1,53,"MP"
"5614...2206",92,1,53,"MP"
"5712...2207",89,1,53,"MP"
"5810...2208",97,1,53,"MP"
"599...2209",50,1,53,"MP"
"608...2210",82,1,53,"MP"
"6116...2211",82,1,53,"MP"
"6215...2212",76,1,53,"MP"
"6315...2213",69,1,53,"MP"
"6414...2214",69,1,53,"MP"
"6514...2215",98,1,53,"MP"
"6611...2216",99,1,53,"MP"
"678...2217",100,1,53,"MP"
"686...2218",100,1,53,"MP"
"696...2219",100,1,53,"MP"
"706...2220",100,1,53,"MP"
"7115...2221",100,1,53,"MP"
"7214...2222",62,1,53,"MP"
"7314...2223",85,1,53,"MP"
"7414...2224",100,1,53,"MP"
"7512...2225",88,1,53,"MP"
"7610...2226",96,1,53,"MP"
"775...2227",95,1,53,"MP"
"785...2228",99,1,53,"MP"
"795...2229",84,1,53,"MP"
"805...2230",99,1,53,"MP"
"8114...2231",78,1,53,"MP"
"8213...2232",100,1,53,"MP"
"8313...2233",99,1,53,"MP"
"8413...2234",100,1,53,"MP"
"8512...2235",100,1,53,"MP"
"869...2236",87,1,53,"MP"
"875...2237",60,1,53,"MP"
"885...2238",74,1,53,"MP"
"895...2239",77,1,53,"MP"
"905...2240",70,1,53,"MP"
"9113...2241",89,1,53,"MP"
"9213...2242",100,1,53,"MP"
"9313...2243",99,1,53,"MP"
"9413...2244",62,0,53,"MP"
"9512...2245",54,0,53,"MP"
"968...2246",67,0,53,"MP"
"974...2247",50,0,53,"MP"
"984...2248",58,0,53,"MP"
"994...2249",55,0,53,"MP"
"1003...2250",69,0,53,"MP"
"10112...2251",53,0,53,"MP"
"10212...2252",60,0,53,"MP"
"2172...2253",100,1,54,"MP"
"3140...2254",100,1,54,"MP"
"4106...2255",100,1,54,"MP"
"5100...2256",99,1,54,"MP"
"679...2257",100,1,54,"MP"
"776...2258",99,1,54,"MP"
"870...2259",99,1,54,"MP"
"969...2260",100,1,54,"MP"
"1057...2261",100,1,54,"MP"
"1156...2262",99,1,54,"MP"
"1255...2263",100,1,54,"MP"
"1354...2264",100,1,54,"MP"
"1454...2265",100,1,54,"MP"
"1554...2266",100,1,54,"MP"
"1654...2267",72,0,54,"MP"
"1754...2268",99,0,54,"MP"
"1853...2269",55,0,54,"MP"
"2173...2270",100,1,55,"MP"
"3141...2271",96,1,55,"MP"
"4107...2272",100,1,55,"MP"
"5101...2273",100,1,55,"MP"
"680...2274",92,1,55,"MP"
"777...2275",98,1,55,"MP"
"876...2276",100,1,55,"MP"
"970...2277",100,1,55,"MP"
"1058...2278",100,1,55,"MP"
"1157...2279",100,1,55,"MP"
"1256...2280",100,1,55,"MP"
"1355...2281",100,1,55,"MP"
"1455...2282",100,1,55,"MP"
"1555...2283",98,1,55,"MP"
"1655...2284",95,1,55,"MP"
"1755...2285",85,1,55,"MP"
"1854...2286",97,1,55,"MP"
"1950...2287",99,1,55,"MP"
"2050...2288",100,1,55,"MP"
"2174...2289",74,1,55,"MP"
"2248...2290",74,1,55,"MP"
"2341...2291",64,1,55,"MP"
"2439...2292",62,1,55,"MP"
"2536...2293",73,1,55,"MP"
"2632...2294",95,1,55,"MP"
"2730...2295",99,1,55,"MP"
"2828...2296",100,1,55,"MP"
"2926...2297",100,1,55,"MP"
"3026...2298",100,1,55,"MP"
"3142...2299",90,1,55,"MP"
"3230...2300",100,1,55,"MP"
"3325...2301",97,1,55,"MP"
"3424...2302",100,1,55,"MP"
"3523...2303",100,1,55,"MP"
"3623...2304",74,1,55,"MP"
"3721...2305",100,1,55,"MP"
"3819...2306",67,1,55,"MP"
"3919...2307",100,1,55,"MP"
"4017...2308",100,1,55,"MP"
"4124...2309",100,1,55,"MP"
"4222...2310",74,1,55,"MP"
"4319...2311",84,1,55,"MP"
"4419...2312",99,1,55,"MP"
"4518...2313",100,1,55,"MP"
"4618...2314",67,1,55,"MP"
"4718...2315",100,1,55,"MP"
"4816...2316",100,1,55,"MP"
"4914...2317",100,1,55,"MP"
"5012...2318",100,1,55,"MP"
"5120...2319",60,1,55,"MP"
"5218...2320",100,1,55,"MP"
"5318...2321",100,1,55,"MP"
"5416...2322",100,1,55,"MP"
"5516...2323",58,1,55,"MP"
"5615...2324",77,1,55,"MP"
"5713...2325",91,1,55,"MP"
"5811...2326",87,1,55,"MP"
"5910...2327",100,1,55,"MP"
"609...2328",96,1,55,"MP"
"6117...2329",80,1,55,"MP"
"6216...2330",89,1,55,"MP"
"6316...2331",78,1,55,"MP"
"6415...2332",71,1,55,"MP"
"6515...2333",94,1,55,"MP"
"6612...2334",95,1,55,"MP"
"6710...2335",95,1,55,"MP"
"687...2336",54,1,55,"MP"
"697...2337",100,1,55,"MP"
"707...2338",51,1,55,"MP"
"7116...2339",98,1,55,"MP"
"7215...2340",98,1,55,"MP"
"7315...2341",100,1,55,"MP"
"7415...2342",100,1,55,"MP"
"7513...2343",99,1,55,"MP"
"7611...2344",100,1,55,"MP"
"778...2345",93,1,55,"MP"
"786...2346",95,1,55,"MP"
"796...2347",100,1,55,"MP"
"806...2348",95,1,55,"MP"
"8115...2349",100,1,55,"MP"
"8214...2350",100,1,55,"MP"
"8314...2351",100,1,55,"MP"
"8414...2352",100,1,55,"MP"
"8513...2353",50,0,55,"MP"
"8610...2354",52,0,55,"MP"
"877...2355",53,0,55,"MP"
"2175...2356",100,1,56,"MP"
"3143...2357",100,1,56,"MP"
"4108...2358",100,1,56,"MP"
"5102...2359",100,1,56,"MP"
"688...2360",100,1,56,"MP"
"779...2361",100,1,56,"MP"
"878...2362",100,1,56,"MP"
"975...2363",100,1,56,"MP"
"1059...2364",100,1,56,"MP"
"1158...2365",100,1,56,"MP"
"1257...2366",100,1,56,"MP"
"1356...2367",100,1,56,"MP"
"2176...2368",100,1,57,"MP"
"3144...2369",100,1,57,"MP"
"4109...2370",100,1,57,"MP"
"5103...2371",100,1,57,"MP"
"689...2372",61,1,57,"MP"
"780...2373",70,1,57,"MP"
"879...2374",100,1,57,"MP"
"976...2375",100,1,57,"MP"
"1060...2376",90,1,57,"MP"
"1159...2377",66,1,57,"MP"
"1258...2378",100,1,57,"MP"
"1357...2379",100,1,57,"MP"
"1456...2380",100,1,57,"MP"
"1556...2381",100,1,57,"MP"
"1656...2382",98,1,57,"MP"
"1756...2383",100,1,57,"MP"
"1855...2384",100,1,57,"MP"
"1952...2385",100,1,57,"MP"
"2052...2386",100,1,57,"MP"
"2177...2387",100,1,57,"MP"
"2249...2388",100,1,57,"MP"
"2342...2389",100,1,57,"MP"
"2440...2390",95,1,57,"MP"
"2537...2391",100,1,57,"MP"
"2633...2392",100,1,57,"MP"
"2731...2393",100,1,57,"MP"
"2829...2394",100,1,57,"MP"
"2927...2395",83,1,57,"MP"
"3027...2396",100,1,57,"MP"
"3145...2397",98,1,57,"MP"
"3231...2398",100,1,57,"MP"
"3326...2399",100,1,57,"MP"
"3425...2400",53,0,57,"MP"
"2178...2401",100,1,58,"MP"
"3146...2402",100,1,58,"MP"
"4125...2403",100,1,58,"MP"
"5104...2404",53,1,58,"MP"
"690...2405",54,1,58,"MP"
"787...2406",100,1,58,"MP"
"880...2407",92,1,58,"MP"
"977...2408",100,1,58,"MP"
"1063...2409",100,1,58,"MP"
"1160...2410",100,1,58,"MP"
"1259...2411",99,1,58,"MP"
"1358...2412",86,1,58,"MP"
"1457...2413",98,1,58,"MP"
"1557...2414",100,1,58,"MP"
"1657...2415",100,1,58,"MP"
"1757...2416",100,1,58,"MP"
"1856...2417",100,1,58,"MP"
"1953...2418",100,1,58,"MP"
"2053...2419",99,1,58,"MP"
"2179...2420",100,1,58,"MP"
"2250...2421",100,1,58,"MP"
"2343...2422",100,1,58,"MP"
"2441...2423",100,1,58,"MP"
"2538...2424",100,1,58,"MP"
"2634...2425",100,1,58,"MP"
"2732...2426",98,1,58,"MP"
"2830...2427",100,1,58,"MP"
"2928...2428",100,1,58,"MP"
"3028...2429",100,1,58,"MP"
"3147...2430",60,1,58,"MP"
"3232...2431",100,1,58,"MP"
"3327...2432",100,1,58,"MP"
"3426...2433",93,1,58,"MP"
"3524...2434",100,1,58,"MP"
"3624...2435",100,1,58,"MP"
"3722...2436",66,1,58,"MP"
"3820...2437",89,1,58,"MP"
"3920...2438",100,1,58,"MP"
"2180...2439",100,1,59,"MP"
"3148...2440",100,1,59,"MP"
"4126...2441",100,1,59,"MP"
"5105...2442",100,1,59,"MP"
"698...2443",100,1,59,"MP"
"788...2444",100,1,59,"MP"
"886...2445",100,1,59,"MP"
"978...2446",100,1,59,"MP"
"1064...2447",100,1,59,"MP"
"1163...2448",84,1,59,"MP"
"1260...2449",100,1,59,"MP"
"1359...2450",100,1,59,"MP"
"1458...2451",100,1,59,"MP"
"1558...2452",88,1,59,"MP"
"1658...2453",86,1,59,"MP"
"1758...2454",100,1,59,"MP"
"1857...2455",100,1,59,"MP"
"1954...2456",100,1,59,"MP"
"2054...2457",99,1,59,"MP"
"2181...2458",99,1,59,"MP"
"2251...2459",100,1,59,"MP"
"2344...2460",100,1,59,"MP"
"2442...2461",99,1,59,"MP"
"2539...2462",100,1,59,"MP"
"2635...2463",100,1,59,"MP"
"2733...2464",100,1,59,"MP"
"2182...2465",100,1,60,"MP"
"3149...2466",100,1,60,"MP"
"4127...2467",99,1,60,"MP"
"5106...2468",100,1,60,"MP"
"699...2469",99,1,60,"MP"
"789...2470",99,1,60,"MP"
"887...2471",99,1,60,"MP"
"979...2472",100,1,60,"MP"
"1065...2473",100,1,60,"MP"
"1164...2474",100,1,60,"MP"
"1263...2475",99,1,60,"MP"
"1360...2476",55,1,60,"MP"
"1459...2477",100,1,60,"MP"
"1559...2478",100,1,60,"MP"
"1659...2479",100,1,60,"MP"
"1759...2480",99,1,60,"MP"
"1858...2481",88,1,60,"MP"
"1955...2482",93,1,60,"MP"
"2055...2483",100,1,60,"MP"
"2183...2484",100,1,60,"MP"
"2252...2485",100,1,60,"MP"
"2345...2486",99,1,60,"MP"
"2443...2487",97,1,60,"MP"
"2540...2488",100,1,60,"MP"
"2636...2489",100,1,60,"MP"
"2734...2490",98,1,60,"MP"
"2831...2491",100,1,60,"MP"
"2929...2492",100,1,60,"MP"
"3029...2493",100,1,60,"MP"
"3150...2494",100,1,60,"MP"
"3233...2495",99,1,60,"MP"
"3328...2496",100,1,60,"MP"
"3427...2497",100,1,60,"MP"
"3525...2498",100,1,60,"MP"
"3625...2499",100,1,60,"MP"
"3723...2500",99,1,60,"MP"
"3821...2501",91,1,60,"MP"
"3921...2502",100,1,60,"MP"
"4018...2503",100,1,60,"MP"
"4128...2504",86,1,60,"MP"
"4223...2505",100,1,60,"MP"
"4320...2506",88,1,60,"MP"
"4420...2507",100,1,60,"MP"
"4519...2508",100,1,60,"MP"
"4619...2509",100,1,60,"MP"
"4719...2510",100,1,60,"MP"
"4817...2511",100,1,60,"MP"
"4915...2512",100,1,60,"MP"
"5013...2513",100,1,60,"MP"
"5121...2514",100,1,60,"MP"
"5219...2515",100,1,60,"MP"
"5319...2516",100,1,60,"MP"
"5417...2517",100,1,60,"MP"
"5517...2518",100,1,60,"MP"
"5616...2519",100,1,60,"MP"
"5714...2520",98,1,60,"MP"
"5812...2521",100,1,60,"MP"
"5911...2522",100,1,60,"MP"
"6010...2523",100,1,60,"MP"
"6118...2524",100,1,60,"MP"
"6217...2525",100,1,60,"MP"
"6317...2526",100,1,60,"MP"
"6416...2527",69,1,60,"MP"
"6516...2528",69,1,60,"MP"
"6613...2529",68,1,60,"MP"
"6711...2530",100,1,60,"MP"
"6810...2531",100,1,60,"MP"
"6910...2532",100,1,60,"MP"
"708...2533",100,1,60,"MP"
"7117...2534",100,1,60,"MP"
"7216...2535",100,1,60,"MP"
"7316...2536",100,1,60,"MP"
"7416...2537",69,1,60,"MP"
"7514...2538",100,1,60,"MP"
"7612...2539",100,1,60,"MP"
"7710...2540",100,1,60,"MP"
"7810...2541",100,1,60,"MP"
"797...2542",96,1,60,"MP"
"807...2543",100,1,60,"MP"
"8116...2544",100,1,60,"MP"
"8215...2545",100,1,60,"MP"
"8315...2546",100,1,60,"MP"
"8415...2547",100,1,60,"MP"
"8514...2548",100,1,60,"MP"
"8611...2549",100,1,60,"MP"
"8710...2550",100,1,60,"MP"
"888...2551",100,1,60,"MP"
"896...2552",100,1,60,"MP"
"906...2553",75,1,60,"MP"
"9114...2554",75,1,60,"MP"
"9214...2555",100,1,60,"MP"
"9314...2556",100,1,60,"MP"
"9414...2557",100,1,60,"MP"
"9513...2558",98,1,60,"MP"
"9610...2559",100,1,60,"MP"
"9710...2560",100,1,60,"MP"
"985...2561",99,1,60,"MP"
"995...2562",100,1,60,"MP"
"1004...2563",100,1,60,"MP"
"10113...2564",91,1,60,"MP"
"10213...2565",100,1,60,"MP"
"10312...2566",100,1,60,"MP"
"10412...2567",100,1,60,"MP"
"10510...2568",100,1,60,"MP"
"1066...2569",100,1,60,"MP"
"1073...2570",100,1,60,"MP"
"1083...2571",100,1,60,"MP"
"1093...2572",100,1,60,"MP"
"1103...2573",96,1,60,"MP"
"11112...2574",100,1,60,"MP"
"11212...2575",100,1,60,"MP"
"11312...2576",100,1,60,"MP"
"11412...2577",100,1,60,"MP"
"11510...2578",100,1,60,"MP"
"1165...2579",99,1,60,"MP"
"1173...2580",93,1,60,"MP"
"1183...2581",100,1,60,"MP"
"1193...2582",100,1,60,"MP"
"1203...2583",99,1,60,"MP"
"12112...2584",100,1,60,"MP"
"12212...2585",100,1,60,"MP"
"12312...2586",100,1,60,"MP"
"12411...2587",80,1,60,"MP"
"12510...2588",100,1,60,"MP"
"1264...2589",100,1,60,"MP"
"1273...2590",100,1,60,"MP"
"1283...2591",100,1,60,"MP"
"1293...2592",100,1,60,"MP"
"1303...2593",100,1,60,"MP"
"13112...2594",100,1,60,"MP"
"13212...2595",100,1,60,"MP"
"13312...2596",100,1,60,"MP"
"13411...2597",100,1,60,"MP"
"13510...2598",100,1,60,"MP"
"1363...2599",100,1,60,"MP"
"1373...2600",89,1,60,"MP"
"1383...2601",100,1,60,"MP"
"1393...2602",100,1,60,"MP"
"1403...2603",100,1,60,"MP"
"14112...2604",95,1,60,"MP"
"14212...2605",57,1,60,"MP"
"14312...2606",100,1,60,"MP"
"14411...2607",100,1,60,"MP"
"14510...2608",100,1,60,"MP"
"1463...2609",53,0,60,"MP"
"1473...2610",50,0,60,"MP"
"2184...2611",100,1,61,"MP"
"3151...2612",100,1,61,"MP"
"4129...2613",100,1,61,"MP"
"5107...2614",100,1,61,"MP"
"6100...2615",100,1,61,"MP"
"790...2616",100,1,61,"MP"
"889...2617",100,1,61,"MP"
"980...2618",100,1,61,"MP"
"1067...2619",100,1,61,"MP"
"1166...2620",100,1,61,"MP"
"1265...2621",100,1,61,"MP"
"1364...2622",100,1,61,"MP"
"1460...2623",91,1,61,"MP"
"1560...2624",84,1,61,"MP"
"1660...2625",100,1,61,"MP"
"1760...2626",100,1,61,"MP"
"1859...2627",100,1,61,"MP"
"1956...2628",100,1,61,"MP"
"2056...2629",100,1,61,"MP"
"2185...2630",71,1,61,"MP"
"2253...2631",99,1,61,"MP"
"2346...2632",100,1,61,"MP"
"2444...2633",100,1,61,"MP"
"2541...2634",100,1,61,"MP"
"2637...2635",100,1,61,"MP"
"2735...2636",100,1,61,"MP"
"2832...2637",99,1,61,"MP"
"2930...2638",99,1,61,"MP"
"3030...2639",100,1,61,"MP"
"3152...2640",100,1,61,"MP"
"3234...2641",100,1,61,"MP"
"3329...2642",100,1,61,"MP"
"3428...2643",89,1,61,"MP"
"3526...2644",100,1,61,"MP"
"2186...2645",100,1,62,"MP"
"3153...2646",94,1,62,"MP"
"4130...2647",53,1,62,"MP"
"5108...2648",80,1,62,"MP"
"6101...2649",100,1,62,"MP"
"798...2650",77,1,62,"MP"
"890...2651",77,1,62,"MP"
"986...2652",98,1,62,"MP"
"1068...2653",99,1,62,"MP"
"1167...2654",99,1,62,"MP"
"1266...2655",99,1,62,"MP"
"1365...2656",100,1,62,"MP"
"1464...2657",100,1,62,"MP"
"1563...2658",100,1,62,"MP"
"1663...2659",100,1,62,"MP"
"1763...2660",100,1,62,"MP"
"1860...2661",100,1,62,"MP"
"1957...2662",100,1,62,"MP"
"2057...2663",100,1,62,"MP"
"2187...2664",100,1,62,"MP"
"2254...2665",80,1,62,"MP"
"2347...2666",82,1,62,"MP"
"2445...2667",70,1,62,"MP"
"2542...2668",99,1,62,"MP"
"2638...2669",100,1,62,"MP"
"2736...2670",64,1,62,"MP"
"2833...2671",100,1,62,"MP"
"2931...2672",100,1,62,"MP"
"3031...2673",100,1,62,"MP"
"3154...2674",80,1,62,"MP"
"3235...2675",100,1,62,"MP"
"3330...2676",100,1,62,"MP"
"3429...2677",100,1,62,"MP"
"3527...2678",100,1,62,"MP"
"3626...2679",100,1,62,"MP"
"3724...2680",100,1,62,"MP"
"3822...2681",100,1,62,"MP"
"3922...2682",100,1,62,"MP"
"4019...2683",100,1,62,"MP"
"4131...2684",99,1,62,"MP"
"4224...2685",99,1,62,"MP"
"4321...2686",99,1,62,"MP"
"4421...2687",100,1,62,"MP"
"4520...2688",99,1,62,"MP"
"4620...2689",100,1,62,"MP"
"4720...2690",100,1,62,"MP"
"4818...2691",77,1,62,"MP"
"4916...2692",100,1,62,"MP"
"5014...2693",77,1,62,"MP"
"5122...2694",81,1,62,"MP"
"5220...2695",99,1,62,"MP"
"5320...2696",100,1,62,"MP"
"5418...2697",100,1,62,"MP"
"5518...2698",100,1,62,"MP"
"5617...2699",100,1,62,"MP"
"5715...2700",100,1,62,"MP"
"5813...2701",100,1,62,"MP"
"5912...2702",100,1,62,"MP"
"6011...2703",100,1,62,"MP"
"6119...2704",99,1,62,"MP"
"6218...2705",100,1,62,"MP"
"6318...2706",100,1,62,"MP"
"6417...2707",99,1,62,"MP"
"6517...2708",99,1,62,"MP"
"6614...2709",99,1,62,"MP"
"6712...2710",51,0,62,"MP"
"2188...2711",100,1,63,"MP"
"3155...2712",100,1,63,"MP"
"4132...2713",100,1,63,"MP"
"5109...2714",100,1,63,"MP"
"6102...2715",100,1,63,"MP"
"799...2716",100,1,63,"MP"
"897...2717",100,1,63,"MP"
"987...2718",100,1,63,"MP"
"1069...2719",100,1,63,"MP"
"2...2720",99,1,1,"MLASC"
"3...2721",100,1,1,"MLASC"
"4...2722",97,1,1,"MLASC"
"5...2723",100,1,1,"MLASC"
"6...2724",96,1,1,"MLASC"
"7...2725",100,1,1,"MLASC"
"8...2726",97,1,1,"MLASC"
"9...2727",99,1,1,"MLASC"
"10...2728",100,1,1,"MLASC"
"11...2729",98,1,1,"MLASC"
"12...2730",100,1,1,"MLASC"
"13...2731",93,1,1,"MLASC"
"14...2732",91,1,1,"MLASC"
"15...2733",91,1,1,"MLASC"
"16...2734",95,1,1,"MLASC"
"17...2735",67,1,1,"MLASC"
"18...2736",94,1,1,"MLASC"
"19...2737",96,1,1,"MLASC"
"20...2738",83,1,1,"MLASC"
"21...2739",99,1,1,"MLASC"
"22...2740",90,1,1,"MLASC"
"23...2741",97,1,1,"MLASC"
"24...2742",49,1,1,"MLASC"
"25...2743",95,1,1,"MLASC"
"26...2744",53,1,1,"MLASC"
"27...2745",100,1,1,"MLASC"
"28...2746",100,1,1,"MLASC"
"29...2747",99,1,1,"MLASC"
"30...2748",100,1,1,"MLASC"
"31...2749",91,1,1,"MLASC"
"32...2750",52,1,1,"MLASC"
"33...2751",90,1,1,"MLASC"
"34...2752",99,1,1,"MLASC"
"35...2753",96,1,1,"MLASC"
"36...2754",92,1,1,"MLASC"
"37...2755",82,1,1,"MLASC"
"38...2756",99,1,1,"MLASC"
"39...2757",94,1,1,"MLASC"
"40...2758",98,1,1,"MLASC"
"41...2759",95,1,1,"MLASC"
"42...2760",87,1,1,"MLASC"
"43...2761",98,1,1,"MLASC"
"44...2762",93,1,1,"MLASC"
"45...2763",98,1,1,"MLASC"
"46...2764",100,1,1,"MLASC"
"47...2765",100,1,1,"MLASC"
"48...2766",90,1,1,"MLASC"
"49...2767",99,1,1,"MLASC"
"50...2768",99,1,1,"MLASC"
"51...2769",100,1,1,"MLASC"
"52...2770",100,1,1,"MLASC"
"53...2771",99,1,1,"MLASC"
"54...2772",97,1,1,"MLASC"
"55...2773",83,0,1,"MLASC"
"56...2774",95,0,1,"MLASC"
"57...2775",27,0,1,"MLASC"
"58...2776",34,0,1,"MLASC"
"59...2777",96,0,1,"MLASC"
"60...2778",25,0,1,"MLASC"
"61...2779",65,0,1,"MLASC"
"62...2780",98,0,1,"MLASC"
"63...2781",94,0,1,"MLASC"
"64...2782",68,0,1,"MLASC"
"65...2783",19,0,1,"MLASC"
"66...2784",24,0,1,"MLASC"
"67...2785",29,0,1,"MLASC"
"68...2786",71,0,1,"MLASC"
"69...2787",34,0,1,"MLASC"
"70...2788",47,0,1,"MLASC"
"71...2789",54,0,1,"MLASC"
"2100...2790",100,1,2,"MLASC"
"319...2791",81,1,2,"MLASC"
"410...2792",97,1,2,"MLASC"
"510...2793",92,1,2,"MLASC"
"610...2794",100,1,2,"MLASC"
"710...2795",72,1,2,"MLASC"
"810...2796",62,1,2,"MLASC"
"2101...2797",100,1,3,"MLASC"
"320...2798",100,1,3,"MLASC"
"411...2799",96,1,3,"MLASC"
"511...2800",100,1,3,"MLASC"
"611...2801",100,1,3,"MLASC"
"711...2802",41,0,3,"MLASC"
"2102...2803",100,1,4,"MLASC"
"321...2804",74,1,4,"MLASC"
"412...2805",100,1,4,"MLASC"
"512...2806",98,1,4,"MLASC"
"612...2807",94,1,4,"MLASC"
"712...2808",100,1,4,"MLASC"
"811...2809",100,1,4,"MLASC"
"910...2810",74,1,4,"MLASC"
"1010...2811",100,1,4,"MLASC"
"1110...2812",96,1,4,"MLASC"
"1210...2813",97,1,4,"MLASC"
"1310...2814",98,1,4,"MLASC"
"1410...2815",99,1,4,"MLASC"
"1510...2816",100,1,4,"MLASC"
"1610...2817",86,1,4,"MLASC"
"1710...2818",94,1,4,"MLASC"
"1810...2819",95,1,4,"MLASC"
"1910...2820",100,1,4,"MLASC"
"2010...2821",100,1,4,"MLASC"
"2110...2822",99,1,4,"MLASC"
"2210...2823",97,1,4,"MLASC"
"2310...2824",97,1,4,"MLASC"
"2410...2825",99,1,4,"MLASC"
"2510...2826",89,1,4,"MLASC"
"2610...2827",93,1,4,"MLASC"
"2710...2828",56,1,4,"MLASC"
"2810...2829",98,1,4,"MLASC"
"2910...2830",100,1,4,"MLASC"
"3010...2831",50,0,4,"MLASC"
"3110...2832",56,0,4,"MLASC"
"322...2833",68,0,4,"MLASC"
"2103...2834",100,1,5,"MLASC"
"323...2835",100,1,5,"MLASC"
"413...2836",100,1,5,"MLASC"
"513...2837",100,1,5,"MLASC"
"613...2838",98,1,5,"MLASC"
"713...2839",100,1,5,"MLASC"
"812...2840",100,1,5,"MLASC"
"911...2841",99,1,5,"MLASC"
"1011...2842",100,1,5,"MLASC"
"1111...2843",97,1,5,"MLASC"
"1211...2844",100,1,5,"MLASC"
"1311...2845",93,1,5,"MLASC"
"1411...2846",100,1,5,"MLASC"
"1511...2847",100,1,5,"MLASC"
"1611...2848",79,1,5,"MLASC"
"1711...2849",88,1,5,"MLASC"
"1811...2850",100,1,5,"MLASC"
"1911...2851",100,1,5,"MLASC"
"2011...2852",100,1,5,"MLASC"
"2111...2853",100,1,5,"MLASC"
"2211...2854",100,1,5,"MLASC"
"2311...2855",97,1,5,"MLASC"
"2411...2856",100,1,5,"MLASC"
"2511...2857",100,1,5,"MLASC"
"2611...2858",100,1,5,"MLASC"
"2711...2859",71,1,5,"MLASC"
"2811...2860",99,1,5,"MLASC"
"2911...2861",99,1,5,"MLASC"
"3011...2862",100,1,5,"MLASC"
"3111...2863",33,0,5,"MLASC"
"324...2864",87,0,5,"MLASC"
"331...2865",75,0,5,"MLASC"
"341...2866",51,0,5,"MLASC"
"351...2867",68,0,5,"MLASC"
"361...2868",40,0,5,"MLASC"
"371...2869",73,0,5,"MLASC"
"381...2870",58,0,5,"MLASC"
"2104...2871",84,1,6,"MLASC"
"325...2872",74,1,6,"MLASC"
"414...2873",100,1,6,"MLASC"
"514...2874",100,1,6,"MLASC"
"614...2875",98,1,6,"MLASC"
"714...2876",97,1,6,"MLASC"
"813...2877",69,1,6,"MLASC"
"912...2878",93,1,6,"MLASC"
"1012...2879",96,1,6,"MLASC"
"1112...2880",78,1,6,"MLASC"
"1212...2881",61,1,6,"MLASC"
"1312...2882",99,1,6,"MLASC"
"1412...2883",98,1,6,"MLASC"
"1512...2884",100,1,6,"MLASC"
"1612...2885",99,1,6,"MLASC"
"1712...2886",100,1,6,"MLASC"
"1812...2887",100,1,6,"MLASC"
"1912...2888",99,1,6,"MLASC"
"2012...2889",68,1,6,"MLASC"
"2112...2890",100,1,6,"MLASC"
"2212...2891",100,1,6,"MLASC"
"2312...2892",100,1,6,"MLASC"
"2412...2893",100,1,6,"MLASC"
"2512...2894",97,1,6,"MLASC"
"2612...2895",100,1,6,"MLASC"
"2712...2896",99,1,6,"MLASC"
"2812...2897",100,1,6,"MLASC"
"2912...2898",100,1,6,"MLASC"
"3012...2899",100,1,6,"MLASC"
"3112...2900",100,1,6,"MLASC"
"326...2901",97,1,6,"MLASC"
"332...2902",97,1,6,"MLASC"
"342...2903",94,1,6,"MLASC"
"352...2904",100,1,6,"MLASC"
"362...2905",99,1,6,"MLASC"
"372...2906",100,1,6,"MLASC"
"382...2907",91,1,6,"MLASC"
"391...2908",98,1,6,"MLASC"
"401...2909",100,1,6,"MLASC"
"415...2910",100,1,6,"MLASC"
"421...2911",100,1,6,"MLASC"
"431...2912",93,1,6,"MLASC"
"441...2913",99,1,6,"MLASC"
"451...2914",86,1,6,"MLASC"
"461...2915",89,1,6,"MLASC"
"471...2916",89,1,6,"MLASC"
"481...2917",100,1,6,"MLASC"
"491...2918",98,1,6,"MLASC"
"501...2919",100,1,6,"MLASC"
"515...2920",100,1,6,"MLASC"
"521...2921",100,1,6,"MLASC"
"531...2922",100,1,6,"MLASC"
"541...2923",99,1,6,"MLASC"
"551...2924",100,1,6,"MLASC"
"561...2925",100,1,6,"MLASC"
"571...2926",100,1,6,"MLASC"
"581...2927",100,1,6,"MLASC"
"591...2928",98,1,6,"MLASC"
"601...2929",100,1,6,"MLASC"
"615...2930",100,1,6,"MLASC"
"621...2931",96,1,6,"MLASC"
"631...2932",100,1,6,"MLASC"
"641...2933",100,1,6,"MLASC"
"651...2934",75,1,6,"MLASC"
"661...2935",89,1,6,"MLASC"
"671...2936",93,1,6,"MLASC"
"681...2937",87,0,6,"MLASC"
"691...2938",74,0,6,"MLASC"
"701...2939",84,0,6,"MLASC"
"715...2940",87,0,6,"MLASC"
"72...2941",88,0,6,"MLASC"
"73...2942",94,0,6,"MLASC"
"74...2943",96,0,6,"MLASC"
"75...2944",75,0,6,"MLASC"
"2105...2945",69,1,7,"MLASC"
"327...2946",60,1,7,"MLASC"
"416...2947",100,1,7,"MLASC"
"516...2948",28,1,7,"MLASC"
"616...2949",96,1,7,"MLASC"
"716...2950",100,1,7,"MLASC"
"814...2951",53,1,7,"MLASC"
"913...2952",28,1,7,"MLASC"
"1013...2953",100,1,7,"MLASC"
"1113...2954",100,1,7,"MLASC"
"1213...2955",100,1,7,"MLASC"
"1313...2956",100,1,7,"MLASC"
"1413...2957",57,1,7,"MLASC"
"1513...2958",85,1,7,"MLASC"
"1613...2959",83,1,7,"MLASC"
"1713...2960",99,1,7,"MLASC"
"1813...2961",99,1,7,"MLASC"
"1913...2962",100,1,7,"MLASC"
"2013...2963",89,1,7,"MLASC"
"2113...2964",99,1,7,"MLASC"
"2213...2965",62,1,7,"MLASC"
"2313...2966",24,1,7,"MLASC"
"2413...2967",91,1,7,"MLASC"
"2513...2968",100,1,7,"MLASC"
"2613...2969",100,1,7,"MLASC"
"2713...2970",86,1,7,"MLASC"
"2813...2971",61,1,7,"MLASC"
"2913...2972",88,1,7,"MLASC"
"3013...2973",100,1,7,"MLASC"
"3113...2974",31,1,7,"MLASC"
"328...2975",82,1,7,"MLASC"
"333...2976",100,1,7,"MLASC"
"343...2977",82,1,7,"MLASC"
"353...2978",72,1,7,"MLASC"
"363...2979",100,1,7,"MLASC"
"373...2980",100,1,7,"MLASC"
"383...2981",100,1,7,"MLASC"
"392...2982",100,1,7,"MLASC"
"402...2983",63,1,7,"MLASC"
"417...2984",100,1,7,"MLASC"
"422...2985",49,1,7,"MLASC"
"432...2986",100,1,7,"MLASC"
"442...2987",100,1,7,"MLASC"
"452...2988",100,1,7,"MLASC"
"462...2989",79,1,7,"MLASC"
"472...2990",97,1,7,"MLASC"
"482...2991",100,1,7,"MLASC"
"492...2992",100,1,7,"MLASC"
"502...2993",100,1,7,"MLASC"
"517...2994",100,1,7,"MLASC"
"522...2995",100,1,7,"MLASC"
"532...2996",100,1,7,"MLASC"
"542...2997",100,1,7,"MLASC"
"552...2998",100,1,7,"MLASC"
"562...2999",100,1,7,"MLASC"
"572...3000",100,1,7,"MLASC"
"582...3001",66,1,7,"MLASC"
"592...3002",100,1,7,"MLASC"
"602...3003",90,1,7,"MLASC"
"617...3004",100,1,7,"MLASC"
"622...3005",100,1,7,"MLASC"
"632...3006",100,1,7,"MLASC"
"642...3007",100,1,7,"MLASC"
"652...3008",100,1,7,"MLASC"
"662...3009",100,1,7,"MLASC"
"672...3010",93,1,7,"MLASC"
"682...3011",97,1,7,"MLASC"
"692...3012",37,1,7,"MLASC"
"702...3013",98,1,7,"MLASC"
"717...3014",100,1,7,"MLASC"
"721...3015",69,1,7,"MLASC"
"731...3016",100,1,7,"MLASC"
"741...3017",48,1,7,"MLASC"
"751...3018",64,1,7,"MLASC"
"76...3019",100,1,7,"MLASC"
"77...3020",100,1,7,"MLASC"
"78...3021",89,1,7,"MLASC"
"79...3022",100,1,7,"MLASC"
"80...3023",68,1,7,"MLASC"
"81...3024",97,1,7,"MLASC"
"82...3025",100,1,7,"MLASC"
"83...3026",100,1,7,"MLASC"
"84...3027",100,1,7,"MLASC"
"85...3028",100,1,7,"MLASC"
"86...3029",50,1,7,"MLASC"
"87...3030",34,1,7,"MLASC"
"88...3031",78,1,7,"MLASC"
"89...3032",56,1,7,"MLASC"
"90...3033",100,1,7,"MLASC"
"91...3034",100,1,7,"MLASC"
"92...3035",96,1,7,"MLASC"
"93...3036",100,1,7,"MLASC"
"94...3037",100,1,7,"MLASC"
"95...3038",100,1,7,"MLASC"
"96...3039",100,1,7,"MLASC"
"97...3040",100,1,7,"MLASC"
"98...3041",49,1,7,"MLASC"
"99...3042",100,1,7,"MLASC"
"100...3043",100,1,7,"MLASC"
"101...3044",100,1,7,"MLASC"
"102...3045",83,1,7,"MLASC"
"103...3046",100,1,7,"MLASC"
"104...3047",100,1,7,"MLASC"
"105...3048",97,1,7,"MLASC"
"106...3049",100,1,7,"MLASC"
"107...3050",100,1,7,"MLASC"
"108...3051",78,1,7,"MLASC"
"109...3052",61,1,7,"MLASC"
"110...3053",100,1,7,"MLASC"
"111...3054",100,1,7,"MLASC"
"112...3055",44,1,7,"MLASC"
"113...3056",69,1,7,"MLASC"
"114...3057",100,1,7,"MLASC"
"115...3058",94,1,7,"MLASC"
"116...3059",100,1,7,"MLASC"
"117...3060",96,1,7,"MLASC"
"118...3061",67,1,7,"MLASC"
"119...3062",100,1,7,"MLASC"
"120...3063",100,1,7,"MLASC"
"121...3064",50,1,7,"MLASC"
"122...3065",100,1,7,"MLASC"
"123...3066",79,1,7,"MLASC"
"124...3067",100,1,7,"MLASC"
"125...3068",100,1,7,"MLASC"
"126...3069",100,1,7,"MLASC"
"127...3070",100,1,7,"MLASC"
"128...3071",62,1,7,"MLASC"
"129...3072",100,1,7,"MLASC"
"130...3073",76,1,7,"MLASC"
"131...3074",74,1,7,"MLASC"
"132...3075",65,1,7,"MLASC"
"133...3076",100,1,7,"MLASC"
"134...3077",100,1,7,"MLASC"
"135...3078",57,1,7,"MLASC"
"136...3079",100,1,7,"MLASC"
"137...3080",60,1,7,"MLASC"
"138...3081",100,1,7,"MLASC"
"139...3082",42,1,7,"MLASC"
"140...3083",100,1,7,"MLASC"
"141...3084",51,1,7,"MLASC"
"142...3085",56,1,7,"MLASC"
"143...3086",32,1,7,"MLASC"
"144...3087",100,1,7,"MLASC"
"145...3088",97,1,7,"MLASC"
"146...3089",21,1,7,"MLASC"
"147...3090",87,1,7,"MLASC"
"148...3091",91,1,7,"MLASC"
"149...3092",96,1,7,"MLASC"
"150...3093",100,1,7,"MLASC"
"151...3094",56,1,7,"MLASC"
"152...3095",46,1,7,"MLASC"
"153...3096",65,1,7,"MLASC"
"154...3097",94,1,7,"MLASC"
"155...3098",96,1,7,"MLASC"
"156...3099",52,1,7,"MLASC"
"157...3100",64,1,7,"MLASC"
"158...3101",51,1,7,"MLASC"
"159...3102",91,1,7,"MLASC"
"160...3103",29,1,7,"MLASC"
"161...3104",100,1,7,"MLASC"
"162...3105",93,1,7,"MLASC"
"163...3106",100,1,7,"MLASC"
"164...3107",76,1,7,"MLASC"
"165...3108",100,1,7,"MLASC"
"166...3109",62,1,7,"MLASC"
"167...3110",82,1,7,"MLASC"
"168...3111",100,1,7,"MLASC"
"169...3112",37,1,7,"MLASC"
"170...3113",50,1,7,"MLASC"
"171...3114",73,1,7,"MLASC"
"172...3115",87,1,7,"MLASC"
"173...3116",62,1,7,"MLASC"
"174...3117",49,1,7,"MLASC"
"175...3118",40,1,7,"MLASC"
"176...3119",75,1,7,"MLASC"
"177...3120",96,1,7,"MLASC"
"178...3121",60,1,7,"MLASC"
"179...3122",98,1,7,"MLASC"
"180...3123",100,1,7,"MLASC"
"181...3124",91,1,7,"MLASC"
"182...3125",73,1,7,"MLASC"
"183...3126",37,1,7,"MLASC"
"184...3127",79,1,7,"MLASC"
"185...3128",44,1,7,"MLASC"
"186...3129",100,1,7,"MLASC"
"187...3130",96,1,7,"MLASC"
"188...3131",100,1,7,"MLASC"
"189...3132",100,1,7,"MLASC"
"190...3133",96,1,7,"MLASC"
"191...3134",100,1,7,"MLASC"
"192...3135",62,1,7,"MLASC"
"193...3136",100,1,7,"MLASC"
"194...3137",58,1,7,"MLASC"
"195...3138",100,1,7,"MLASC"
"196...3139",54,1,7,"MLASC"
"197...3140",100,1,7,"MLASC"
"198...3141",72,1,7,"MLASC"
"199...3142",100,1,7,"MLASC"
"200...3143",89,1,7,"MLASC"
"201...3144",100,1,7,"MLASC"
"202...3145",100,1,7,"MLASC"
"203...3146",90,1,7,"MLASC"
"204...3147",100,1,7,"MLASC"
"205...3148",100,1,7,"MLASC"
"206...3149",100,1,7,"MLASC"
"207...3150",79,1,7,"MLASC"
"208...3151",100,1,7,"MLASC"
"209...3152",100,1,7,"MLASC"
"210...3153",100,1,7,"MLASC"
"211...3154",86,1,7,"MLASC"
"212...3155",100,1,7,"MLASC"
"213...3156",99,1,7,"MLASC"
"214...3157",100,1,7,"MLASC"
"215...3158",100,1,7,"MLASC"
"216...3159",100,1,7,"MLASC"
"217...3160",100,1,7,"MLASC"
"218...3161",36,1,7,"MLASC"
"219...3162",61,1,7,"MLASC"
"220...3163",88,1,7,"MLASC"
"221...3164",27,1,7,"MLASC"
"222...3165",100,1,7,"MLASC"
"223...3166",100,1,7,"MLASC"
"224...3167",100,1,7,"MLASC"
"225...3168",100,1,7,"MLASC"
"226...3169",98,1,7,"MLASC"
"227...3170",61,1,7,"MLASC"
"228...3171",100,1,7,"MLASC"
"229...3172",67,1,7,"MLASC"
"230...3173",68,1,7,"MLASC"
"231...3174",100,1,7,"MLASC"
"232...3175",100,1,7,"MLASC"
"233...3176",100,1,7,"MLASC"
"234...3177",53,1,7,"MLASC"
"235...3178",100,1,7,"MLASC"
"236...3179",54,1,7,"MLASC"
"237...3180",100,1,7,"MLASC"
"238...3181",100,1,7,"MLASC"
"239...3182",83,1,7,"MLASC"
"240...3183",54,1,7,"MLASC"
"241...3184",100,1,7,"MLASC"
"242...3185",100,1,7,"MLASC"
"243...3186",65,1,7,"MLASC"
"244...3187",97,1,7,"MLASC"
"245...3188",100,1,7,"MLASC"
"246...3189",100,1,7,"MLASC"
"247...3190",100,1,7,"MLASC"
"248...3191",70,1,7,"MLASC"
"249...3192",63,1,7,"MLASC"
"250...3193",97,1,7,"MLASC"
"251...3194",100,1,7,"MLASC"
"252...3195",100,1,7,"MLASC"
"253...3196",26,0,7,"MLASC"
"254...3197",38,0,7,"MLASC"
"255...3198",28,0,7,"MLASC"
"256...3199",52,0,7,"MLASC"
"257...3200",6,0,7,"MLASC"
"258...3201",4,0,7,"MLASC"
"259...3202",9,0,7,"MLASC"
"260...3203",43,0,7,"MLASC"
"261...3204",39,0,7,"MLASC"
"262...3205",46,0,7,"MLASC"
"263...3206",45,0,7,"MLASC"
"264...3207",50,0,7,"MLASC"
"265...3208",28,0,7,"MLASC"
"2106...3209",99,1,8,"MLASC"
"329...3210",100,1,8,"MLASC"
"418...3211",100,1,8,"MLASC"
"518...3212",100,1,8,"MLASC"
"618...3213",100,1,8,"MLASC"
"718...3214",99,1,8,"MLASC"
"815...3215",100,1,8,"MLASC"
"914...3216",100,1,8,"MLASC"
"1014...3217",100,1,8,"MLASC"
"1114...3218",100,1,8,"MLASC"
"1214...3219",94,1,8,"MLASC"
"1314...3220",79,1,8,"MLASC"
"1414...3221",100,1,8,"MLASC"
"1514...3222",99,1,8,"MLASC"
"1614...3223",100,1,8,"MLASC"
"1714...3224",100,1,8,"MLASC"
"1814...3225",100,1,8,"MLASC"
"1914...3226",100,1,8,"MLASC"
"2014...3227",100,1,8,"MLASC"
"2114...3228",100,1,8,"MLASC"
"2214...3229",100,1,8,"MLASC"
"2314...3230",100,1,8,"MLASC"
"2414...3231",66,0,8,"MLASC"
"2514...3232",73,0,8,"MLASC"
"2614...3233",76,0,8,"MLASC"
"2107...3234",99,1,9,"MLASC"
"330...3235",88,1,9,"MLASC"
"419...3236",100,1,9,"MLASC"
"519...3237",100,1,9,"MLASC"
"619...3238",100,1,9,"MLASC"
"719...3239",100,1,9,"MLASC"
"816...3240",96,1,9,"MLASC"
"915...3241",99,1,9,"MLASC"
"1015...3242",88,1,9,"MLASC"
"1115...3243",100,1,9,"MLASC"
"1215...3244",72,1,9,"MLASC"
"1315...3245",91,1,9,"MLASC"
"1415...3246",100,1,9,"MLASC"
"1515...3247",92,1,9,"MLASC"
"1615...3248",96,1,9,"MLASC"
"1715...3249",97,1,9,"MLASC"
"1815...3250",48,1,9,"MLASC"
"1915...3251",100,1,9,"MLASC"
"2015...3252",94,1,9,"MLASC"
"2115...3253",74,1,9,"MLASC"
"2215...3254",92,1,9,"MLASC"
"2315...3255",98,1,9,"MLASC"
"2415...3256",40,0,9,"MLASC"
"2515...3257",52,0,9,"MLASC"
"2615...3258",78,0,9,"MLASC"
"2714...3259",90,0,9,"MLASC"
"2814...3260",79,0,9,"MLASC"
"2914...3261",92,0,9,"MLASC"
"3014...3262",91,0,9,"MLASC"
"2108...3263",74,1,10,"MLASC"
"334...3264",48,1,10,"MLASC"
"420...3265",39,1,10,"MLASC"
"520...3266",96,1,10,"MLASC"
"620...3267",93,1,10,"MLASC"
"720...3268",96,1,10,"MLASC"
"817...3269",75,1,10,"MLASC"
"916...3270",94,1,10,"MLASC"
"1016...3271",80,1,10,"MLASC"
"1116...3272",95,1,10,"MLASC"
"1216...3273",81,1,10,"MLASC"
"1316...3274",72,1,10,"MLASC"
"1416...3275",43,0,10,"MLASC"
"2109...3276",100,1,11,"MLASC"
"335...3277",100,1,11,"MLASC"
"423...3278",100,1,11,"MLASC"
"523...3279",100,1,11,"MLASC"
"623...3280",86,1,11,"MLASC"
"722...3281",100,1,11,"MLASC"
"818...3282",100,1,11,"MLASC"
"917...3283",97,1,11,"MLASC"
"1017...3284",100,1,11,"MLASC"
"1117...3285",100,1,11,"MLASC"
"1217...3286",100,1,11,"MLASC"
"1317...3287",100,1,11,"MLASC"
"1417...3288",100,1,11,"MLASC"
"1516...3289",100,1,11,"MLASC"
"1616...3290",100,1,11,"MLASC"
"1716...3291",100,1,11,"MLASC"
"1816...3292",100,1,11,"MLASC"
"1916...3293",100,1,11,"MLASC"
"2016...3294",100,1,11,"MLASC"
"2116...3295",100,1,11,"MLASC"
"2216...3296",100,1,11,"MLASC"
"2316...3297",100,1,11,"MLASC"
"2416...3298",100,1,11,"MLASC"
"2516...3299",98,1,11,"MLASC"
"2616...3300",100,1,11,"MLASC"
"2715...3301",98,1,11,"MLASC"
"2815...3302",100,1,11,"MLASC"
"2915...3303",100,1,11,"MLASC"
"3015...3304",91,1,11,"MLASC"
"3114...3305",100,1,11,"MLASC"
"3210...3306",100,1,11,"MLASC"
"336...3307",91,1,11,"MLASC"
"344...3308",100,1,11,"MLASC"
"354...3309",100,1,11,"MLASC"
"364...3310",100,1,11,"MLASC"
"374...3311",97,1,11,"MLASC"
"384...3312",90,1,11,"MLASC"
"393...3313",100,1,11,"MLASC"
"403...3314",99,1,11,"MLASC"
"4110...3315",100,1,11,"MLASC"
"424...3316",100,1,11,"MLASC"
"433...3317",100,1,11,"MLASC"
"443...3318",100,1,11,"MLASC"
"453...3319",100,1,11,"MLASC"
"463...3320",100,1,11,"MLASC"
"473...3321",100,1,11,"MLASC"
"483...3322",100,1,11,"MLASC"
"493...3323",76,1,11,"MLASC"
"503...3324",62,1,11,"MLASC"
"5110...3325",100,1,11,"MLASC"
"524...3326",99,1,11,"MLASC"
"533...3327",100,1,11,"MLASC"
"543...3328",100,1,11,"MLASC"
"553...3329",100,1,11,"MLASC"
"563...3330",96,1,11,"MLASC"
"573...3331",100,1,11,"MLASC"
"583...3332",100,1,11,"MLASC"
"593...3333",91,1,11,"MLASC"
"603...3334",100,1,11,"MLASC"
"6110...3335",91,1,11,"MLASC"
"624...3336",100,1,11,"MLASC"
"633...3337",100,1,11,"MLASC"
"643...3338",100,1,11,"MLASC"
"653...3339",99,1,11,"MLASC"
"663...3340",100,1,11,"MLASC"
"673...3341",100,1,11,"MLASC"
"683...3342",91,1,11,"MLASC"
"693...3343",100,1,11,"MLASC"
"703...3344",100,1,11,"MLASC"
"7110...3345",100,1,11,"MLASC"
"723...3346",100,1,11,"MLASC"
"732...3347",100,1,11,"MLASC"
"742...3348",97,1,11,"MLASC"
"752...3349",90,1,11,"MLASC"
"761...3350",99,1,11,"MLASC"
"771...3351",97,1,11,"MLASC"
"781...3352",100,1,11,"MLASC"
"791...3353",100,1,11,"MLASC"
"801...3354",100,1,11,"MLASC"
"819...3355",100,1,11,"MLASC"
"821...3356",100,1,11,"MLASC"
"831...3357",100,1,11,"MLASC"
"841...3358",100,1,11,"MLASC"
"851...3359",100,1,11,"MLASC"
"861...3360",99,1,11,"MLASC"
"871...3361",78,1,11,"MLASC"
"881...3362",84,1,11,"MLASC"
"891...3363",100,1,11,"MLASC"
"901...3364",100,1,11,"MLASC"
"918...3365",100,1,11,"MLASC"
"921...3366",100,1,11,"MLASC"
"931...3367",100,1,11,"MLASC"
"941...3368",100,1,11,"MLASC"
"951...3369",67,1,11,"MLASC"
"961...3370",100,1,11,"MLASC"
"971...3371",100,1,11,"MLASC"
"981...3372",100,1,11,"MLASC"
"991...3373",78,1,11,"MLASC"
"1001...3374",75,1,11,"MLASC"
"1018...3375",100,1,11,"MLASC"
"1021...3376",100,1,11,"MLASC"
"1031...3377",100,1,11,"MLASC"
"1041...3378",100,1,11,"MLASC"
"1051...3379",88,0,11,"MLASC"
"2117...3380",100,1,12,"MLASC"
"337...3381",100,1,12,"MLASC"
"425...3382",100,1,12,"MLASC"
"525...3383",100,1,12,"MLASC"
"625...3384",100,1,12,"MLASC"
"724...3385",100,1,12,"MLASC"
"820...3386",72,0,12,"MLASC"
"2118...3387",99,1,13,"MLASC"
"338...3388",83,1,13,"MLASC"
"426...3389",64,1,13,"MLASC"
"526...3390",58,1,13,"MLASC"
"626...3391",100,1,13,"MLASC"
"725...3392",74,1,13,"MLASC"
"822...3393",57,1,13,"MLASC"
"919...3394",100,1,13,"MLASC"
"1019...3395",66,1,13,"MLASC"
"1118...3396",100,1,13,"MLASC"
"1218...3397",100,1,13,"MLASC"
"1318...3398",87,1,13,"MLASC"
"1418...3399",100,1,13,"MLASC"
"1517...3400",100,1,13,"MLASC"
"1617...3401",72,1,13,"MLASC"
"1717...3402",86,1,13,"MLASC"
"1817...3403",100,1,13,"MLASC"
"1917...3404",66,1,13,"MLASC"
"2017...3405",44,1,13,"MLASC"
"2119...3406",80,1,13,"MLASC"
"2217...3407",72,1,13,"MLASC"
"2317...3408",100,1,13,"MLASC"
"2417...3409",97,1,13,"MLASC"
"2517...3410",100,1,13,"MLASC"
"2617...3411",40,1,13,"MLASC"
"2716...3412",98,1,13,"MLASC"
"2816...3413",79,1,13,"MLASC"
"2916...3414",55,1,13,"MLASC"
"3016...3415",100,1,13,"MLASC"
"3115...3416",48,1,13,"MLASC"
"3211...3417",100,1,13,"MLASC"
"339...3418",90,1,13,"MLASC"
"345...3419",35,0,13,"MLASC"
"355...3420",56,0,13,"MLASC"
"2120...3421",100,1,14,"MLASC"
"340...3422",100,1,14,"MLASC"
"427...3423",100,1,14,"MLASC"
"527...3424",100,1,14,"MLASC"
"627...3425",100,1,14,"MLASC"
"726...3426",100,1,14,"MLASC"
"823...3427",100,1,14,"MLASC"
"920...3428",100,1,14,"MLASC"
"1020...3429",69,1,14,"MLASC"
"1119...3430",63,1,14,"MLASC"
"1219...3431",100,1,14,"MLASC"
"1319...3432",100,1,14,"MLASC"
"1419...3433",100,1,14,"MLASC"
"1518...3434",100,1,14,"MLASC"
"1618...3435",100,1,14,"MLASC"
"1718...3436",100,1,14,"MLASC"
"1818...3437",100,1,14,"MLASC"
"1918...3438",89,1,14,"MLASC"
"2018...3439",100,1,14,"MLASC"
"2121...3440",98,1,14,"MLASC"
"2218...3441",100,1,14,"MLASC"
"2318...3442",100,1,14,"MLASC"
"2418...3443",75,1,14,"MLASC"
"2518...3444",100,1,14,"MLASC"
"2618...3445",100,1,14,"MLASC"
"2717...3446",100,1,14,"MLASC"
"2817...3447",100,1,14,"MLASC"
"2917...3448",100,1,14,"MLASC"
"3017...3449",100,1,14,"MLASC"
"3116...3450",97,1,14,"MLASC"
"3212...3451",100,1,14,"MLASC"
"3310...3452",100,1,14,"MLASC"
"346...3453",100,1,14,"MLASC"
"356...3454",100,0,14,"MLASC"
"365...3455",94,0,14,"MLASC"
"375...3456",95,0,14,"MLASC"
"385...3457",80,0,14,"MLASC"
"394...3458",100,0,14,"MLASC"
"404...3459",100,0,14,"MLASC"
"4111...3460",92,0,14,"MLASC"
"428...3461",100,0,14,"MLASC"
"434...3462",88,0,14,"MLASC"
"444...3463",98,0,14,"MLASC"
"2122...3464",100,1,15,"MLASC"
"347...3465",100,1,15,"MLASC"
"429...3466",100,1,15,"MLASC"
"528...3467",100,1,15,"MLASC"
"628...3468",100,1,15,"MLASC"
"727...3469",100,1,15,"MLASC"
"824...3470",68,1,15,"MLASC"
"922...3471",100,1,15,"MLASC"
"1022...3472",60,1,15,"MLASC"
"1120...3473",100,1,15,"MLASC"
"1220...3474",99,1,15,"MLASC"
"1320...3475",89,1,15,"MLASC"
"1420...3476",58,1,15,"MLASC"
"1519...3477",100,1,15,"MLASC"
"1619...3478",59,1,15,"MLASC"
"1719...3479",91,1,15,"MLASC"
"2123...3480",100,1,16,"MLASC"
"348...3481",98,1,16,"MLASC"
"430...3482",26,1,16,"MLASC"
"529...3483",100,1,16,"MLASC"
"629...3484",99,1,16,"MLASC"
"728...3485",100,1,16,"MLASC"
"825...3486",72,1,16,"MLASC"
"923...3487",80,1,16,"MLASC"
"1023...3488",100,1,16,"MLASC"
"1121...3489",100,1,16,"MLASC"
"1221...3490",99,1,16,"MLASC"
"1321...3491",86,1,16,"MLASC"
"1421...3492",99,1,16,"MLASC"
"1520...3493",96,1,16,"MLASC"
"1620...3494",97,1,16,"MLASC"
"1720...3495",55,1,16,"MLASC"
"1819...3496",100,1,16,"MLASC"
"1919...3497",100,1,16,"MLASC"
"2019...3498",98,1,16,"MLASC"
"2124...3499",100,1,16,"MLASC"
"2219...3500",96,1,16,"MLASC"
"2319...3501",98,1,16,"MLASC"
"2419...3502",100,1,16,"MLASC"
"2519...3503",100,1,16,"MLASC"
"2619...3504",100,1,16,"MLASC"
"2718...3505",100,1,16,"MLASC"
"2818...3506",100,1,16,"MLASC"
"2918...3507",82,0,16,"MLASC"
"3018...3508",38,0,16,"MLASC"
"3117...3509",60,0,16,"MLASC"
"3213...3510",90,0,16,"MLASC"
"3311...3511",96,0,16,"MLASC"
"349...3512",58,0,16,"MLASC"
"357...3513",74,0,16,"MLASC"
"366...3514",81,0,16,"MLASC"
"376...3515",99,0,16,"MLASC"
"386...3516",98,0,16,"MLASC"
"395...3517",100,0,16,"MLASC"
"405...3518",95,0,16,"MLASC"
"4112...3519",42,0,16,"MLASC"
"4210...3520",85,0,16,"MLASC"
"435...3521",84,0,16,"MLASC"
"445...3522",99,0,16,"MLASC"
"454...3523",76,0,16,"MLASC"
"464...3524",46,0,16,"MLASC"
"2125...3525",100,1,17,"MLASC"
"350...3526",92,1,17,"MLASC"
"436...3527",99,1,17,"MLASC"
"530...3528",100,1,17,"MLASC"
"630...3529",99,1,17,"MLASC"
"729...3530",100,1,17,"MLASC"
"826...3531",90,1,17,"MLASC"
"924...3532",75,1,17,"MLASC"
"1024...3533",91,1,17,"MLASC"
"1122...3534",96,1,17,"MLASC"
"1222...3535",64,1,17,"MLASC"
"1322...3536",90,1,17,"MLASC"
"1422...3537",100,1,17,"MLASC"
"1521...3538",100,1,17,"MLASC"
"1621...3539",87,1,17,"MLASC"
"1721...3540",100,1,17,"MLASC"
"1820...3541",99,1,17,"MLASC"
"1920...3542",100,1,17,"MLASC"
"2020...3543",77,1,17,"MLASC"
"2126...3544",99,1,17,"MLASC"
"2220...3545",66,1,17,"MLASC"
"2320...3546",99,1,17,"MLASC"
"2420...3547",94,1,17,"MLASC"
"2520...3548",100,1,17,"MLASC"
"2620...3549",79,1,17,"MLASC"
"2719...3550",56,1,17,"MLASC"
"2819...3551",100,1,17,"MLASC"
"2919...3552",100,1,17,"MLASC"
"3019...3553",60,1,17,"MLASC"
"3118...3554",31,1,17,"MLASC"
"3214...3555",42,1,17,"MLASC"
"3312...3556",80,1,17,"MLASC"
"3410...3557",43,1,17,"MLASC"
"358...3558",97,1,17,"MLASC"
"367...3559",100,1,17,"MLASC"
"377...3560",87,1,17,"MLASC"
"387...3561",99,1,17,"MLASC"
"396...3562",90,1,17,"MLASC"
"406...3563",91,1,17,"MLASC"
"4113...3564",98,1,17,"MLASC"
"4211...3565",52,0,17,"MLASC"
"437...3566",51,0,17,"MLASC"
"446...3567",73,0,17,"MLASC"
"455...3568",86,0,17,"MLASC"
"465...3569",77,0,17,"MLASC"
"474...3570",49,0,17,"MLASC"
"484...3571",26,0,17,"MLASC"
"494...3572",39,0,17,"MLASC"
"504...3573",51,0,17,"MLASC"
"5111...3574",40,0,17,"MLASC"
"5210...3575",50,0,17,"MLASC"
"534...3576",14,0,17,"MLASC"
"544...3577",38,0,17,"MLASC"
"554...3578",44,0,17,"MLASC"
"564...3579",60,0,17,"MLASC"
"574...3580",50,0,17,"MLASC"
"2127...3581",100,1,18,"MLASC"
"359...3582",99,1,18,"MLASC"
"438...3583",100,1,18,"MLASC"
"535...3584",100,1,18,"MLASC"
"634...3585",87,1,18,"MLASC"
"730...3586",100,1,18,"MLASC"
"827...3587",98,1,18,"MLASC"
"925...3588",100,1,18,"MLASC"
"1025...3589",97,0,18,"MLASC"
"2128...3590",100,1,19,"MLASC"
"360...3591",100,1,19,"MLASC"
"439...3592",100,1,19,"MLASC"
"536...3593",85,1,19,"MLASC"
"635...3594",70,1,19,"MLASC"
"733...3595",100,1,19,"MLASC"
"828...3596",100,1,19,"MLASC"
"926...3597",44,1,19,"MLASC"
"1026...3598",100,1,19,"MLASC"
"1123...3599",100,1,19,"MLASC"
"1223...3600",100,1,19,"MLASC"
"1323...3601",100,1,19,"MLASC"
"1423...3602",100,1,19,"MLASC"
"1522...3603",100,1,19,"MLASC"
"1622...3604",97,1,19,"MLASC"
"1722...3605",90,1,19,"MLASC"
"1821...3606",100,1,19,"MLASC"
"1921...3607",100,1,19,"MLASC"
"2021...3608",100,1,19,"MLASC"
"2129...3609",100,1,19,"MLASC"
"2221...3610",100,1,19,"MLASC"
"2321...3611",100,1,19,"MLASC"
"2421...3612",93,1,19,"MLASC"
"2521...3613",100,1,19,"MLASC"
"2621...3614",100,1,19,"MLASC"
"2720...3615",99,1,19,"MLASC"
"2820...3616",100,1,19,"MLASC"
"2920...3617",100,1,19,"MLASC"
"3020...3618",100,1,19,"MLASC"
"3119...3619",100,1,19,"MLASC"
"3215...3620",94,1,19,"MLASC"
"3313...3621",100,1,19,"MLASC"
"3411...3622",89,1,19,"MLASC"
"3510...3623",98,1,19,"MLASC"
"368...3624",100,1,19,"MLASC"
"378...3625",97,1,19,"MLASC"
"388...3626",100,1,19,"MLASC"
"397...3627",100,1,19,"MLASC"
"407...3628",99,1,19,"MLASC"
"4114...3629",81,1,19,"MLASC"
"4212...3630",94,1,19,"MLASC"
"4310...3631",100,1,19,"MLASC"
"447...3632",86,1,19,"MLASC"
"456...3633",89,1,19,"MLASC"
"466...3634",100,1,19,"MLASC"
"475...3635",56,0,19,"MLASC"
"485...3636",47,0,19,"MLASC"
"495...3637",41,0,19,"MLASC"
"505...3638",87,0,19,"MLASC"
"5112...3639",62,0,19,"MLASC"
"2130...3640",100,1,20,"MLASC"
"369...3641",100,1,20,"MLASC"
"440...3642",100,1,20,"MLASC"
"537...3643",100,1,20,"MLASC"
"636...3644",100,1,20,"MLASC"
"734...3645",100,1,20,"MLASC"
"829...3646",100,1,20,"MLASC"
"927...3647",100,1,20,"MLASC"
"1027...3648",100,1,20,"MLASC"
"1124...3649",100,1,20,"MLASC"
"1224...3650",88,1,20,"MLASC"
"1324...3651",100,1,20,"MLASC"
"1424...3652",100,1,20,"MLASC"
"1523...3653",99,1,20,"MLASC"
"1623...3654",100,1,20,"MLASC"
"1723...3655",91,1,20,"MLASC"
"1822...3656",100,1,20,"MLASC"
"1922...3657",100,1,20,"MLASC"
"2022...3658",100,1,20,"MLASC"
"2131...3659",100,1,20,"MLASC"
"2222...3660",100,1,20,"MLASC"
"2322...3661",100,1,20,"MLASC"
"2422...3662",100,1,20,"MLASC"
"2522...3663",94,1,20,"MLASC"
"2622...3664",100,1,20,"MLASC"
"2721...3665",98,1,20,"MLASC"
"2821...3666",97,1,20,"MLASC"
"2921...3667",100,1,20,"MLASC"
"3021...3668",100,1,20,"MLASC"
"3120...3669",100,1,20,"MLASC"
"3216...3670",100,1,20,"MLASC"
"3314...3671",100,1,20,"MLASC"
"3412...3672",59,1,20,"MLASC"
"3511...3673",100,1,20,"MLASC"
"3610...3674",100,1,20,"MLASC"
"379...3675",79,1,20,"MLASC"
"389...3676",100,1,20,"MLASC"
"398...3677",100,1,20,"MLASC"
"408...3678",100,1,20,"MLASC"
"4115...3679",53,0,20,"MLASC"
"4213...3680",50,0,20,"MLASC"
"4311...3681",95,0,20,"MLASC"
"2132...3682",100,1,21,"MLASC"
"370...3683",100,1,21,"MLASC"
"448...3684",100,1,21,"MLASC"
"538...3685",100,1,21,"MLASC"
"637...3686",100,1,21,"MLASC"
"735...3687",94,1,21,"MLASC"
"830...3688",100,1,21,"MLASC"
"928...3689",100,1,21,"MLASC"
"1028...3690",99,1,21,"MLASC"
"1125...3691",99,1,21,"MLASC"
"1225...3692",100,1,21,"MLASC"
"1325...3693",100,1,21,"MLASC"
"1425...3694",100,1,21,"MLASC"
"1524...3695",100,1,21,"MLASC"
"1624...3696",100,1,21,"MLASC"
"1724...3697",100,1,21,"MLASC"
"1823...3698",100,1,21,"MLASC"
"1923...3699",100,1,21,"MLASC"
"2023...3700",100,1,21,"MLASC"
"2133...3701",100,1,21,"MLASC"
"2223...3702",100,1,21,"MLASC"
"2323...3703",100,1,21,"MLASC"
"2423...3704",100,1,21,"MLASC"
"2523...3705",87,1,21,"MLASC"
"2623...3706",100,1,21,"MLASC"
"2722...3707",100,1,21,"MLASC"
"2822...3708",100,1,21,"MLASC"
"2922...3709",100,1,21,"MLASC"
"3022...3710",100,1,21,"MLASC"
"3121...3711",99,1,21,"MLASC"
"3217...3712",100,1,21,"MLASC"
"3315...3713",100,1,21,"MLASC"
"3413...3714",26,0,21,"MLASC"
"3512...3715",34,0,21,"MLASC"
"2134...3716",100,1,22,"MLASC"
"380...3717",100,1,22,"MLASC"
"449...3718",100,1,22,"MLASC"
"539...3719",99,1,22,"MLASC"
"638...3720",100,1,22,"MLASC"
"736...3721",100,1,22,"MLASC"
"832...3722",98,1,22,"MLASC"
"929...3723",95,1,22,"MLASC"
"1029...3724",100,1,22,"MLASC"
"1126...3725",99,1,22,"MLASC"
"1226...3726",100,1,22,"MLASC"
"1326...3727",82,1,22,"MLASC"
"1426...3728",42,1,22,"MLASC"
"1525...3729",92,1,22,"MLASC"
"1625...3730",61,1,22,"MLASC"
"1725...3731",100,1,22,"MLASC"
"1824...3732",66,1,22,"MLASC"
"1924...3733",62,1,22,"MLASC"
"2024...3734",96,1,22,"MLASC"
"2135...3735",100,1,22,"MLASC"
"2224...3736",97,1,22,"MLASC"
"2324...3737",52,0,22,"MLASC"
"2424...3738",62,0,22,"MLASC"
"2524...3739",70,0,22,"MLASC"
"2624...3740",75,0,22,"MLASC"
"2723...3741",80,0,22,"MLASC"
"2823...3742",44,0,22,"MLASC"
"2136...3743",47,1,23,"MLASC"
"390...3744",51,1,23,"MLASC"
"450...3745",59,1,23,"MLASC"
"540...3746",89,1,23,"MLASC"
"639...3747",100,1,23,"MLASC"
"737...3748",97,1,23,"MLASC"
"833...3749",100,1,23,"MLASC"
"930...3750",96,1,23,"MLASC"
"1030...3751",100,1,23,"MLASC"
"1127...3752",100,1,23,"MLASC"
"1227...3753",100,1,23,"MLASC"
"1327...3754",100,1,23,"MLASC"
"1427...3755",75,1,23,"MLASC"
"1526...3756",100,1,23,"MLASC"
"1626...3757",92,1,23,"MLASC"
"1726...3758",92,1,23,"MLASC"
"1825...3759",100,1,23,"MLASC"
"1925...3760",90,1,23,"MLASC"
"2025...3761",100,1,23,"MLASC"
"2137...3762",98,1,23,"MLASC"
"2225...3763",87,1,23,"MLASC"
"2325...3764",93,1,23,"MLASC"
"2425...3765",100,1,23,"MLASC"
"2525...3766",96,1,23,"MLASC"
"2625...3767",100,1,23,"MLASC"
"2724...3768",100,1,23,"MLASC"
"2824...3769",100,1,23,"MLASC"
"2923...3770",100,1,23,"MLASC"
"3023...3771",100,1,23,"MLASC"
"3122...3772",97,1,23,"MLASC"
"3218...3773",100,1,23,"MLASC"
"3316...3774",100,1,23,"MLASC"
"3414...3775",100,1,23,"MLASC"
"3513...3776",99,1,23,"MLASC"
"3611...3777",87,1,23,"MLASC"
"3710...3778",100,1,23,"MLASC"
"3810...3779",87,1,23,"MLASC"
"399...3780",100,1,23,"MLASC"
"409...3781",100,1,23,"MLASC"
"4116...3782",100,1,23,"MLASC"
"4214...3783",100,1,23,"MLASC"
"4312...3784",98,1,23,"MLASC"
"4410...3785",100,1,23,"MLASC"
"457...3786",100,1,23,"MLASC"
"467...3787",100,1,23,"MLASC"
"476...3788",100,1,23,"MLASC"
"486...3789",94,0,23,"MLASC"
"496...3790",35,0,23,"MLASC"
"506...3791",52,0,23,"MLASC"
"5113...3792",35,0,23,"MLASC"
"5211...3793",99,0,23,"MLASC"
"5310...3794",52,0,23,"MLASC"
"545...3795",52,0,23,"MLASC"
"555...3796",52,0,23,"MLASC"
"565...3797",92,0,23,"MLASC"
"575...3798",98,0,23,"MLASC"
"2138...3799",100,1,24,"MLASC"
"3100...3800",100,1,24,"MLASC"
"458...3801",98,1,24,"MLASC"
"546...3802",100,1,24,"MLASC"
"640...3803",96,1,24,"MLASC"
"738...3804",100,1,24,"MLASC"
"834...3805",100,1,24,"MLASC"
"932...3806",99,1,24,"MLASC"
"1032...3807",100,1,24,"MLASC"
"1128...3808",75,1,24,"MLASC"
"1228...3809",79,1,24,"MLASC"
"1328...3810",46,1,24,"MLASC"
"1428...3811",100,1,24,"MLASC"
"1527...3812",100,1,24,"MLASC"
"1627...3813",100,1,24,"MLASC"
"1727...3814",100,1,24,"MLASC"
"1826...3815",98,1,24,"MLASC"
"1926...3816",75,1,24,"MLASC"
"2026...3817",100,1,24,"MLASC"
"2139...3818",100,1,24,"MLASC"
"2226...3819",81,1,24,"MLASC"
"2326...3820",96,1,24,"MLASC"
"2426...3821",100,1,24,"MLASC"
"2526...3822",100,1,24,"MLASC"
"2626...3823",88,1,24,"MLASC"
"2725...3824",100,1,24,"MLASC"
"2825...3825",98,1,24,"MLASC"
"2924...3826",97,1,24,"MLASC"
"3024...3827",100,1,24,"MLASC"
"3123...3828",100,1,24,"MLASC"
"3219...3829",78,0,24,"MLASC"
"3317...3830",59,0,24,"MLASC"
"3415...3831",63,0,24,"MLASC"
"3514...3832",56,0,24,"MLASC"
"3612...3833",51,0,24,"MLASC"
"3711...3834",68,0,24,"MLASC"
"2140...3835",100,1,25,"MLASC"
"3101...3836",100,1,25,"MLASC"
"459...3837",100,1,25,"MLASC"
"547...3838",100,1,25,"MLASC"
"644...3839",74,1,25,"MLASC"
"739...3840",100,1,25,"MLASC"
"835...3841",100,1,25,"MLASC"
"933...3842",100,1,25,"MLASC"
"1033...3843",74,1,25,"MLASC"
"1129...3844",100,1,25,"MLASC"
"1229...3845",100,1,25,"MLASC"
"1329...3846",100,1,25,"MLASC"
"1429...3847",100,1,25,"MLASC"
"1528...3848",100,1,25,"MLASC"
"1628...3849",100,1,25,"MLASC"
"1728...3850",65,1,25,"MLASC"
"1827...3851",100,1,25,"MLASC"
"1927...3852",100,1,25,"MLASC"
"2027...3853",99,1,25,"MLASC"
"2141...3854",73,1,25,"MLASC"
"2227...3855",100,1,25,"MLASC"
"2327...3856",100,1,25,"MLASC"
"2427...3857",100,1,25,"MLASC"
"2527...3858",100,1,25,"MLASC"
"2627...3859",100,1,25,"MLASC"
"2726...3860",79,0,25,"MLASC"
"2142...3861",83,1,26,"MLASC"
"3102...3862",52,0,26,"MLASC"
"460...3863",78,0,26,"MLASC"
"548...3864",32,0,26,"MLASC"
"645...3865",54,0,26,"MLASC"
"740...3866",90,0,26,"MLASC"
"836...3867",75,0,26,"MLASC"
"934...3868",51,0,26,"MLASC"
"1034...3869",34,0,26,"MLASC"
"1130...3870",65,0,26,"MLASC"
"1230...3871",82,0,26,"MLASC"
"1330...3872",61,0,26,"MLASC"
"2143...3873",100,1,27,"MLASC"
"3103...3874",100,1,27,"MLASC"
"468...3875",100,1,27,"MLASC"
"549...3876",60,1,27,"MLASC"
"646...3877",63,1,27,"MLASC"
"743...3878",53,1,27,"MLASC"
"837...3879",51,1,27,"MLASC"
"935...3880",100,1,27,"MLASC"
"1035...3881",90,1,27,"MLASC"
"1131...3882",64,1,27,"MLASC"
"1231...3883",92,1,27,"MLASC"
"1331...3884",59,1,27,"MLASC"
"1430...3885",100,1,27,"MLASC"
"1529...3886",35,0,27,"MLASC"
"1629...3887",61,0,27,"MLASC"
"2144...3888",100,1,28,"MLASC"
"3104...3889",100,1,28,"MLASC"
"469...3890",100,1,28,"MLASC"
"550...3891",81,1,28,"MLASC"
"647...3892",86,1,28,"MLASC"
"744...3893",100,1,28,"MLASC"
"838...3894",99,1,28,"MLASC"
"936...3895",89,1,28,"MLASC"
"1036...3896",94,1,28,"MLASC"
"1132...3897",100,1,28,"MLASC"
"1232...3898",100,1,28,"MLASC"
"1332...3899",50,1,28,"MLASC"
"1431...3900",100,1,28,"MLASC"
"1530...3901",68,1,28,"MLASC"
"1630...3902",100,1,28,"MLASC"
"1729...3903",86,1,28,"MLASC"
"1828...3904",81,1,28,"MLASC"
"1928...3905",92,1,28,"MLASC"
"2028...3906",65,1,28,"MLASC"
"2145...3907",100,1,28,"MLASC"
"2228...3908",86,1,28,"MLASC"
"2328...3909",49,0,28,"MLASC"
"2428...3910",75,0,28,"MLASC"
"2146...3911",95,1,29,"MLASC"
"3105...3912",100,1,29,"MLASC"
"470...3913",100,1,29,"MLASC"
"556...3914",91,1,29,"MLASC"
"648...3915",100,1,29,"MLASC"
"745...3916",67,1,29,"MLASC"
"839...3917",95,1,29,"MLASC"
"937...3918",100,1,29,"MLASC"
"1037...3919",100,1,29,"MLASC"
"1133...3920",64,1,29,"MLASC"
"1233...3921",100,1,29,"MLASC"
"1333...3922",97,1,29,"MLASC"
"1432...3923",87,1,29,"MLASC"
"1531...3924",96,1,29,"MLASC"
"1631...3925",100,1,29,"MLASC"
"1730...3926",86,1,29,"MLASC"
"1829...3927",99,1,29,"MLASC"
"1929...3928",89,1,29,"MLASC"
"2029...3929",100,1,29,"MLASC"
"2147...3930",98,1,29,"MLASC"
"2229...3931",84,1,29,"MLASC"
"2329...3932",95,1,29,"MLASC"
"2429...3933",99,1,29,"MLASC"
"2528...3934",91,1,29,"MLASC"
"2628...3935",99,1,29,"MLASC"
"2727...3936",100,1,29,"MLASC"
"2826...3937",59,1,29,"MLASC"
"2925...3938",58,1,29,"MLASC"
"3025...3939",99,1,29,"MLASC"
"3124...3940",100,1,29,"MLASC"
"3220...3941",100,1,29,"MLASC"
"3318...3942",99,1,29,"MLASC"
"3416...3943",88,0,29,"MLASC"
"3515...3944",84,0,29,"MLASC"
"3613...3945",35,0,29,"MLASC"
"3712...3946",52,0,29,"MLASC"
"3811...3947",80,0,29,"MLASC"
"3910...3948",93,0,29,"MLASC"
"4010...3949",100,0,29,"MLASC"
"4117...3950",100,0,29,"MLASC"
"4215...3951",74,0,29,"MLASC"
"2148...3952",100,1,30,"MLASC"
"3106...3953",100,1,30,"MLASC"
"477...3954",100,1,30,"MLASC"
"557...3955",76,1,30,"MLASC"
"649...3956",100,1,30,"MLASC"
"746...3957",95,1,30,"MLASC"
"840...3958",100,1,30,"MLASC"
"938...3959",100,1,30,"MLASC"
"1038...3960",100,1,30,"MLASC"
"1134...3961",100,1,30,"MLASC"
"1234...3962",100,1,30,"MLASC"
"1334...3963",98,1,30,"MLASC"
"1433...3964",68,1,30,"MLASC"
"1532...3965",96,1,30,"MLASC"
"1632...3966",100,1,30,"MLASC"
"1731...3967",100,1,30,"MLASC"
"1830...3968",100,1,30,"MLASC"
"1930...3969",100,1,30,"MLASC"
"2030...3970",100,1,30,"MLASC"
"2149...3971",100,1,30,"MLASC"
"2230...3972",100,1,30,"MLASC"
"2330...3973",100,1,30,"MLASC"
"2430...3974",100,1,30,"MLASC"
"2529...3975",100,1,30,"MLASC"
"2629...3976",100,1,30,"MLASC"
"2728...3977",100,1,30,"MLASC"
"2827...3978",100,1,30,"MLASC"
"2926...3979",100,1,30,"MLASC"
"3026...3980",100,1,30,"MLASC"
"3125...3981",100,1,30,"MLASC"
"3221...3982",100,1,30,"MLASC"
"3319...3983",100,1,30,"MLASC"
"3417...3984",100,1,30,"MLASC"
"3516...3985",99,1,30,"MLASC"
"3614...3986",100,1,30,"MLASC"
"3713...3987",100,1,30,"MLASC"
"3812...3988",100,1,30,"MLASC"
"3911...3989",100,1,30,"MLASC"
"4011...3990",100,1,30,"MLASC"
"4118...3991",100,1,30,"MLASC"
"4216...3992",100,1,30,"MLASC"
"4313...3993",100,1,30,"MLASC"
"4411...3994",96,1,30,"MLASC"
"4510...3995",83,1,30,"MLASC"
"4610...3996",99,1,30,"MLASC"
"478...3997",100,1,30,"MLASC"
"487...3998",100,1,30,"MLASC"
"497...3999",100,1,30,"MLASC"
"507...4000",100,1,30,"MLASC"
"5114...4001",100,1,30,"MLASC"
"5212...4002",99,1,30,"MLASC"
"5311...4003",100,1,30,"MLASC"
"5410...4004",98,1,30,"MLASC"
"558...4005",100,1,30,"MLASC"
"566...4006",72,1,30,"MLASC"
"576...4007",66,1,30,"MLASC"
"584...4008",100,1,30,"MLASC"
"594...4009",98,1,30,"MLASC"
"604...4010",100,1,30,"MLASC"
"6111...4011",100,1,30,"MLASC"
"6210...4012",92,1,30,"MLASC"
"6310...4013",100,1,30,"MLASC"
"6410...4014",100,1,30,"MLASC"
"654...4015",99,1,30,"MLASC"
"664...4016",100,1,30,"MLASC"
"674...4017",81,1,30,"MLASC"
"684...4018",100,1,30,"MLASC"
"694...4019",100,1,30,"MLASC"
"704...4020",100,1,30,"MLASC"
"7111...4021",100,1,30,"MLASC"
"7210...4022",99,1,30,"MLASC"
"7310...4023",100,1,30,"MLASC"
"747...4024",100,1,30,"MLASC"
"753...4025",92,0,30,"MLASC"
"762...4026",54,0,30,"MLASC"
"772...4027",100,0,30,"MLASC"
"782...4028",100,0,30,"MLASC"
"792...4029",90,0,30,"MLASC"
"802...4030",100,0,30,"MLASC"
"8110...4031",81,0,30,"MLASC"
"8210...4032",73,0,30,"MLASC"
"8310...4033",99,0,30,"MLASC"
"2150...4034",96,1,31,"MLASC"
"3107...4035",98,1,31,"MLASC"
"479...4036",91,1,31,"MLASC"
"559...4037",100,1,31,"MLASC"
"650...4038",100,1,31,"MLASC"
"748...4039",96,1,31,"MLASC"
"842...4040",98,1,31,"MLASC"
"939...4041",87,1,31,"MLASC"
"1039...4042",100,1,31,"MLASC"
"1135...4043",98,1,31,"MLASC"
"1235...4044",89,1,31,"MLASC"
"1335...4045",97,1,31,"MLASC"
"1434...4046",95,1,31,"MLASC"
"1533...4047",63,1,31,"MLASC"
"1633...4048",96,1,31,"MLASC"
"1732...4049",97,1,31,"MLASC"
"1831...4050",90,1,31,"MLASC"
"1931...4051",100,1,31,"MLASC"
"2031...4052",52,1,31,"MLASC"
"2151...4053",100,1,31,"MLASC"
"2231...4054",100,1,31,"MLASC"
"2331...4055",95,1,31,"MLASC"
"2431...4056",95,1,31,"MLASC"
"2530...4057",74,1,31,"MLASC"
"2630...4058",100,1,31,"MLASC"
"2729...4059",100,1,31,"MLASC"
"2828...4060",80,1,31,"MLASC"
"2927...4061",100,1,31,"MLASC"
"3027...4062",92,1,31,"MLASC"
"3126...4063",100,1,31,"MLASC"
"3222...4064",100,1,31,"MLASC"
"3320...4065",100,1,31,"MLASC"
"3418...4066",96,0,31,"MLASC"
"3517...4067",65,0,31,"MLASC"
"3615...4068",71,0,31,"MLASC"
"3714...4069",60,0,31,"MLASC"
"2152...4070",91,1,32,"MLASC"
"3108...4071",100,1,32,"MLASC"
"480...4072",84,1,32,"MLASC"
"560...4073",100,1,32,"MLASC"
"655...4074",100,1,32,"MLASC"
"749...4075",100,1,32,"MLASC"
"843...4076",90,1,32,"MLASC"
"940...4077",47,1,32,"MLASC"
"1040...4078",90,1,32,"MLASC"
"1136...4079",100,1,32,"MLASC"
"1236...4080",100,1,32,"MLASC"
"1336...4081",83,1,32,"MLASC"
"1435...4082",99,1,32,"MLASC"
"1534...4083",100,1,32,"MLASC"
"1634...4084",100,1,32,"MLASC"
"1733...4085",54,1,32,"MLASC"
"1832...4086",92,1,32,"MLASC"
"1932...4087",100,1,32,"MLASC"
"2032...4088",99,1,32,"MLASC"
"2153...4089",100,1,32,"MLASC"
"2232...4090",96,1,32,"MLASC"
"2332...4091",100,1,32,"MLASC"
"2432...4092",100,1,32,"MLASC"
"2531...4093",100,1,32,"MLASC"
"2631...4094",100,1,32,"MLASC"
"2730...4095",78,1,32,"MLASC"
"2829...4096",97,1,32,"MLASC"
"2928...4097",100,1,32,"MLASC"
"3028...4098",100,1,32,"MLASC"
"3127...4099",82,1,32,"MLASC"
"3223...4100",100,1,32,"MLASC"
"3321...4101",96,1,32,"MLASC"
"3419...4102",100,1,32,"MLASC"
"3518...4103",100,1,32,"MLASC"
"3616...4104",66,1,32,"MLASC"
"3715...4105",59,1,32,"MLASC"
"3813...4106",100,1,32,"MLASC"
"3912...4107",100,1,32,"MLASC"
"4012...4108",100,1,32,"MLASC"
"4119...4109",100,1,32,"MLASC"
"4217...4110",99,1,32,"MLASC"
"4314...4111",92,1,32,"MLASC"
"4412...4112",96,0,32,"MLASC"
"4511...4113",73,0,32,"MLASC"
"4611...4114",52,0,32,"MLASC"
"4710...4115",84,0,32,"MLASC"
"488...4116",100,0,32,"MLASC"
"498...4117",46,0,32,"MLASC"
"508...4118",57,0,32,"MLASC"
"5115...4119",78,0,32,"MLASC"
"5213...4120",56,0,32,"MLASC"
"5312...4121",91,0,32,"MLASC"
"5411...4122",78,0,32,"MLASC"
"2154...4123",42,1,33,"MLASC"
"3109...4124",80,1,33,"MLASC"
"489...4125",100,1,33,"MLASC"
"567...4126",100,1,33,"MLASC"
"656...4127",100,1,33,"MLASC"
"750...4128",33,0,33,"MLASC"
"844...4129",41,0,33,"MLASC"
"2155...4130",100,1,34,"MLASC"
"3128...4131",99,1,34,"MLASC"
"490...4132",97,1,34,"MLASC"
"568...4133",98,1,34,"MLASC"
"657...4134",100,1,34,"MLASC"
"754...4135",100,1,34,"MLASC"
"845...4136",99,1,34,"MLASC"
"942...4137",100,1,34,"MLASC"
"1042...4138",97,1,34,"MLASC"
"1137...4139",100,1,34,"MLASC"
"1237...4140",100,1,34,"MLASC"
"1337...4141",98,1,34,"MLASC"
"1436...4142",100,1,34,"MLASC"
"1535...4143",72,1,34,"MLASC"
"1635...4144",100,1,34,"MLASC"
"1734...4145",86,1,34,"MLASC"
"1833...4146",100,1,34,"MLASC"
"1933...4147",100,1,34,"MLASC"
"2033...4148",100,1,34,"MLASC"
"2156...4149",100,1,34,"MLASC"
"2233...4150",66,1,34,"MLASC"
"2333...4151",100,1,34,"MLASC"
"2433...4152",100,1,34,"MLASC"
"2532...4153",82,1,34,"MLASC"
"2632...4154",89,1,34,"MLASC"
"2731...4155",87,1,34,"MLASC"
"2830...4156",100,1,34,"MLASC"
"2929...4157",77,1,34,"MLASC"
"3029...4158",73,1,34,"MLASC"
"3129...4159",87,1,34,"MLASC"
"3224...4160",100,1,34,"MLASC"
"3322...4161",93,1,34,"MLASC"
"3420...4162",100,1,34,"MLASC"
"3519...4163",74,0,34,"MLASC"
"3617...4164",29,0,34,"MLASC"
"3716...4165",62,0,34,"MLASC"
"3814...4166",48,0,34,"MLASC"
"3913...4167",48,0,34,"MLASC"
"4013...4168",62,0,34,"MLASC"
"4120...4169",85,0,34,"MLASC"
"2157...4170",100,1,35,"MLASC"
"3130...4171",92,1,35,"MLASC"
"499...4172",99,1,35,"MLASC"
"569...4173",100,1,35,"MLASC"
"658...4174",92,1,35,"MLASC"
"755...4175",100,1,35,"MLASC"
"846...4176",98,1,35,"MLASC"
"943...4177",77,0,35,"MLASC"
"2158...4178",75,1,36,"MLASC"
"3131...4179",73,1,36,"MLASC"
"4100...4180",59,1,36,"MLASC"
"570...4181",55,1,36,"MLASC"
"659...4182",100,1,36,"MLASC"
"756...4183",100,1,36,"MLASC"
"847...4184",88,1,36,"MLASC"
"944...4185",92,1,36,"MLASC"
"1043...4186",99,1,36,"MLASC"
"1138...4187",55,1,36,"MLASC"
"1238...4188",100,1,36,"MLASC"
"1338...4189",100,1,36,"MLASC"
"1437...4190",100,1,36,"MLASC"
"1536...4191",99,1,36,"MLASC"
"1636...4192",75,1,36,"MLASC"
"1735...4193",100,1,36,"MLASC"
"1834...4194",100,1,36,"MLASC"
"1934...4195",77,1,36,"MLASC"
"2034...4196",94,1,36,"MLASC"
"2159...4197",53,0,36,"MLASC"
"2234...4198",51,0,36,"MLASC"
"2160...4199",100,1,37,"MLASC"
"3132...4200",100,1,37,"MLASC"
"4101...4201",100,1,37,"MLASC"
"577...4202",100,1,37,"MLASC"
"660...4203",100,1,37,"MLASC"
"757...4204",100,1,37,"MLASC"
"848...4205",100,1,37,"MLASC"
"945...4206",100,1,37,"MLASC"
"1044...4207",69,1,37,"MLASC"
"2161...4208",99,1,38,"MLASC"
"3133...4209",88,1,38,"MLASC"
"4102...4210",78,1,38,"MLASC"
"578...4211",99,1,38,"MLASC"
"665...4212",99,1,38,"MLASC"
"758...4213",100,1,38,"MLASC"
"849...4214",90,1,38,"MLASC"
"946...4215",100,1,38,"MLASC"
"1045...4216",99,1,38,"MLASC"
"1139...4217",100,1,38,"MLASC"
"1239...4218",100,1,38,"MLASC"
"1339...4219",100,1,38,"MLASC"
"1438...4220",100,1,38,"MLASC"
"1537...4221",100,1,38,"MLASC"
"1637...4222",100,1,38,"MLASC"
"1736...4223",100,1,38,"MLASC"
"1835...4224",100,1,38,"MLASC"
"1935...4225",100,1,38,"MLASC"
"2035...4226",100,1,38,"MLASC"
"2162...4227",100,1,38,"MLASC"
"2235...4228",100,1,38,"MLASC"
"2334...4229",99,1,38,"MLASC"
"2434...4230",86,1,38,"MLASC"
"2533...4231",100,1,38,"MLASC"
"2633...4232",100,1,38,"MLASC"
"2732...4233",77,1,38,"MLASC"
"2831...4234",100,1,38,"MLASC"
"2930...4235",100,1,38,"MLASC"
"3030...4236",94,1,38,"MLASC"
"3134...4237",99,1,38,"MLASC"
"3225...4238",80,1,38,"MLASC"
"3323...4239",86,1,38,"MLASC"
"3421...4240",97,1,38,"MLASC"
"3520...4241",99,1,38,"MLASC"
"3618...4242",100,1,38,"MLASC"
"3717...4243",96,1,38,"MLASC"
"3815...4244",100,1,38,"MLASC"
"3914...4245",100,1,38,"MLASC"
"4014...4246",85,0,38,"MLASC"
"4121...4247",90,0,38,"MLASC"
"4218...4248",99,0,38,"MLASC"
"4315...4249",74,0,38,"MLASC"
"4413...4250",54,0,38,"MLASC"
"4512...4251",66,0,38,"MLASC"
"4612...4252",47,0,38,"MLASC"
"4711...4253",37,0,38,"MLASC"
"4810...4254",34,0,38,"MLASC"
"4910...4255",47,0,38,"MLASC"
"509...4256",89,0,38,"MLASC"
"5116...4257",81,0,38,"MLASC"
"5214...4258",76,0,38,"MLASC"
"5313...4259",95,0,38,"MLASC"
"5412...4260",100,0,38,"MLASC"
"5510...4261",78,0,38,"MLASC"
"5610...4262",74,0,38,"MLASC"
"579...4263",86,0,38,"MLASC"
"585...4264",85,0,38,"MLASC"
"595...4265",93,0,38,"MLASC"
"605...4266",68,0,38,"MLASC"
"2163...4267",100,1,39,"MLASC"
"3135...4268",99,1,39,"MLASC"
"4103...4269",100,1,39,"MLASC"
"580...4270",94,1,39,"MLASC"
"666...4271",100,1,39,"MLASC"
"759...4272",99,1,39,"MLASC"
"850...4273",100,1,39,"MLASC"
"947...4274",84,1,39,"MLASC"
"1046...4275",100,1,39,"MLASC"
"1140...4276",75,1,39,"MLASC"
"1240...4277",94,1,39,"MLASC"
"1340...4278",100,1,39,"MLASC"
"1439...4279",100,1,39,"MLASC"
"1538...4280",100,1,39,"MLASC"
"1638...4281",99,1,39,"MLASC"
"1737...4282",100,1,39,"MLASC"
"1836...4283",100,1,39,"MLASC"
"1936...4284",100,1,39,"MLASC"
"2036...4285",97,0,39,"MLASC"
"2164...4286",51,0,39,"MLASC"
"2236...4287",30,0,39,"MLASC"
"2335...4288",100,0,39,"MLASC"
"2435...4289",80,0,39,"MLASC"
"2534...4290",99,0,39,"MLASC"
"2634...4291",90,0,39,"MLASC"
"2733...4292",100,0,39,"MLASC"
"2832...4293",99,0,39,"MLASC"
"2931...4294",96,0,39,"MLASC"
"3031...4295",68,0,39,"MLASC"
"3136...4296",97,0,39,"MLASC"
"3226...4297",77,0,39,"MLASC"
"3324...4298",100,0,39,"MLASC"
"3422...4299",48,0,39,"MLASC"
"3521...4300",35,0,39,"MLASC"
"3619...4301",52,0,39,"MLASC"
"3718...4302",100,0,39,"MLASC"
"3816...4303",71,0,39,"MLASC"
"3915...4304",68,0,39,"MLASC"
"4015...4305",97,0,39,"MLASC"
"4122...4306",100,0,39,"MLASC"
"2165...4307",100,1,40,"MLASC"
"3137...4308",100,1,40,"MLASC"
"4104...4309",100,1,40,"MLASC"
"586...4310",65,1,40,"MLASC"
"667...4311",100,1,40,"MLASC"
"760...4312",100,1,40,"MLASC"
"852...4313",100,1,40,"MLASC"
"2166...4314",100,1,41,"MLASC"
"3138...4315",80,1,41,"MLASC"
"4105...4316",78,1,41,"MLASC"
"587...4317",100,1,41,"MLASC"
"668...4318",96,1,41,"MLASC"
"763...4319",100,1,41,"MLASC"
"853...4320",100,1,41,"MLASC"
"948...4321",93,1,41,"MLASC"
"1047...4322",100,1,41,"MLASC"
"1141...4323",100,1,41,"MLASC"
"1241...4324",96,1,41,"MLASC"
"1341...4325",87,1,41,"MLASC"
"1440...4326",100,1,41,"MLASC"
"1539...4327",97,1,41,"MLASC"
"1639...4328",94,1,41,"MLASC"
"1738...4329",94,1,41,"MLASC"
"1837...4330",99,1,41,"MLASC"
"1937...4331",100,1,41,"MLASC"
"2037...4332",100,1,41,"MLASC"
"2167...4333",99,1,41,"MLASC"
"2237...4334",100,1,41,"MLASC"
"2336...4335",52,1,41,"MLASC"
"2436...4336",100,1,41,"MLASC"
"2535...4337",100,1,41,"MLASC"
"2635...4338",98,1,41,"MLASC"
"2734...4339",100,1,41,"MLASC"
"2833...4340",96,1,41,"MLASC"
"2932...4341",93,1,41,"MLASC"
"3032...4342",100,1,41,"MLASC"
"3139...4343",100,1,41,"MLASC"
"3227...4344",95,1,41,"MLASC"
"3325...4345",100,1,41,"MLASC"
"3423...4346",98,1,41,"MLASC"
"3522...4347",100,1,41,"MLASC"
"3620...4348",90,1,41,"MLASC"
"3719...4349",100,1,41,"MLASC"
"3817...4350",99,1,41,"MLASC"
"3916...4351",100,1,41,"MLASC"
"4016...4352",100,1,41,"MLASC"
"4123...4353",100,1,41,"MLASC"
"4219...4354",96,1,41,"MLASC"
"4316...4355",100,1,41,"MLASC"
"4414...4356",86,1,41,"MLASC"
"4513...4357",98,1,41,"MLASC"
"4613...4358",95,1,41,"MLASC"
"4712...4359",100,1,41,"MLASC"
"4811...4360",70,0,41,"MLASC"
"4911...4361",46,0,41,"MLASC"
"5010...4362",50,0,41,"MLASC"
"5117...4363",46,0,41,"MLASC"
"5215...4364",83,0,41,"MLASC"
"5314...4365",70,0,41,"MLASC"
"5413...4366",72,0,41,"MLASC"
"5511...4367",55,0,41,"MLASC"
"5611...4368",43,0,41,"MLASC"
"5710...4369",49,0,41,"MLASC"
"2168...4370",100,1,42,"MLASC"
"3140...4371",78,1,42,"MLASC"
"4106...4372",100,1,42,"MLASC"
"588...4373",64,1,42,"MLASC"
"669...4374",82,1,42,"MLASC"
"764...4375",96,1,42,"MLASC"
"854...4376",99,1,42,"MLASC"
"949...4377",85,1,42,"MLASC"
"1048...4378",68,1,42,"MLASC"
"1142...4379",100,1,42,"MLASC"
"1242...4380",97,1,42,"MLASC"
"1342...4381",91,1,42,"MLASC"
"1441...4382",64,1,42,"MLASC"
"1540...4383",67,1,42,"MLASC"
"1640...4384",100,1,42,"MLASC"
"1739...4385",99,1,42,"MLASC"
"1838...4386",99,1,42,"MLASC"
"1938...4387",99,1,42,"MLASC"
"2038...4388",91,1,42,"MLASC"
"2169...4389",95,1,42,"MLASC"
"2238...4390",99,1,42,"MLASC"
"2337...4391",98,1,42,"MLASC"
"2437...4392",66,1,42,"MLASC"
"2536...4393",100,1,42,"MLASC"
"2636...4394",100,1,42,"MLASC"
"2735...4395",100,1,42,"MLASC"
"2834...4396",27,0,42,"MLASC"
"2933...4397",47,0,42,"MLASC"
"3033...4398",56,0,42,"MLASC"
"3141...4399",68,0,42,"MLASC"
"3228...4400",53,0,42,"MLASC"
"3326...4401",67,0,42,"MLASC"
"2170...4402",100,1,43,"MLASC"
"3142...4403",85,1,43,"MLASC"
"4107...4404",100,1,43,"MLASC"
"589...4405",96,1,43,"MLASC"
"670...4406",90,1,43,"MLASC"
"765...4407",100,1,43,"MLASC"
"855...4408",99,1,43,"MLASC"
"950...4409",98,1,43,"MLASC"
"1049...4410",93,1,43,"MLASC"
"1143...4411",50,1,43,"MLASC"
"1243...4412",86,1,43,"MLASC"
"1343...4413",100,1,43,"MLASC"
"1442...4414",100,1,43,"MLASC"
"1541...4415",95,1,43,"MLASC"
"1641...4416",98,1,43,"MLASC"
"1740...4417",56,1,43,"MLASC"
"1839...4418",98,1,43,"MLASC"
"1939...4419",98,1,43,"MLASC"
"2039...4420",95,1,43,"MLASC"
"2171...4421",99,1,43,"MLASC"
"2239...4422",100,1,43,"MLASC"
"2338...4423",98,1,43,"MLASC"
"2438...4424",99,1,43,"MLASC"
"2537...4425",99,1,43,"MLASC"
"2637...4426",100,1,43,"MLASC"
"2736...4427",100,1,43,"MLASC"
"2835...4428",80,1,43,"MLASC"
"2934...4429",98,1,43,"MLASC"
"3034...4430",98,1,43,"MLASC"
"3143...4431",100,1,43,"MLASC"
"3229...4432",100,1,43,"MLASC"
"3327...4433",75,1,43,"MLASC"
"3424...4434",99,1,43,"MLASC"
"3523...4435",100,1,43,"MLASC"
"3621...4436",99,1,43,"MLASC"
"3720...4437",99,1,43,"MLASC"
"3818...4438",100,1,43,"MLASC"
"3917...4439",97,1,43,"MLASC"
"4017...4440",99,1,43,"MLASC"
"4124...4441",99,1,43,"MLASC"
"4220...4442",97,1,43,"MLASC"
"4317...4443",99,1,43,"MLASC"
"4415...4444",84,1,43,"MLASC"
"4514...4445",100,1,43,"MLASC"
"4614...4446",100,1,43,"MLASC"
"4713...4447",100,1,43,"MLASC"
"4812...4448",100,1,43,"MLASC"
"4912...4449",100,1,43,"MLASC"
"5011...4450",98,1,43,"MLASC"
"5118...4451",100,1,43,"MLASC"
"5216...4452",100,1,43,"MLASC"
"5315...4453",100,1,43,"MLASC"
"5414...4454",100,1,43,"MLASC"
"5512...4455",100,1,43,"MLASC"
"5612...4456",85,1,43,"MLASC"
"5711...4457",90,1,43,"MLASC"
"5810...4458",100,1,43,"MLASC"
"596...4459",100,1,43,"MLASC"
"606...4460",100,1,43,"MLASC"
"6112...4461",88,0,43,"MLASC"
"6211...4462",90,0,43,"MLASC"
"6311...4463",41,0,43,"MLASC"
"6411...4464",99,0,43,"MLASC"
"6510...4465",53,0,43,"MLASC"
"6610...4466",68,0,43,"MLASC"
"675...4467",81,0,43,"MLASC"
"685...4468",83,0,43,"MLASC"
"695...4469",97,0,43,"MLASC"
"705...4470",56,0,43,"MLASC"
"7112...4471",72,0,43,"MLASC"
"7211...4472",75,0,43,"MLASC"
"7311...4473",58,0,43,"MLASC"
"7410...4474",97,0,43,"MLASC"
"7510...4475",41,0,43,"MLASC"
"766...4476",51,0,43,"MLASC"
"773...4477",28,0,43,"MLASC"
"783...4478",19,0,43,"MLASC"
"793...4479",47,0,43,"MLASC"
"803...4480",98,0,43,"MLASC"
"8111...4481",37,0,43,"MLASC"
"8211...4482",77,0,43,"MLASC"
"8311...4483",77,0,43,"MLASC"
"8410...4484",90,0,43,"MLASC"
"856...4485",45,0,43,"MLASC"
"862...4486",27,0,43,"MLASC"
"872...4487",88,0,43,"MLASC"
"882...4488",61,0,43,"MLASC"
"892...4489",43,0,43,"MLASC"
"902...4490",29,0,43,"MLASC"
"9110...4491",69,0,43,"MLASC"
"9210...4492",94,0,43,"MLASC"
"9310...4493",59,0,43,"MLASC"
"9410...4494",88,0,43,"MLASC"
"952...4495",64,0,43,"MLASC"
"962...4496",99,0,43,"MLASC"
"972...4497",78,0,43,"MLASC"
"982...4498",77,0,43,"MLASC"
"992...4499",85,0,43,"MLASC"
"1002...4500",99,0,43,"MLASC"
"10110...4501",97,0,43,"MLASC"
"10210...4502",77,0,43,"MLASC"
"10310...4503",95,0,43,"MLASC"
"10410...4504",65,0,43,"MLASC"
"1052...4505",74,0,43,"MLASC"
"1061...4506",82,0,43,"MLASC"
"1071...4507",87,0,43,"MLASC"
"1081...4508",77,0,43,"MLASC"
"1091...4509",84,0,43,"MLASC"
"1101...4510",95,0,43,"MLASC"
"2172...4511",93,1,44,"MLASC"
"3144...4512",100,1,44,"MLASC"
"4108...4513",96,1,44,"MLASC"
"590...4514",88,1,44,"MLASC"
"676...4515",89,1,44,"MLASC"
"767...4516",99,1,44,"MLASC"
"857...4517",100,1,44,"MLASC"
"953...4518",89,1,44,"MLASC"
"1050...4519",92,1,44,"MLASC"
"1144...4520",99,1,44,"MLASC"
"1244...4521",71,1,44,"MLASC"
"1344...4522",70,1,44,"MLASC"
"1443...4523",96,1,44,"MLASC"
"1542...4524",95,1,44,"MLASC"
"1642...4525",98,1,44,"MLASC"
"1741...4526",95,1,44,"MLASC"
"1840...4527",100,1,44,"MLASC"
"1940...4528",81,1,44,"MLASC"
"2040...4529",74,1,44,"MLASC"
"2173...4530",89,1,44,"MLASC"
"2240...4531",93,1,44,"MLASC"
"2339...4532",88,1,44,"MLASC"
"2439...4533",100,1,44,"MLASC"
"2538...4534",93,1,44,"MLASC"
"2638...4535",92,1,44,"MLASC"
"2737...4536",100,1,44,"MLASC"
"2836...4537",81,1,44,"MLASC"
"2935...4538",82,1,44,"MLASC"
"3035...4539",100,1,44,"MLASC"
"3145...4540",100,1,44,"MLASC"
"3230...4541",70,1,44,"MLASC"
"3328...4542",66,0,44,"MLASC"
"3425...4543",60,0,44,"MLASC"
"3524...4544",61,0,44,"MLASC"
"3622...4545",61,0,44,"MLASC"
"3721...4546",81,0,44,"MLASC"
"3819...4547",49,0,44,"MLASC"
"3918...4548",72,0,44,"MLASC"
"2174...4549",100,1,45,"MLASC"
"3146...4550",100,1,45,"MLASC"
"4109...4551",100,1,45,"MLASC"
"597...4552",100,1,45,"MLASC"
"677...4553",100,1,45,"MLASC"
"768...4554",100,1,45,"MLASC"
"858...4555",98,1,45,"MLASC"
"954...4556",100,1,45,"MLASC"
"1053...4557",100,1,45,"MLASC"
"1145...4558",100,1,45,"MLASC"
"1245...4559",100,1,45,"MLASC"
"1345...4560",76,1,45,"MLASC"
"1444...4561",100,1,45,"MLASC"
"1543...4562",100,1,45,"MLASC"
"1643...4563",92,1,45,"MLASC"
"1742...4564",96,1,45,"MLASC"
"1841...4565",90,1,45,"MLASC"
"1941...4566",100,1,45,"MLASC"
"2041...4567",87,1,45,"MLASC"
"2175...4568",100,1,45,"MLASC"
"2241...4569",100,1,45,"MLASC"
"2340...4570",100,1,45,"MLASC"
"2440...4571",100,1,45,"MLASC"
"2539...4572",98,1,45,"MLASC"
"2639...4573",100,1,45,"MLASC"
"2738...4574",99,1,45,"MLASC"
"2837...4575",98,1,45,"MLASC"
"2936...4576",99,1,45,"MLASC"
"3036...4577",100,1,45,"MLASC"
"3147...4578",100,1,45,"MLASC"
"3231...4579",100,1,45,"MLASC"
"3329...4580",97,1,45,"MLASC"
"3426...4581",98,1,45,"MLASC"
"3525...4582",100,1,45,"MLASC"
"3623...4583",100,1,45,"MLASC"
"3722...4584",100,1,45,"MLASC"
"3820...4585",99,1,45,"MLASC"
"3919...4586",100,1,45,"MLASC"
"4018...4587",98,1,45,"MLASC"
"4125...4588",100,1,45,"MLASC"
"4221...4589",100,1,45,"MLASC"
"4318...4590",100,1,45,"MLASC"
"4416...4591",100,1,45,"MLASC"
"4515...4592",100,1,45,"MLASC"
"4615...4593",100,1,45,"MLASC"
"4714...4594",100,1,45,"MLASC"
"4813...4595",100,1,45,"MLASC"
"4913...4596",100,1,45,"MLASC"
"5012...4597",92,1,45,"MLASC"
"5119...4598",93,1,45,"MLASC"
"5217...4599",100,1,45,"MLASC"
"5316...4600",100,1,45,"MLASC"
"5415...4601",100,1,45,"MLASC"
"5513...4602",99,1,45,"MLASC"
"5613...4603",100,1,45,"MLASC"
"5712...4604",100,1,45,"MLASC"
"5811...4605",90,1,45,"MLASC"
"598...4606",100,1,45,"MLASC"
"607...4607",100,1,45,"MLASC"
"6113...4608",100,1,45,"MLASC"
"6212...4609",98,1,45,"MLASC"
"6312...4610",95,1,45,"MLASC"
"6412...4611",99,1,45,"MLASC"
"6511...4612",100,1,45,"MLASC"
"6611...4613",100,1,45,"MLASC"
"678...4614",100,1,45,"MLASC"
"686...4615",100,1,45,"MLASC"
"696...4616",100,1,45,"MLASC"
"706...4617",100,1,45,"MLASC"
"7113...4618",100,1,45,"MLASC"
"7212...4619",94,1,45,"MLASC"
"7312...4620",100,1,45,"MLASC"
"7411...4621",100,1,45,"MLASC"
"7511...4622",100,1,45,"MLASC"
"769...4623",89,1,45,"MLASC"
"774...4624",100,1,45,"MLASC"
"784...4625",100,1,45,"MLASC"
"794...4626",99,1,45,"MLASC"
"804...4627",100,1,45,"MLASC"
"8112...4628",41,1,45,"MLASC"
"8212...4629",49,1,45,"MLASC"
"8312...4630",100,1,45,"MLASC"
"8411...4631",53,1,45,"MLASC"
"859...4632",100,1,45,"MLASC"
"863...4633",97,1,45,"MLASC"
"873...4634",98,1,45,"MLASC"
"883...4635",100,1,45,"MLASC"
"893...4636",96,1,45,"MLASC"
"903...4637",100,1,45,"MLASC"
"9111...4638",100,1,45,"MLASC"
"9211...4639",100,1,45,"MLASC"
"9311...4640",100,1,45,"MLASC"
"9411...4641",99,1,45,"MLASC"
"955...4642",100,1,45,"MLASC"
"963...4643",100,1,45,"MLASC"
"973...4644",99,1,45,"MLASC"
"983...4645",99,1,45,"MLASC"
"993...4646",56,1,45,"MLASC"
"1003...4647",100,1,45,"MLASC"
"10111...4648",100,1,45,"MLASC"
"10211...4649",99,1,45,"MLASC"
"10311...4650",94,1,45,"MLASC"
"10411...4651",100,1,45,"MLASC"
"1054...4652",100,1,45,"MLASC"
"1062...4653",100,1,45,"MLASC"
"1072...4654",100,1,45,"MLASC"
"1082...4655",96,1,45,"MLASC"
"1092...4656",54,0,45,"MLASC"
"1102...4657",95,0,45,"MLASC"
"11110...4658",67,0,45,"MLASC"
"11210...4659",95,0,45,"MLASC"
"11310...4660",76,0,45,"MLASC"
"1146...4661",97,0,45,"MLASC"
"1151...4662",66,0,45,"MLASC"
"1161...4663",92,0,45,"MLASC"
"1171...4664",83,0,45,"MLASC"
"1181...4665",62,0,45,"MLASC"
"1191...4666",61,0,45,"MLASC"
"1201...4667",100,0,45,"MLASC"
"12110...4668",87,0,45,"MLASC"
"12210...4669",85,0,45,"MLASC"
"12310...4670",63,0,45,"MLASC"
"1246...4671",89,0,45,"MLASC"
"1251...4672",81,0,45,"MLASC"
"1261...4673",76,0,45,"MLASC"
"2176...4674",100,1,46,"MLASC"
"3148...4675",100,1,46,"MLASC"
"4126...4676",100,1,46,"MLASC"
"599...4677",79,1,46,"MLASC"
"679...4678",100,1,46,"MLASC"
"770...4679",100,1,46,"MLASC"
"860...4680",100,1,46,"MLASC"
"956...4681",100,1,46,"MLASC"
"1055...4682",100,1,46,"MLASC"
"1147...4683",98,1,46,"MLASC"
"1247...4684",100,1,46,"MLASC"
"1346...4685",100,1,46,"MLASC"
"1445...4686",100,1,46,"MLASC"
"1544...4687",100,1,46,"MLASC"
"1644...4688",100,1,46,"MLASC"
"1743...4689",100,1,46,"MLASC"
"1842...4690",100,1,46,"MLASC"
"1942...4691",98,1,46,"MLASC"
"2042...4692",100,1,46,"MLASC"
"2177...4693",100,1,46,"MLASC"
"2242...4694",94,1,46,"MLASC"
"2341...4695",100,1,46,"MLASC"
"2441...4696",100,1,46,"MLASC"
"2540...4697",79,1,46,"MLASC"
"2640...4698",100,1,46,"MLASC"
"2739...4699",59,1,46,"MLASC"
"2838...4700",99,1,46,"MLASC"
"2937...4701",70,1,46,"MLASC"
"3037...4702",93,1,46,"MLASC"
"3149...4703",100,1,46,"MLASC"
"3232...4704",100,1,46,"MLASC"
"3330...4705",100,1,46,"MLASC"
"3427...4706",65,1,46,"MLASC"
"3526...4707",100,1,46,"MLASC"
"3624...4708",100,1,46,"MLASC"
"3723...4709",100,1,46,"MLASC"
"3821...4710",100,1,46,"MLASC"
"3920...4711",100,1,46,"MLASC"
"4019...4712",95,1,46,"MLASC"
"4127...4713",96,1,46,"MLASC"
"4222...4714",96,1,46,"MLASC"
"4319...4715",100,1,46,"MLASC"
"4417...4716",100,1,46,"MLASC"
"4516...4717",100,1,46,"MLASC"
"4616...4718",100,1,46,"MLASC"
"4715...4719",100,1,46,"MLASC"
"4814...4720",100,1,46,"MLASC"
"4914...4721",56,1,46,"MLASC"
"5013...4722",57,1,46,"MLASC"
"5120...4723",100,1,46,"MLASC"
"5218...4724",100,1,46,"MLASC"
"5317...4725",100,1,46,"MLASC"
"5416...4726",100,1,46,"MLASC"
"5514...4727",94,1,46,"MLASC"
"5614...4728",100,1,46,"MLASC"
"5713...4729",100,1,46,"MLASC"
"5812...4730",100,1,46,"MLASC"
"5910...4731",100,1,46,"MLASC"
"608...4732",99,1,46,"MLASC"
"6114...4733",100,1,46,"MLASC"
"6213...4734",100,1,46,"MLASC"
"6313...4735",100,1,46,"MLASC"
"6413...4736",100,1,46,"MLASC"
"6512...4737",100,1,46,"MLASC"
"6612...4738",53,1,46,"MLASC"
"6710...4739",100,1,46,"MLASC"
"687...4740",54,1,46,"MLASC"
"697...4741",100,1,46,"MLASC"
"707...4742",100,1,46,"MLASC"
"7114...4743",53,1,46,"MLASC"
"7213...4744",100,1,46,"MLASC"
"7313...4745",94,1,46,"MLASC"
"7412...4746",100,1,46,"MLASC"
"7512...4747",100,1,46,"MLASC"
"7610...4748",100,1,46,"MLASC"
"775...4749",100,1,46,"MLASC"
"785...4750",100,1,46,"MLASC"
"795...4751",91,1,46,"MLASC"
"805...4752",100,1,46,"MLASC"
"8113...4753",100,1,46,"MLASC"
"8213...4754",100,1,46,"MLASC"
"8313...4755",100,1,46,"MLASC"
"8412...4756",100,1,46,"MLASC"
"8510...4757",100,1,46,"MLASC"
"864...4758",79,1,46,"MLASC"
"874...4759",100,1,46,"MLASC"
"884...4760",100,1,46,"MLASC"
"894...4761",55,0,46,"MLASC"
"904...4762",43,0,46,"MLASC"
"2178...4763",99,1,47,"MLASC"
"3150...4764",86,1,47,"MLASC"
"4128...4765",35,1,47,"MLASC"
"5100...4766",100,1,47,"MLASC"
"680...4767",99,1,47,"MLASC"
"776...4768",100,1,47,"MLASC"
"865...4769",98,1,47,"MLASC"
"957...4770",100,1,47,"MLASC"
"1056...4771",99,1,47,"MLASC"
"1148...4772",100,1,47,"MLASC"
"1248...4773",100,1,47,"MLASC"
"1347...4774",100,1,47,"MLASC"
"1446...4775",95,1,47,"MLASC"
"1545...4776",100,1,47,"MLASC"
"1645...4777",100,1,47,"MLASC"
"1744...4778",96,1,47,"MLASC"
"1843...4779",92,1,47,"MLASC"
"1943...4780",77,1,47,"MLASC"
"2043...4781",100,1,47,"MLASC"
"2179...4782",99,1,47,"MLASC"
"2243...4783",76,1,47,"MLASC"
"2342...4784",98,1,47,"MLASC"
"2442...4785",100,1,47,"MLASC"
"2541...4786",100,1,47,"MLASC"
"2641...4787",99,1,47,"MLASC"
"2740...4788",100,1,47,"MLASC"
"2839...4789",100,1,47,"MLASC"
"2938...4790",100,1,47,"MLASC"
"3038...4791",98,1,47,"MLASC"
"3151...4792",100,1,47,"MLASC"
"3233...4793",98,1,47,"MLASC"
"3331...4794",100,1,47,"MLASC"
"3428...4795",98,1,47,"MLASC"
"3527...4796",98,1,47,"MLASC"
"3625...4797",100,1,47,"MLASC"
"3724...4798",100,1,47,"MLASC"
"3822...4799",100,1,47,"MLASC"
"3921...4800",100,1,47,"MLASC"
"4020...4801",95,1,47,"MLASC"
"4129...4802",99,1,47,"MLASC"
"4223...4803",94,1,47,"MLASC"
"4320...4804",100,1,47,"MLASC"
"4418...4805",98,1,47,"MLASC"
"4517...4806",98,1,47,"MLASC"
"4617...4807",95,1,47,"MLASC"
"4716...4808",100,1,47,"MLASC"
"4815...4809",97,1,47,"MLASC"
"4915...4810",95,1,47,"MLASC"
"5014...4811",95,1,47,"MLASC"
"5121...4812",97,1,47,"MLASC"
"5219...4813",100,1,47,"MLASC"
"5318...4814",100,1,47,"MLASC"
"5417...4815",100,1,47,"MLASC"
"5515...4816",100,1,47,"MLASC"
"5615...4817",54,1,47,"MLASC"
"5714...4818",100,1,47,"MLASC"
"5813...4819",100,1,47,"MLASC"
"5911...4820",98,1,47,"MLASC"
"609...4821",100,1,47,"MLASC"
"6115...4822",29,0,47,"MLASC"
"6214...4823",31,0,47,"MLASC"
"6314...4824",81,0,47,"MLASC"
"6414...4825",17,0,47,"MLASC"
"6513...4826",81,0,47,"MLASC"
"6613...4827",97,0,47,"MLASC"
"6711...4828",72,0,47,"MLASC"
"688...4829",74,0,47,"MLASC"
"2180...4830",62,1,48,"MLASC"
"3152...4831",100,1,48,"MLASC"
"4130...4832",62,1,48,"MLASC"
"5101...4833",100,1,48,"MLASC"
"689...4834",100,1,48,"MLASC"
"777...4835",100,1,48,"MLASC"
"866...4836",96,1,48,"MLASC"
"958...4837",88,1,48,"MLASC"
"1057...4838",100,1,48,"MLASC"
"1149...4839",84,1,48,"MLASC"
"1249...4840",99,1,48,"MLASC"
"1348...4841",100,1,48,"MLASC"
"1447...4842",100,1,48,"MLASC"
"1546...4843",94,1,48,"MLASC"
"1646...4844",98,1,48,"MLASC"
"1745...4845",100,1,48,"MLASC"
"1844...4846",99,1,48,"MLASC"
"1944...4847",100,1,48,"MLASC"
"2044...4848",57,1,48,"MLASC"
"2181...4849",100,1,48,"MLASC"
"2244...4850",100,1,48,"MLASC"
"2343...4851",100,1,48,"MLASC"
"2443...4852",99,1,48,"MLASC"
"2542...4853",93,1,48,"MLASC"
"2642...4854",98,1,48,"MLASC"
"2741...4855",72,1,48,"MLASC"
"2840...4856",61,1,48,"MLASC"
"2939...4857",88,1,48,"MLASC"
"3039...4858",99,1,48,"MLASC"
"3153...4859",58,1,48,"MLASC"
"3234...4860",100,1,48,"MLASC"
"3332...4861",100,1,48,"MLASC"
"3429...4862",100,1,48,"MLASC"
"3528...4863",100,1,48,"MLASC"
"3626...4864",100,1,48,"MLASC"
"3725...4865",100,1,48,"MLASC"
"3823...4866",91,1,48,"MLASC"
"3922...4867",70,1,48,"MLASC"
"4021...4868",100,1,48,"MLASC"
"4131...4869",100,1,48,"MLASC"
"4224...4870",100,1,48,"MLASC"
"4321...4871",66,1,48,"MLASC"
"4419...4872",65,1,48,"MLASC"
"4518...4873",100,1,48,"MLASC"
"4618...4874",100,1,48,"MLASC"
"4717...4875",100,1,48,"MLASC"
"4816...4876",100,1,48,"MLASC"
"4916...4877",100,1,48,"MLASC"
"5015...4878",100,1,48,"MLASC"
"5122...4879",94,0,48,"MLASC"
"2182...4880",99,1,49,"MLASC"
"3154...4881",100,1,49,"MLASC"
"4132...4882",100,1,49,"MLASC"
"5102...4883",94,1,49,"MLASC"
"690...4884",53,1,49,"MLASC"
"778...4885",100,1,49,"MLASC"
"867...4886",88,1,49,"MLASC"
"959...4887",100,1,49,"MLASC"
"1058...4888",100,1,49,"MLASC"
"1150...4889",69,1,49,"MLASC"
"1250...4890",100,1,49,"MLASC"
"1349...4891",97,1,49,"MLASC"
"1448...4892",100,1,49,"MLASC"
"1547...4893",100,1,49,"MLASC"
"1647...4894",84,1,49,"MLASC"
"1746...4895",73,1,49,"MLASC"
"1845...4896",100,1,49,"MLASC"
"1945...4897",100,1,49,"MLASC"
"2045...4898",94,1,49,"MLASC"
"2183...4899",100,1,49,"MLASC"
"2245...4900",99,1,49,"MLASC"
"2344...4901",100,1,49,"MLASC"
"2444...4902",100,1,49,"MLASC"
"2543...4903",87,1,49,"MLASC"
"2643...4904",100,1,49,"MLASC"
"2742...4905",99,1,49,"MLASC"
"2841...4906",100,1,49,"MLASC"
"2940...4907",99,1,49,"MLASC"
"3040...4908",100,1,49,"MLASC"
"3155...4909",100,1,49,"MLASC"
"3235...4910",99,1,49,"MLASC"
"3333...4911",100,1,49,"MLASC"
"3430...4912",100,1,49,"MLASC"
"3529...4913",100,1,49,"MLASC"
"2184...4914",93,1,50,"MLASC"
"3156...4915",93,1,50,"MLASC"
"4133...4916",97,1,50,"MLASC"
"5103...4917",98,1,50,"MLASC"
"698...4918",98,1,50,"MLASC"
"779...4919",100,1,50,"MLASC"
"868...4920",98,1,50,"MLASC"
"960...4921",97,1,50,"MLASC"
"1059...4922",100,1,50,"MLASC"
"1152...4923",100,1,50,"MLASC"
"1252...4924",77,1,50,"MLASC"
"1350...4925",100,1,50,"MLASC"
"1449...4926",100,1,50,"MLASC"
"1548...4927",92,1,50,"MLASC"
"1648...4928",100,1,50,"MLASC"
"1747...4929",97,1,50,"MLASC"
"1846...4930",75,1,50,"MLASC"
"1946...4931",69,1,50,"MLASC"
"2046...4932",77,1,50,"MLASC"
"2185...4933",100,1,50,"MLASC"
"2246...4934",76,1,50,"MLASC"
"2345...4935",100,1,50,"MLASC"
"2445...4936",100,1,50,"MLASC"
"2544...4937",100,1,50,"MLASC"
"2644...4938",77,1,50,"MLASC"
"2743...4939",100,1,50,"MLASC"
"2842...4940",100,1,50,"MLASC"
"2941...4941",100,1,50,"MLASC"
"3041...4942",100,1,50,"MLASC"
"3157...4943",100,1,50,"MLASC"
"3236...4944",93,1,50,"MLASC"
"3334...4945",100,1,50,"MLASC"
"3431...4946",100,1,50,"MLASC"
"3530...4947",99,1,50,"MLASC"
"3627...4948",99,1,50,"MLASC"
"3726...4949",100,1,50,"MLASC"
"3824...4950",100,1,50,"MLASC"
"3923...4951",83,1,50,"MLASC"
"4022...4952",100,1,50,"MLASC"
"4134...4953",99,1,50,"MLASC"
"4225...4954",100,1,50,"MLASC"
"4322...4955",51,1,50,"MLASC"
"4420...4956",47,1,50,"MLASC"
"4519...4957",63,1,50,"MLASC"
"4619...4958",95,1,50,"MLASC"
"4718...4959",81,1,50,"MLASC"
"4817...4960",69,1,50,"MLASC"
"4917...4961",100,1,50,"MLASC"
"5016...4962",100,1,50,"MLASC"
"5123...4963",100,1,50,"MLASC"
"5220...4964",100,1,50,"MLASC"
"5319...4965",100,1,50,"MLASC"
"5418...4966",100,1,50,"MLASC"
"5516...4967",100,1,50,"MLASC"
"5616...4968",96,1,50,"MLASC"
"5715...4969",94,1,50,"MLASC"
"5814...4970",97,1,50,"MLASC"
"5912...4971",100,1,50,"MLASC"
"6010...4972",93,1,50,"MLASC"
"6116...4973",88,1,50,"MLASC"
"6215...4974",76,1,50,"MLASC"
"6315...4975",71,1,50,"MLASC"
"6415...4976",90,1,50,"MLASC"
"6514...4977",71,1,50,"MLASC"
"6614...4978",75,1,50,"MLASC"
"6712...4979",86,1,50,"MLASC"
"6810...4980",81,1,50,"MLASC"
"699...4981",94,1,50,"MLASC"
"708...4982",78,1,50,"MLASC"
"7115...4983",100,1,50,"MLASC"
"7214...4984",100,1,50,"MLASC"
"7314...4985",100,1,50,"MLASC"
"7413...4986",93,1,50,"MLASC"
"7513...4987",100,1,50,"MLASC"
"7611...4988",100,1,50,"MLASC"
"7710...4989",96,1,50,"MLASC"
"786...4990",88,1,50,"MLASC"
"796...4991",100,1,50,"MLASC"
"806...4992",100,1,50,"MLASC"
"8114...4993",100,1,50,"MLASC"
"8214...4994",97,1,50,"MLASC"
"8314...4995",100,1,50,"MLASC"
"8413...4996",100,1,50,"MLASC"
"8511...4997",100,1,50,"MLASC"
"869...4998",97,1,50,"MLASC"
"875...4999",100,1,50,"MLASC"
"885...5000",98,1,50,"MLASC"
"895...5001",100,1,50,"MLASC"
"905...5002",94,1,50,"MLASC"
"9112...5003",100,1,50,"MLASC"
"9212...5004",99,1,50,"MLASC"
"9312...5005",97,1,50,"MLASC"
"9412...5006",100,1,50,"MLASC"
"9510...5007",100,1,50,"MLASC"
"964...5008",100,1,50,"MLASC"
"974...5009",100,1,50,"MLASC"
"984...5010",99,1,50,"MLASC"
"994...5011",100,1,50,"MLASC"
"1004...5012",100,1,50,"MLASC"
"10112...5013",100,1,50,"MLASC"
"10212...5014",100,1,50,"MLASC"
"10312...5015",100,1,50,"MLASC"
"10412...5016",100,1,50,"MLASC"
"10510...5017",100,1,50,"MLASC"
"1063...5018",100,1,50,"MLASC"
"1073...5019",100,1,50,"MLASC"
"1083...5020",91,1,50,"MLASC"
"1093...5021",92,1,50,"MLASC"
"1103...5022",100,1,50,"MLASC"
"11111...5023",100,1,50,"MLASC"
"11211...5024",100,1,50,"MLASC"
"11311...5025",99,1,50,"MLASC"
"11410...5026",97,1,50,"MLASC"
"1153...5027",100,1,50,"MLASC"
"1162...5028",99,1,50,"MLASC"
"1172...5029",100,1,50,"MLASC"
"1182...5030",97,1,50,"MLASC"
"1192...5031",100,1,50,"MLASC"
"1202...5032",100,1,50,"MLASC"
"12111...5033",100,1,50,"MLASC"
"12211...5034",100,1,50,"MLASC"
"12311...5035",100,1,50,"MLASC"
"12410...5036",65,1,50,"MLASC"
"1253...5037",58,1,50,"MLASC"
"1262...5038",65,1,50,"MLASC"
"1271...5039",100,1,50,"MLASC"
"1281...5040",100,1,50,"MLASC"
"1291...5041",100,1,50,"MLASC"
"1301...5042",100,1,50,"MLASC"
"13110...5043",100,1,50,"MLASC"
"13210...5044",100,1,50,"MLASC"
"13310...5045",100,1,50,"MLASC"
"13410...5046",100,1,50,"MLASC"
"1351...5047",100,1,50,"MLASC"
"1361...5048",100,1,50,"MLASC"
"1371...5049",100,1,50,"MLASC"
"1381...5050",100,1,50,"MLASC"
"1391...5051",100,1,50,"MLASC"
"1401...5052",100,1,50,"MLASC"
"14110...5053",98,1,50,"MLASC"
"14210...5054",100,1,50,"MLASC"
"14310...5055",100,1,50,"MLASC"
"14410...5056",100,1,50,"MLASC"
"1451...5057",100,1,50,"MLASC"
"1461...5058",100,1,50,"MLASC"
"1471...5059",100,1,50,"MLASC"
"1481...5060",100,1,50,"MLASC"
"1491...5061",85,1,50,"MLASC"
"1501...5062",100,1,50,"MLASC"
"15110...5063",100,1,50,"MLASC"
"15210...5064",100,1,50,"MLASC"
"15310...5065",100,1,50,"MLASC"
"1549...5066",100,1,50,"MLASC"
"1551...5067",100,1,50,"MLASC"
"1561...5068",100,1,50,"MLASC"
"1571...5069",100,1,50,"MLASC"
"1581...5070",100,1,50,"MLASC"
"1591...5071",100,1,50,"MLASC"
"1601...5072",100,1,50,"MLASC"
"16110...5073",100,1,50,"MLASC"
"16210...5074",100,1,50,"MLASC"
"16310...5075",100,1,50,"MLASC"
"1649...5076",100,1,50,"MLASC"
"1651...5077",100,1,50,"MLASC"
"1661...5078",100,1,50,"MLASC"
"1671...5079",100,1,50,"MLASC"
"1681...5080",100,1,50,"MLASC"
"1691...5081",100,1,50,"MLASC"
"1701...5082",100,1,50,"MLASC"
"17110...5083",100,1,50,"MLASC"
"17210...5084",100,1,50,"MLASC"
"17310...5085",100,1,50,"MLASC"
"1748...5086",100,1,50,"MLASC"
"1751...5087",100,1,50,"MLASC"
"1761...5088",100,1,50,"MLASC"
"1771...5089",100,1,50,"MLASC"
"1781...5090",100,1,50,"MLASC"
"1791...5091",100,1,50,"MLASC"
"1801...5092",100,1,50,"MLASC"
"18110...5093",100,1,50,"MLASC"
"18210...5094",100,1,50,"MLASC"
"18310...5095",100,1,50,"MLASC"
"1847...5096",100,1,50,"MLASC"
"1851...5097",100,1,50,"MLASC"
"1861...5098",100,1,50,"MLASC"
"1871...5099",100,1,50,"MLASC"
"1881...5100",98,1,50,"MLASC"
"1891...5101",87,1,50,"MLASC"
"1901...5102",80,1,50,"MLASC"
"19110...5103",95,1,50,"MLASC"
"19210...5104",99,1,50,"MLASC"
"19310...5105",82,1,50,"MLASC"
"1947...5106",100,1,50,"MLASC"
"1951...5107",99,1,50,"MLASC"
"1961...5108",82,1,50,"MLASC"
"1971...5109",96,1,50,"MLASC"
"1981...5110",100,1,50,"MLASC"
"1991...5111",99,1,50,"MLASC"
"2001...5112",100,1,50,"MLASC"
"20110...5113",52,1,50,"MLASC"
"20210...5114",97,1,50,"MLASC"
"20310...5115",100,1,50,"MLASC"
"2047...5116",99,1,50,"MLASC"
"2051...5117",95,1,50,"MLASC"
"2061...5118",100,1,50,"MLASC"
"2071...5119",98,1,50,"MLASC"
"2081...5120",89,1,50,"MLASC"
"2091...5121",100,1,50,"MLASC"
"21010...5122",92,1,50,"MLASC"
"21110...5123",98,1,50,"MLASC"
"21210...5124",100,1,50,"MLASC"
"21310...5125",72,1,50,"MLASC"
"21410...5126",83,1,50,"MLASC"
"21510...5127",57,1,50,"MLASC"
"21610...5128",96,1,50,"MLASC"
"21710...5129",97,1,50,"MLASC"
"2186...5130",60,1,50,"MLASC"
"2191...5131",68,1,50,"MLASC"
"2201...5132",53,1,50,"MLASC"
"22110...5133",100,1,50,"MLASC"
"22210...5134",98,1,50,"MLASC"
"22310...5135",99,1,50,"MLASC"
"2247...5136",100,1,50,"MLASC"
"2251...5137",88,1,50,"MLASC"
"2261...5138",100,1,50,"MLASC"
"2271...5139",100,1,50,"MLASC"
"2281...5140",100,1,50,"MLASC"
"2291...5141",94,1,50,"MLASC"
"2301...5142",45,1,50,"MLASC"
"23110...5143",100,1,50,"MLASC"
"23210...5144",100,1,50,"MLASC"
"23310...5145",100,1,50,"MLASC"
"2346...5146",100,1,50,"MLASC"
"2351...5147",100,1,50,"MLASC"
"2361...5148",100,1,50,"MLASC"
"2371...5149",100,1,50,"MLASC"
"2381...5150",79,1,50,"MLASC"
"2391...5151",100,1,50,"MLASC"
"2401...5152",100,1,50,"MLASC"
"24110...5153",100,1,50,"MLASC"
"24210...5154",100,1,50,"MLASC"
"24310...5155",100,1,50,"MLASC"
"2446...5156",100,1,50,"MLASC"
"2451...5157",100,1,50,"MLASC"
"2461...5158",100,1,50,"MLASC"
"2471...5159",100,1,50,"MLASC"
"2481...5160",100,1,50,"MLASC"
"2491...5161",100,1,50,"MLASC"
"2501...5162",99,1,50,"MLASC"
"25110...5163",100,1,50,"MLASC"
"25210...5164",100,1,50,"MLASC"
"25310...5165",100,1,50,"MLASC"
"2545...5166",100,1,50,"MLASC"
"2551...5167",100,1,50,"MLASC"
"2561...5168",100,1,50,"MLASC"
"2571...5169",100,1,50,"MLASC"
"2581...5170",100,1,50,"MLASC"
"2591...5171",100,1,50,"MLASC"
"2601...5172",99,1,50,"MLASC"
"26110...5173",100,1,50,"MLASC"
"26210...5174",100,1,50,"MLASC"
"26310...5175",100,1,50,"MLASC"
"2645...5176",100,1,50,"MLASC"
"2651...5177",100,1,50,"MLASC"
"266...5178",100,1,50,"MLASC"
"267...5179",100,1,50,"MLASC"
"268...5180",100,1,50,"MLASC"
"269...5181",100,1,50,"MLASC"
"270...5182",96,1,50,"MLASC"
"271...5183",100,1,50,"MLASC"
"272...5184",100,1,50,"MLASC"
"273...5185",100,1,50,"MLASC"
"274...5186",100,1,50,"MLASC"
"275...5187",80,1,50,"MLASC"
"276...5188",100,1,50,"MLASC"
"277...5189",100,1,50,"MLASC"
"278...5190",100,1,50,"MLASC"
"279...5191",100,1,50,"MLASC"
"280...5192",100,1,50,"MLASC"
"281...5193",100,1,50,"MLASC"
"282...5194",100,1,50,"MLASC"
"283...5195",100,1,50,"MLASC"
"284...5196",98,1,50,"MLASC"
"285...5197",81,1,50,"MLASC"
"286...5198",72,1,50,"MLASC"
"287...5199",86,1,50,"MLASC"
"288...5200",66,1,50,"MLASC"
"289...5201",100,1,50,"MLASC"
"290...5202",75,1,50,"MLASC"
"291...5203",97,1,50,"MLASC"
"292...5204",100,1,50,"MLASC"
"293...5205",100,1,50,"MLASC"
"294...5206",89,1,50,"MLASC"
"295...5207",94,1,50,"MLASC"
"296...5208",87,1,50,"MLASC"
"297...5209",100,1,50,"MLASC"
"298...5210",99,1,50,"MLASC"
"299...5211",100,1,50,"MLASC"
"300...5212",100,1,50,"MLASC"
"301...5213",95,1,50,"MLASC"
"302...5214",95,1,50,"MLASC"
"303...5215",100,1,50,"MLASC"
"304...5216",93,1,50,"MLASC"
"305...5217",100,1,50,"MLASC"
"306...5218",100,1,50,"MLASC"
"307...5219",100,1,50,"MLASC"
"308...5220",40,0,50,"MLASC"
"309...5221",44,0,50,"MLASC"
"310...5222",65,0,50,"MLASC"
"311...5223",64,0,50,"MLASC"
"312...5224",81,0,50,"MLASC"
"313...5225",81,0,50,"MLASC"
"314...5226",82,0,50,"MLASC"
"315...5227",86,0,50,"MLASC"
"316...5228",86,0,50,"MLASC"
"317...5229",86,0,50,"MLASC"
"318...5230",46,0,50,"MLASC"
"2187...5231",100,1,51,"MLASC"
"3158...5232",97,1,51,"MLASC"
"4135...5233",100,1,51,"MLASC"
"5104...5234",100,1,51,"MLASC"
"6100...5235",100,1,51,"MLASC"
"780...5236",100,1,51,"MLASC"
"870...5237",100,1,51,"MLASC"
"965...5238",100,1,51,"MLASC"
"1060...5239",100,1,51,"MLASC"
"1154...5240",100,1,51,"MLASC"
"1254...5241",100,1,51,"MLASC"
"1352...5242",100,1,51,"MLASC"
"1450...5243",100,1,51,"MLASC"
"1550...5244",100,1,51,"MLASC"
"1650...5245",100,1,51,"MLASC"
"1749...5246",100,1,51,"MLASC"
"1848...5247",55,1,51,"MLASC"
"1948...5248",100,1,51,"MLASC"
"2048...5249",89,1,51,"MLASC"
"2188...5250",87,1,51,"MLASC"
"2248...5251",100,1,51,"MLASC"
"2347...5252",100,1,51,"MLASC"
"2447...5253",41,1,51,"MLASC"
"2546...5254",62,1,51,"MLASC"
"2646...5255",100,1,51,"MLASC"
"2744...5256",100,1,51,"MLASC"
"2843...5257",100,1,51,"MLASC"
"2942...5258",97,1,51,"MLASC"
"3042...5259",100,1,51,"MLASC"
"3159...5260",100,1,51,"MLASC"
"3237...5261",100,1,51,"MLASC"
"3335...5262",100,1,51,"MLASC"
"3432...5263",100,1,51,"MLASC"
"3531...5264",100,1,51,"MLASC"
"3628...5265",100,1,51,"MLASC"
"3727...5266",100,1,51,"MLASC"
"3825...5267",100,1,51,"MLASC"
"3924...5268",100,1,51,"MLASC"
"4023...5269",98,1,51,"MLASC"
"4136...5270",58,1,51,"MLASC"
"4226...5271",100,1,51,"MLASC"
"4323...5272",100,1,51,"MLASC"
"4421...5273",96,1,51,"MLASC"
"4520...5274",73,1,51,"MLASC"
"4620...5275",73,1,51,"MLASC"
"4719...5276",100,1,51,"MLASC"
"4818...5277",48,1,51,"MLASC"
"4918...5278",100,1,51,"MLASC"
"5017...5279",100,1,51,"MLASC"
"5124...5280",73,1,51,"MLASC"
"5221...5281",100,1,51,"MLASC"
"5320...5282",100,1,51,"MLASC"
"5419...5283",96,1,51,"MLASC"
"5517...5284",100,1,51,"MLASC"
"5617...5285",100,1,51,"MLASC"
"5716...5286",100,1,51,"MLASC"
"5815...5287",100,1,51,"MLASC"
"5913...5288",62,1,51,"MLASC"
"6011...5289",100,1,51,"MLASC"
"6117...5290",61,1,51,"MLASC"
"6216...5291",100,1,51,"MLASC"
"6316...5292",100,1,51,"MLASC"
"6416...5293",100,1,51,"MLASC"
"6515...5294",100,1,51,"MLASC"
"6615...5295",98,1,51,"MLASC"
"6713...5296",100,1,51,"MLASC"
"6811...5297",100,1,51,"MLASC"
"6910...5298",100,1,51,"MLASC"
"709...5299",100,1,51,"MLASC"
"7116...5300",100,1,51,"MLASC"
"7215...5301",98,1,51,"MLASC"
"7315...5302",100,1,51,"MLASC"
"7414...5303",100,1,51,"MLASC"
"7514...5304",100,1,51,"MLASC"
"7612...5305",100,1,51,"MLASC"
"7711...5306",100,1,51,"MLASC"
"787...5307",100,1,51,"MLASC"
"797...5308",100,1,51,"MLASC"
"807...5309",100,1,51,"MLASC"
"8115...5310",100,1,51,"MLASC"
"8215...5311",99,1,51,"MLASC"
"8315...5312",99,1,51,"MLASC"
"8414...5313",100,1,51,"MLASC"
"8512...5314",99,1,51,"MLASC"
"8610...5315",100,1,51,"MLASC"
"876...5316",100,1,51,"MLASC"
"886...5317",100,1,51,"MLASC"
"896...5318",100,1,51,"MLASC"
"906...5319",100,1,51,"MLASC"
"9113...5320",100,1,51,"MLASC"
"9213...5321",100,1,51,"MLASC"
"9313...5322",100,1,51,"MLASC"
"9413...5323",100,1,51,"MLASC"
"9511...5324",100,1,51,"MLASC"
"966...5325",100,1,51,"MLASC"
"975...5326",100,1,51,"MLASC"
"985...5327",100,1,51,"MLASC"
"995...5328",100,1,51,"MLASC"
"1005...5329",100,1,51,"MLASC"
"10113...5330",100,1,51,"MLASC"
"10213...5331",100,1,51,"MLASC"
"10313...5332",100,1,51,"MLASC"
"10413...5333",100,1,51,"MLASC"
"10511...5334",100,1,51,"MLASC"
"1064...5335",100,1,51,"MLASC"
"1074...5336",100,1,51,"MLASC"
"1084...5337",100,1,51,"MLASC"
"1094...5338",100,1,51,"MLASC"
"1104...5339",100,1,51,"MLASC"
"11112...5340",100,1,51,"MLASC"
"11212...5341",100,1,51,"MLASC"
"11312...5342",100,1,51,"MLASC"
"11411...5343",100,1,51,"MLASC"
"1155...5344",100,1,51,"MLASC"
"1163...5345",100,1,51,"MLASC"
"1173...5346",100,1,51,"MLASC"
"1183...5347",100,1,51,"MLASC"
"1193...5348",100,1,51,"MLASC"
"1203...5349",100,1,51,"MLASC"
"12112...5350",100,1,51,"MLASC"
"12212...5351",100,1,51,"MLASC"
"12312...5352",100,1,51,"MLASC"
"12411...5353",100,1,51,"MLASC"
"1255...5354",100,1,51,"MLASC"
"1263...5355",100,1,51,"MLASC"
"1272...5356",100,1,51,"MLASC"
"1282...5357",100,1,51,"MLASC"
"1292...5358",100,1,51,"MLASC"
"1302...5359",100,1,51,"MLASC"
"13111...5360",100,1,51,"MLASC"
"13211...5361",100,1,51,"MLASC"
"13311...5362",100,1,51,"MLASC"
"13411...5363",100,1,51,"MLASC"
"1353...5364",100,1,51,"MLASC"
"1362...5365",100,1,51,"MLASC"
"1372...5366",100,1,51,"MLASC"
"1382...5367",100,1,51,"MLASC"
"1392...5368",100,1,51,"MLASC"
"1402...5369",100,1,51,"MLASC"
"14111...5370",100,1,51,"MLASC"
"14211...5371",100,1,51,"MLASC"
"14311...5372",100,1,51,"MLASC"
"14411...5373",91,1,51,"MLASC"
"1452...5374",100,1,51,"MLASC"
"1462...5375",100,1,51,"MLASC"
"1472...5376",100,1,51,"MLASC"
"1482...5377",100,1,51,"MLASC"
"1492...5378",100,1,51,"MLASC"
"1502...5379",100,1,51,"MLASC"
"15111...5380",100,1,51,"MLASC"
"15211...5381",100,1,51,"MLASC"
"15311...5382",100,1,51,"MLASC"
"15410...5383",92,1,51,"MLASC"
"1552...5384",92,1,51,"MLASC"
"1562...5385",100,1,51,"MLASC"
"1572...5386",100,1,51,"MLASC"
"1582...5387",100,1,51,"MLASC"
"1592...5388",100,1,51,"MLASC"
"1602...5389",100,1,51,"MLASC"
"16111...5390",100,1,51,"MLASC"
"16211...5391",99,1,51,"MLASC"
"16311...5392",100,1,51,"MLASC"
"16410...5393",98,1,51,"MLASC"
"1652...5394",94,1,51,"MLASC"
"1662...5395",95,1,51,"MLASC"
"1672...5396",100,1,51,"MLASC"
"1682...5397",100,1,51,"MLASC"
"1692...5398",100,1,51,"MLASC"
"1702...5399",100,1,51,"MLASC"
"17111...5400",100,1,51,"MLASC"
"17211...5401",100,1,51,"MLASC"
"17311...5402",100,1,51,"MLASC"
"17410...5403",100,1,51,"MLASC"
"1752...5404",100,1,51,"MLASC"
"1762...5405",100,1,51,"MLASC"
"1772...5406",100,1,51,"MLASC"
"1782...5407",100,1,51,"MLASC"
"1792...5408",100,1,51,"MLASC"
"1802...5409",100,1,51,"MLASC"
"18111...5410",100,1,51,"MLASC"
"18211...5411",100,1,51,"MLASC"
"18311...5412",100,1,51,"MLASC"
"1849...5413",100,1,51,"MLASC"
"1852...5414",100,1,51,"MLASC"
"1862...5415",100,1,51,"MLASC"
"1872...5416",99,1,51,"MLASC"
"1882...5417",100,1,51,"MLASC"
"1892...5418",100,1,51,"MLASC"
"1902...5419",100,1,51,"MLASC"
"19111...5420",100,1,51,"MLASC"
"19211...5421",100,1,51,"MLASC"
"19311...5422",100,1,51,"MLASC"
"1949...5423",100,1,51,"MLASC"
"1952...5424",100,1,51,"MLASC"
"1962...5425",100,1,51,"MLASC"
"1972...5426",100,1,51,"MLASC"
"1982...5427",98,1,51,"MLASC"
"1992...5428",55,1,51,"MLASC"
"2002...5429",100,1,51,"MLASC"
"20111...5430",100,1,51,"MLASC"
"20211...5431",100,1,51,"MLASC"
"20311...5432",100,1,51,"MLASC"
"2049...5433",98,1,51,"MLASC"
"2052...5434",100,1,51,"MLASC"
"2062...5435",100,1,51,"MLASC"
"2072...5436",100,1,51,"MLASC"
"2082...5437",100,1,51,"MLASC"
"2092...5438",96,1,51,"MLASC"
"21011...5439",100,1,51,"MLASC"
"21111...5440",100,1,51,"MLASC"
"21211...5441",100,1,51,"MLASC"
"21311...5442",100,1,51,"MLASC"
"21411...5443",100,1,51,"MLASC"
"21511...5444",100,1,51,"MLASC"
"21611...5445",100,1,51,"MLASC"
"21711...5446",100,1,51,"MLASC"
"2189...5447",100,1,51,"MLASC"
"2192...5448",100,1,51,"MLASC"
"2202...5449",100,1,51,"MLASC"
"22111...5450",100,1,51,"MLASC"
"22211...5451",100,1,51,"MLASC"
"22311...5452",100,1,51,"MLASC"
"2249...5453",100,1,51,"MLASC"
"2252...5454",100,1,51,"MLASC"
"2262...5455",100,1,51,"MLASC"
"2272...5456",100,1,51,"MLASC"
"2282...5457",100,1,51,"MLASC"
"2292...5458",100,1,51,"MLASC"
"2302...5459",100,1,51,"MLASC"
"23111...5460",100,1,51,"MLASC"
"23211...5461",100,1,51,"MLASC"
"23311...5462",100,1,51,"MLASC"
"2348...5463",100,1,51,"MLASC"
"2352...5464",100,1,51,"MLASC"
"2362...5465",100,1,51,"MLASC"
"2372...5466",100,1,51,"MLASC"
"2382...5467",100,1,51,"MLASC"
"2392...5468",100,1,51,"MLASC"
"2402...5469",99,1,51,"MLASC"
"24111...5470",53,0,51,"MLASC"
"2190...5471",100,1,52,"MLASC"
"3160...5472",100,1,52,"MLASC"
"4137...5473",100,1,52,"MLASC"
"5105...5474",100,1,52,"MLASC"
"6101...5475",100,1,52,"MLASC"
"788...5476",100,1,52,"MLASC"
"877...5477",98,1,52,"MLASC"
"967...5478",100,1,52,"MLASC"
"1065...5479",100,1,52,"MLASC"
"1156...5480",94,1,52,"MLASC"
"1256...5481",100,1,52,"MLASC"
"1354...5482",100,1,52,"MLASC"
"1453...5483",100,1,52,"MLASC"
"1553...5484",100,1,52,"MLASC"
"1653...5485",100,1,52,"MLASC"
"1750...5486",98,1,52,"MLASC"
"1850...5487",100,1,52,"MLASC"
"1950...5488",100,1,52,"MLASC"
"2050...5489",100,1,52,"MLASC"
"2193...5490",100,1,52,"MLASC"
"2250...5491",100,1,52,"MLASC"
"2349...5492",100,1,52,"MLASC"
"2448...5493",100,1,52,"MLASC"
"2547...5494",100,1,52,"MLASC"
"2647...5495",100,1,52,"MLASC"
"2745...5496",100,1,52,"MLASC"
"2844...5497",100,1,52,"MLASC"
"2943...5498",100,1,52,"MLASC"
"3043...5499",45,1,52,"MLASC"
"3161...5500",100,1,52,"MLASC"
"3238...5501",98,1,52,"MLASC"
"3336...5502",94,1,52,"MLASC"
"3433...5503",100,1,52,"MLASC"
"3532...5504",100,1,52,"MLASC"
"3629...5505",100,1,52,"MLASC"
"3728...5506",100,1,52,"MLASC"
"3826...5507",87,1,52,"MLASC"
"3925...5508",98,1,52,"MLASC"
"4024...5509",100,1,52,"MLASC"
"4138...5510",100,1,52,"MLASC"
"4227...5511",100,1,52,"MLASC"
"4324...5512",98,1,52,"MLASC"
"4422...5513",96,1,52,"MLASC"
"4521...5514",100,1,52,"MLASC"
"4621...5515",100,1,52,"MLASC"
"4720...5516",100,1,52,"MLASC"
"4819...5517",100,1,52,"MLASC"
"4919...5518",100,1,52,"MLASC"
"5018...5519",100,1,52,"MLASC"
"5125...5520",99,1,52,"MLASC"
"5222...5521",100,1,52,"MLASC"
"5321...5522",100,1,52,"MLASC"
"5420...5523",100,1,52,"MLASC"
"5518...5524",100,1,52,"MLASC"
"5618...5525",100,1,52,"MLASC"
"5717...5526",100,1,52,"MLASC"
"5816...5527",78,0,52,"MLASC"
"5914...5528",74,0,52,"MLASC"
"6012...5529",100,0,52,"MLASC"
"6118...5530",97,0,52,"MLASC"
"6217...5531",78,0,52,"MLASC"
"6317...5532",100,0,52,"MLASC"
"6417...5533",87,0,52,"MLASC"
"6516...5534",79,0,52,"MLASC"
"6616...5535",97,0,52,"MLASC"
"6714...5536",77,0,52,"MLASC"
"6812...5537",99,0,52,"MLASC"
"6911...5538",95,0,52,"MLASC"
"7010...5539",98,0,52,"MLASC"
"7117...5540",90,0,52,"MLASC"
"7216...5541",90,0,52,"MLASC"
"7316...5542",33,0,52,"MLASC"
"7415...5543",16,0,52,"MLASC"
"7515...5544",32,0,52,"MLASC"
"7613...5545",26,0,52,"MLASC"
"7712...5546",38,0,52,"MLASC"
"789...5547",100,0,52,"MLASC"
"798...5548",47,0,52,"MLASC"
"808...5549",48,0,52,"MLASC"
"8116...5550",52,0,52,"MLASC"
"8216...5551",77,0,52,"MLASC"
"8316...5552",100,0,52,"MLASC"
"8415...5553",77,0,52,"MLASC"
"8513...5554",99,0,52,"MLASC"
"8611...5555",100,0,52,"MLASC"
"878...5556",100,0,52,"MLASC"
"887...5557",98,0,52,"MLASC"
"897...5558",89,0,52,"MLASC"
"907...5559",92,0,52,"MLASC"
"9114...5560",100,0,52,"MLASC"
"9214...5561",96,0,52,"MLASC"
"2194...5562",100,1,53,"MLASC"
"3162...5563",96,1,53,"MLASC"
"4139...5564",100,1,53,"MLASC"
"5106...5565",100,1,53,"MLASC"
"6102...5566",100,1,53,"MLASC"
"790...5567",100,1,53,"MLASC"
"879...5568",100,1,53,"MLASC"
"968...5569",100,1,53,"MLASC"
"1066...5570",100,1,53,"MLASC"
"1157...5571",100,1,53,"MLASC"
"1257...5572",100,1,53,"MLASC"
"1355...5573",100,1,53,"MLASC"
"1454...5574",100,1,53,"MLASC"
"1554...5575",100,1,53,"MLASC"
"1654...5576",81,1,53,"MLASC"
"1753...5577",90,1,53,"MLASC"
"1853...5578",94,1,53,"MLASC"
"1953...5579",100,1,53,"MLASC"
"2053...5580",100,1,53,"MLASC"
"2195...5581",98,1,53,"MLASC"
"2253...5582",100,1,53,"MLASC"
"2350...5583",99,1,53,"MLASC"
"2449...5584",100,1,53,"MLASC"
"2548...5585",100,1,53,"MLASC"
"2648...5586",100,1,53,"MLASC"
"2746...5587",100,1,53,"MLASC"
"2845...5588",100,1,53,"MLASC"
"2944...5589",100,1,53,"MLASC"
"3044...5590",100,1,53,"MLASC"
"3163...5591",99,1,53,"MLASC"
"3239...5592",100,1,53,"MLASC"
"3337...5593",100,1,53,"MLASC"
"3434...5594",97,1,53,"MLASC"
"3533...5595",98,1,53,"MLASC"
"3630...5596",94,1,53,"MLASC"
"3729...5597",99,1,53,"MLASC"
"3827...5598",99,1,53,"MLASC"
"3926...5599",98,1,53,"MLASC"
"4025...5600",100,1,53,"MLASC"
"4140...5601",98,1,53,"MLASC"
"4228...5602",100,1,53,"MLASC"
"4325...5603",98,1,53,"MLASC"
"4423...5604",100,1,53,"MLASC"
"4522...5605",100,1,53,"MLASC"
"4622...5606",67,1,53,"MLASC"
"4721...5607",65,1,53,"MLASC"
"4820...5608",98,1,53,"MLASC"
"4920...5609",100,1,53,"MLASC"
"5019...5610",95,1,53,"MLASC"
"5126...5611",88,1,53,"MLASC"
"5223...5612",88,1,53,"MLASC"
"5322...5613",97,1,53,"MLASC"
"5421...5614",87,1,53,"MLASC"
"5519...5615",98,1,53,"MLASC"
"5619...5616",97,1,53,"MLASC"
"5718...5617",100,1,53,"MLASC"
"5817...5618",100,1,53,"MLASC"
"5915...5619",99,1,53,"MLASC"
"6013...5620",100,1,53,"MLASC"
"6119...5621",100,1,53,"MLASC"
"6218...5622",100,1,53,"MLASC"
"6318...5623",100,1,53,"MLASC"
"6418...5624",100,1,53,"MLASC"
"6517...5625",100,1,53,"MLASC"
"6617...5626",100,1,53,"MLASC"
"6715...5627",100,1,53,"MLASC"
"6813...5628",100,1,53,"MLASC"
"6912...5629",100,1,53,"MLASC"
"7011...5630",100,1,53,"MLASC"
"7118...5631",100,1,53,"MLASC"
"7217...5632",100,1,53,"MLASC"
"7317...5633",100,1,53,"MLASC"
"7416...5634",100,1,53,"MLASC"
"7516...5635",100,1,53,"MLASC"
"7614...5636",100,1,53,"MLASC"
"7713...5637",97,1,53,"MLASC"
"7810...5638",95,1,53,"MLASC"
"799...5639",78,1,53,"MLASC"
"809...5640",100,1,53,"MLASC"
"8117...5641",100,1,53,"MLASC"
"8217...5642",100,1,53,"MLASC"
"8317...5643",92,1,53,"MLASC"
"8416...5644",100,1,53,"MLASC"
"8514...5645",100,1,53,"MLASC"
"8612...5646",58,1,53,"MLASC"
"8710...5647",100,1,53,"MLASC"
"888...5648",100,1,53,"MLASC"
"898...5649",100,1,53,"MLASC"
"908...5650",100,1,53,"MLASC"
"9115...5651",100,1,53,"MLASC"
"9215...5652",100,1,53,"MLASC"
"9314...5653",100,1,53,"MLASC"
"9414...5654",100,1,53,"MLASC"
"9512...5655",100,1,53,"MLASC"
"969...5656",100,1,53,"MLASC"
"976...5657",100,1,53,"MLASC"
"986...5658",100,1,53,"MLASC"
"996...5659",100,1,53,"MLASC"
"1006...5660",100,1,53,"MLASC"
"10114...5661",93,1,53,"MLASC"
"10214...5662",100,1,53,"MLASC"
"10314...5663",100,1,53,"MLASC"
"10414...5664",100,1,53,"MLASC"
"10512...5665",100,1,53,"MLASC"
"1067...5666",100,1,53,"MLASC"
"1075...5667",100,1,53,"MLASC"
"1085...5668",99,1,53,"MLASC"
"1095...5669",100,1,53,"MLASC"
"1105...5670",99,1,53,"MLASC"
"11113...5671",100,1,53,"MLASC"
"11213...5672",100,1,53,"MLASC"
"11313...5673",100,1,53,"MLASC"
"11412...5674",100,1,53,"MLASC"
"1158...5675",100,1,53,"MLASC"
"1164...5676",100,1,53,"MLASC"
"1174...5677",98,1,53,"MLASC"
"1184...5678",99,1,53,"MLASC"
"1194...5679",100,1,53,"MLASC"
"1204...5680",100,1,53,"MLASC"
"12113...5681",85,1,53,"MLASC"
"12213...5682",100,1,53,"MLASC"
"12313...5683",100,1,53,"MLASC"
"12412...5684",100,1,53,"MLASC"
"1258...5685",71,0,53,"MLASC"
"1264...5686",64,0,53,"MLASC"
"1273...5687",72,0,53,"MLASC"
"1283...5688",77,0,53,"MLASC"
"1293...5689",56,0,53,"MLASC"
"1303...5690",95,0,53,"MLASC"
"13112...5691",61,0,53,"MLASC"
"13212...5692",68,0,53,"MLASC"
"13312...5693",88,0,53,"MLASC"
"13412...5694",64,0,53,"MLASC"
"1356...5695",65,0,53,"MLASC"
"1363...5696",67,0,53,"MLASC"
"1373...5697",97,0,53,"MLASC"
"1383...5698",97,0,53,"MLASC"
"1393...5699",97,0,53,"MLASC"
"1403...5700",83,0,53,"MLASC"
"14112...5701",59,0,53,"MLASC"
"14212...5702",62,0,53,"MLASC"
"14312...5703",70,0,53,"MLASC"
"14412...5704",74,0,53,"MLASC"
"1455...5705",78,0,53,"MLASC"
"1463...5706",74,0,53,"MLASC"
"1473...5707",61,0,53,"MLASC"
"1483...5708",74,0,53,"MLASC"
"1493...5709",74,0,53,"MLASC"
"1503...5710",99,0,53,"MLASC"
"15112...5711",53,0,53,"MLASC"
"15212...5712",64,0,53,"MLASC"
"15312...5713",100,0,53,"MLASC"
"15411...5714",96,0,53,"MLASC"
"2196...5715",100,1,54,"MLASC"
"3164...5716",86,1,54,"MLASC"
"4141...5717",100,1,54,"MLASC"
"5107...5718",99,1,54,"MLASC"
"6103...5719",62,1,54,"MLASC"
"7100...5720",100,1,54,"MLASC"
"880...5721",100,1,54,"MLASC"
"970...5722",99,1,54,"MLASC"
"1068...5723",100,1,54,"MLASC"
"1159...5724",100,1,54,"MLASC"
"1259...5725",100,1,54,"MLASC"
"1357...5726",100,1,54,"MLASC"
"1456...5727",100,1,54,"MLASC"
"1555...5728",100,1,54,"MLASC"
"1655...5729",100,1,54,"MLASC"
"1754...5730",100,1,54,"MLASC"
"1854...5731",50,0,54,"MLASC"
"2197...5732",100,1,55,"MLASC"
"3165...5733",100,1,55,"MLASC"
"4142...5734",100,1,55,"MLASC"
"5108...5735",98,1,55,"MLASC"
"6104...5736",100,1,55,"MLASC"
"7101...5737",100,1,55,"MLASC"
"889...5738",100,1,55,"MLASC"
"977...5739",100,1,55,"MLASC"
"1069...5740",100,1,55,"MLASC"
"1160...5741",100,1,55,"MLASC"
"1260...5742",100,1,55,"MLASC"
"1358...5743",100,1,55,"MLASC"
"1457...5744",100,1,55,"MLASC"
"1556...5745",95,1,55,"MLASC"
"1656...5746",76,1,55,"MLASC"
"1755...5747",99,1,55,"MLASC"
"1855...5748",100,1,55,"MLASC"
"1954...5749",100,1,55,"MLASC"
"2054...5750",74,1,55,"MLASC"
"2198...5751",72,1,55,"MLASC"
"2254...5752",71,1,55,"MLASC"
"2353...5753",72,1,55,"MLASC"
"2450...5754",71,1,55,"MLASC"
"2549...5755",96,1,55,"MLASC"
"2649...5756",100,1,55,"MLASC"
"2747...5757",100,1,55,"MLASC"
"2846...5758",100,1,55,"MLASC"
"2945...5759",100,1,55,"MLASC"
"3045...5760",100,1,55,"MLASC"
"3166...5761",97,1,55,"MLASC"
"3240...5762",100,1,55,"MLASC"
"3338...5763",100,1,55,"MLASC"
"3435...5764",99,1,55,"MLASC"
"3534...5765",100,1,55,"MLASC"
"3631...5766",100,1,55,"MLASC"
"3730...5767",72,1,55,"MLASC"
"3828...5768",54,1,55,"MLASC"
"3927...5769",84,1,55,"MLASC"
"4026...5770",100,1,55,"MLASC"
"4143...5771",97,1,55,"MLASC"
"4229...5772",93,1,55,"MLASC"
"4326...5773",100,1,55,"MLASC"
"4424...5774",100,1,55,"MLASC"
"4523...5775",100,1,55,"MLASC"
"4623...5776",80,1,55,"MLASC"
"4722...5777",98,1,55,"MLASC"
"4821...5778",100,1,55,"MLASC"
"4921...5779",100,1,55,"MLASC"
"5020...5780",98,1,55,"MLASC"
"5127...5781",100,1,55,"MLASC"
"5224...5782",100,1,55,"MLASC"
"5323...5783",100,1,55,"MLASC"
"5422...5784",100,1,55,"MLASC"
"5520...5785",97,1,55,"MLASC"
"5620...5786",67,1,55,"MLASC"
"5719...5787",92,1,55,"MLASC"
"5818...5788",100,1,55,"MLASC"
"5916...5789",92,1,55,"MLASC"
"6014...5790",100,1,55,"MLASC"
"6120...5791",100,1,55,"MLASC"
"6219...5792",68,1,55,"MLASC"
"6319...5793",71,1,55,"MLASC"
"6419...5794",93,1,55,"MLASC"
"6518...5795",90,1,55,"MLASC"
"6618...5796",92,1,55,"MLASC"
"6716...5797",92,1,55,"MLASC"
"6814...5798",100,1,55,"MLASC"
"6913...5799",100,1,55,"MLASC"
"7012...5800",99,1,55,"MLASC"
"7119...5801",100,1,55,"MLASC"
"7218...5802",100,1,55,"MLASC"
"7318...5803",100,1,55,"MLASC"
"7417...5804",73,1,55,"MLASC"
"7517...5805",72,1,55,"MLASC"
"7615...5806",85,1,55,"MLASC"
"7714...5807",95,1,55,"MLASC"
"7811...5808",96,1,55,"MLASC"
"7910...5809",96,1,55,"MLASC"
"8010...5810",66,1,55,"MLASC"
"8118...5811",100,1,55,"MLASC"
"8218...5812",76,1,55,"MLASC"
"8318...5813",100,1,55,"MLASC"
"8417...5814",100,1,55,"MLASC"
"8515...5815",100,1,55,"MLASC"
"8613...5816",100,1,55,"MLASC"
"8711...5817",100,1,55,"MLASC"
"8810...5818",100,1,55,"MLASC"
"899...5819",77,1,55,"MLASC"
"909...5820",95,1,55,"MLASC"
"9116...5821",100,1,55,"MLASC"
"9216...5822",100,1,55,"MLASC"
"9315...5823",100,1,55,"MLASC"
"9415...5824",100,1,55,"MLASC"
"9513...5825",100,1,55,"MLASC"
"9610...5826",100,1,55,"MLASC"
"2199...5827",100,1,56,"MLASC"
"3167...5828",100,1,56,"MLASC"
"4144...5829",100,1,56,"MLASC"
"5109...5830",100,1,56,"MLASC"
"6105...5831",100,1,56,"MLASC"
"7102...5832",100,1,56,"MLASC"
"890...5833",100,1,56,"MLASC"
"978...5834",100,1,56,"MLASC"
"1070...5835",100,1,56,"MLASC"
"1165...5836",100,1,56,"MLASC"
"1265...5837",100,1,56,"MLASC"
"2200...5838",100,1,57,"MLASC"
"3168...5839",100,1,57,"MLASC"
"4145...5840",100,1,57,"MLASC"
"5128...5841",100,1,57,"MLASC"
"6106...5842",100,1,57,"MLASC"
"7103...5843",100,1,57,"MLASC"
"8100...5844",76,1,57,"MLASC"
"979...5845",76,1,57,"MLASC"
"1076...5846",100,1,57,"MLASC"
"1166...5847",100,1,57,"MLASC"
"1266...5848",100,1,57,"MLASC"
"1359...5849",100,1,57,"MLASC"
"1458...5850",99,1,57,"MLASC"
"1557...5851",99,1,57,"MLASC"
"1657...5852",100,1,57,"MLASC"
"1756...5853",100,1,57,"MLASC"
"1856...5854",78,1,57,"MLASC"
"1955...5855",100,1,57,"MLASC"
"2055...5856",69,1,57,"MLASC"
"21100...5857",100,1,57,"MLASC"
"2255...5858",100,1,57,"MLASC"
"2354...5859",100,1,57,"MLASC"
"2452...5860",100,1,57,"MLASC"
"2550...5861",100,1,57,"MLASC"
"2650...5862",100,1,57,"MLASC"
"2748...5863",100,1,57,"MLASC"
"2847...5864",100,1,57,"MLASC"
"2946...5865",97,1,57,"MLASC"
"3046...5866",100,1,57,"MLASC"
"3169...5867",100,1,57,"MLASC"
"3241...5868",100,1,57,"MLASC"
"3339...5869",100,1,57,"MLASC"
"2203...5870",100,1,58,"MLASC"
"3170...5871",100,1,58,"MLASC"
"4146...5872",100,1,58,"MLASC"
"5129...5873",77,1,58,"MLASC"
"6107...5874",87,1,58,"MLASC"
"7104...5875",91,1,58,"MLASC"
"8101...5876",91,1,58,"MLASC"
"980...5877",100,1,58,"MLASC"
"1077...5878",94,1,58,"MLASC"
"1167...5879",100,1,58,"MLASC"
"1267...5880",100,1,58,"MLASC"
"1360...5881",100,1,58,"MLASC"
"1459...5882",99,1,58,"MLASC"
"1558...5883",100,1,58,"MLASC"
"1658...5884",100,1,58,"MLASC"
"1757...5885",100,1,58,"MLASC"
"1857...5886",100,1,58,"MLASC"
"1956...5887",100,1,58,"MLASC"
"2056...5888",100,1,58,"MLASC"
"21101...5889",100,1,58,"MLASC"
"2256...5890",100,1,58,"MLASC"
"2355...5891",99,1,58,"MLASC"
"2453...5892",100,1,58,"MLASC"
"2552...5893",100,1,58,"MLASC"
"2652...5894",100,1,58,"MLASC"
"2749...5895",100,1,58,"MLASC"
"2848...5896",83,1,58,"MLASC"
"2947...5897",100,1,58,"MLASC"
"3047...5898",100,1,58,"MLASC"
"3171...5899",100,1,58,"MLASC"
"3242...5900",100,1,58,"MLASC"
"3340...5901",100,1,58,"MLASC"
"3436...5902",100,1,58,"MLASC"
"3535...5903",100,1,58,"MLASC"
"3632...5904",97,1,58,"MLASC"
"3731...5905",100,1,58,"MLASC"
"3829...5906",100,1,58,"MLASC"
"3928...5907",100,1,58,"MLASC"
"4027...5908",100,1,58,"MLASC"
"4147...5909",98,1,58,"MLASC"
"4230...5910",100,1,58,"MLASC"
"2204...5911",100,1,59,"MLASC"
"3172...5912",100,1,59,"MLASC"
"4148...5913",100,1,59,"MLASC"
"5130...5914",98,1,59,"MLASC"
"6108...5915",100,1,59,"MLASC"
"7105...5916",70,1,59,"MLASC"
"8102...5917",100,1,59,"MLASC"
"987...5918",100,1,59,"MLASC"
"1078...5919",100,1,59,"MLASC"
"1168...5920",100,1,59,"MLASC"
"1268...5921",100,1,59,"MLASC"
"1364...5922",92,1,59,"MLASC"
"1460...5923",100,1,59,"MLASC"
"1559...5924",100,1,59,"MLASC"
"1659...5925",79,1,59,"MLASC"
"1758...5926",100,1,59,"MLASC"
"1858...5927",100,1,59,"MLASC"
"1957...5928",100,1,59,"MLASC"
"2057...5929",100,1,59,"MLASC"
"21102...5930",100,1,59,"MLASC"
"2257...5931",100,1,59,"MLASC"
"2356...5932",89,1,59,"MLASC"
"2454...5933",100,1,59,"MLASC"
"2553...5934",100,1,59,"MLASC"
"2653...5935",100,1,59,"MLASC"
"2205...5936",100,1,60,"MLASC"
"3173...5937",100,1,60,"MLASC"
"4149...5938",100,1,60,"MLASC"
"5131...5939",100,1,60,"MLASC"
"6109...5940",100,1,60,"MLASC"
"7106...5941",100,1,60,"MLASC"
"8103...5942",100,1,60,"MLASC"
"988...5943",77,1,60,"MLASC"
"1079...5944",100,1,60,"MLASC"
"1169...5945",100,1,60,"MLASC"
"1269...5946",100,1,60,"MLASC"
"1365...5947",99,1,60,"MLASC"
"1464...5948",100,1,60,"MLASC"
"1560...5949",100,1,60,"MLASC"
"1660...5950",100,1,60,"MLASC"
"1759...5951",100,1,60,"MLASC"
"1859...5952",100,1,60,"MLASC"
"1958...5953",100,1,60,"MLASC"
"2058...5954",100,1,60,"MLASC"
"21103...5955",100,1,60,"MLASC"
"2258...5956",100,1,60,"MLASC"
"2357...5957",100,1,60,"MLASC"
"2455...5958",100,1,60,"MLASC"
"2554...5959",100,1,60,"MLASC"
"2654...5960",100,1,60,"MLASC"
"2750...5961",100,1,60,"MLASC"
"2849...5962",100,1,60,"MLASC"
"2948...5963",90,1,60,"MLASC"
"3048...5964",90,1,60,"MLASC"
"3174...5965",100,1,60,"MLASC"
"3243...5966",100,1,60,"MLASC"
"3341...5967",99,1,60,"MLASC"
"3437...5968",100,1,60,"MLASC"
"3536...5969",100,1,60,"MLASC"
"3633...5970",100,1,60,"MLASC"
"3732...5971",100,1,60,"MLASC"
"3830...5972",91,1,60,"MLASC"
"3929...5973",100,1,60,"MLASC"
"4028...5974",100,1,60,"MLASC"
"4150...5975",100,1,60,"MLASC"
"4231...5976",100,1,60,"MLASC"
"4327...5977",100,1,60,"MLASC"
"4425...5978",100,1,60,"MLASC"
"4524...5979",100,1,60,"MLASC"
"4624...5980",100,1,60,"MLASC"
"4723...5981",100,1,60,"MLASC"
"4822...5982",100,1,60,"MLASC"
"4922...5983",100,1,60,"MLASC"
"5021...5984",100,1,60,"MLASC"
"5132...5985",100,1,60,"MLASC"
"5225...5986",100,1,60,"MLASC"
"5324...5987",100,1,60,"MLASC"
"5423...5988",100,1,60,"MLASC"
"5521...5989",100,1,60,"MLASC"
"5621...5990",100,1,60,"MLASC"
"5720...5991",100,1,60,"MLASC"
"5819...5992",100,1,60,"MLASC"
"5917...5993",100,1,60,"MLASC"
"6015...5994",100,1,60,"MLASC"
"6121...5995",100,1,60,"MLASC"
"6220...5996",100,1,60,"MLASC"
"6320...5997",100,1,60,"MLASC"
"6420...5998",100,1,60,"MLASC"
"6519...5999",100,1,60,"MLASC"
"6619...6000",100,1,60,"MLASC"
"6717...6001",100,1,60,"MLASC"
"6815...6002",100,1,60,"MLASC"
"6914...6003",100,1,60,"MLASC"
"7013...6004",78,1,60,"MLASC"
"7120...6005",100,1,60,"MLASC"
"7219...6006",100,1,60,"MLASC"
"7319...6007",100,1,60,"MLASC"
"7418...6008",100,1,60,"MLASC"
"7518...6009",100,1,60,"MLASC"
"7616...6010",100,1,60,"MLASC"
"7715...6011",100,1,60,"MLASC"
"7812...6012",100,1,60,"MLASC"
"7911...6013",100,1,60,"MLASC"
"8011...6014",100,1,60,"MLASC"
"8119...6015",100,1,60,"MLASC"
"8219...6016",100,1,60,"MLASC"
"8319...6017",100,1,60,"MLASC"
"8418...6018",100,1,60,"MLASC"
"8516...6019",100,1,60,"MLASC"
"8614...6020",96,1,60,"MLASC"
"8712...6021",96,1,60,"MLASC"
"8811...6022",100,1,60,"MLASC"
"8910...6023",96,1,60,"MLASC"
"9010...6024",100,1,60,"MLASC"
"9117...6025",100,1,60,"MLASC"
"9217...6026",100,1,60,"MLASC"
"9316...6027",100,1,60,"MLASC"
"9416...6028",100,1,60,"MLASC"
"9514...6029",100,1,60,"MLASC"
"9611...6030",97,1,60,"MLASC"
"9710...6031",100,1,60,"MLASC"
"989...6032",86,1,60,"MLASC"
"997...6033",100,1,60,"MLASC"
"1007...6034",100,1,60,"MLASC"
"10115...6035",100,1,60,"MLASC"
"10215...6036",100,1,60,"MLASC"
"10315...6037",100,1,60,"MLASC"
"10415...6038",100,1,60,"MLASC"
"10513...6039",100,1,60,"MLASC"
"10610...6040",100,1,60,"MLASC"
"10710...6041",100,1,60,"MLASC"
"1086...6042",100,1,60,"MLASC"
"1096...6043",100,1,60,"MLASC"
"1106...6044",100,1,60,"MLASC"
"11114...6045",100,1,60,"MLASC"
"11214...6046",100,1,60,"MLASC"
"11314...6047",100,1,60,"MLASC"
"11413...6048",100,1,60,"MLASC"
"11510...6049",100,1,60,"MLASC"
"11610...6050",100,1,60,"MLASC"
"1175...6051",100,1,60,"MLASC"
"1185...6052",100,1,60,"MLASC"
"1195...6053",100,1,60,"MLASC"
"1205...6054",100,1,60,"MLASC"
"12114...6055",100,1,60,"MLASC"
"12214...6056",100,1,60,"MLASC"
"12314...6057",100,1,60,"MLASC"
"12413...6058",100,1,60,"MLASC"
"12510...6059",100,1,60,"MLASC"
"12610...6060",100,1,60,"MLASC"
"1274...6061",100,1,60,"MLASC"
"1284...6062",100,1,60,"MLASC"
"1294...6063",100,1,60,"MLASC"
"1304...6064",100,1,60,"MLASC"
"13113...6065",100,1,60,"MLASC"
"13213...6066",100,1,60,"MLASC"
"13313...6067",100,1,60,"MLASC"
"13413...6068",100,1,60,"MLASC"
"13510...6069",100,1,60,"MLASC"
"1366...6070",100,1,60,"MLASC"
"1374...6071",100,1,60,"MLASC"
"1384...6072",100,1,60,"MLASC"
"1394...6073",99,1,60,"MLASC"
"1404...6074",100,1,60,"MLASC"
"14113...6075",100,1,60,"MLASC"
"14213...6076",95,1,60,"MLASC"
"14313...6077",99,1,60,"MLASC"
"14413...6078",100,1,60,"MLASC"
"14510...6079",100,1,60,"MLASC"
"1465...6080",100,1,60,"MLASC"
"1474...6081",100,1,60,"MLASC"
"1484...6082",100,1,60,"MLASC"
"1494...6083",100,1,60,"MLASC"
"2206...6084",100,1,61,"MLASC"
"3175...6085",100,1,61,"MLASC"
"4151...6086",100,1,61,"MLASC"
"5133...6087",100,1,61,"MLASC"
"6122...6088",100,1,61,"MLASC"
"7107...6089",100,1,61,"MLASC"
"8104...6090",100,1,61,"MLASC"
"990...6091",100,1,61,"MLASC"
"1080...6092",100,1,61,"MLASC"
"1170...6093",100,1,61,"MLASC"
"1270...6094",100,1,61,"MLASC"
"1367...6095",100,1,61,"MLASC"
"1466...6096",100,1,61,"MLASC"
"1563...6097",100,1,61,"MLASC"
"1663...6098",100,1,61,"MLASC"
"1760...6099",100,1,61,"MLASC"
"1860...6100",100,1,61,"MLASC"
"1959...6101",100,1,61,"MLASC"
"2059...6102",81,1,61,"MLASC"
"21104...6103",100,1,61,"MLASC"
"2259...6104",100,1,61,"MLASC"
"2358...6105",100,1,61,"MLASC"
"2456...6106",100,1,61,"MLASC"
"2555...6107",100,1,61,"MLASC"
"2655...6108",100,1,61,"MLASC"
"2751...6109",100,1,61,"MLASC"
"2850...6110",100,1,61,"MLASC"
"2949...6111",100,1,61,"MLASC"
"3049...6112",100,1,61,"MLASC"
"3176...6113",100,1,61,"MLASC"
"3244...6114",100,1,61,"MLASC"
"3342...6115",100,1,61,"MLASC"
"3438...6116",100,1,61,"MLASC"
"2207...6117",100,1,62,"MLASC"
"3177...6118",75,1,62,"MLASC"
"4152...6119",100,1,62,"MLASC"
"5134...6120",100,1,62,"MLASC"
"6123...6121",100,1,62,"MLASC"
"7108...6122",100,1,62,"MLASC"
"8105...6123",100,1,62,"MLASC"
"998...6124",100,1,62,"MLASC"
"1087...6125",100,1,62,"MLASC"
"1176...6126",100,1,62,"MLASC"
"1275...6127",100,1,62,"MLASC"
"1368...6128",100,1,62,"MLASC"
"1467...6129",100,1,62,"MLASC"
"1564...6130",100,1,62,"MLASC"
"1664...6131",80,1,62,"MLASC"
"1763...6132",100,1,62,"MLASC"
"1863...6133",100,1,62,"MLASC"
"1960...6134",100,1,62,"MLASC"
"2060...6135",94,1,62,"MLASC"
"21105...6136",99,1,62,"MLASC"
"2260...6137",98,1,62,"MLASC"
"2359...6138",100,1,62,"MLASC"
"2457...6139",100,1,62,"MLASC"
"2556...6140",99,1,62,"MLASC"
"2656...6141",100,1,62,"MLASC"
"2752...6142",100,1,62,"MLASC"
"2851...6143",100,1,62,"MLASC"
"2950...6144",53,1,62,"MLASC"
"3050...6145",100,1,62,"MLASC"
"3178...6146",100,1,62,"MLASC"
"3245...6147",100,1,62,"MLASC"
"3343...6148",100,1,62,"MLASC"
"3439...6149",100,1,62,"MLASC"
"3537...6150",100,1,62,"MLASC"
"3634...6151",100,1,62,"MLASC"
"3733...6152",100,1,62,"MLASC"
"3831...6153",100,1,62,"MLASC"
"3930...6154",100,1,62,"MLASC"
"4029...6155",100,1,62,"MLASC"
"4153...6156",100,1,62,"MLASC"
"4232...6157",100,1,62,"MLASC"
"4328...6158",100,1,62,"MLASC"
"4426...6159",100,1,62,"MLASC"
"4525...6160",100,1,62,"MLASC"
"4625...6161",100,1,62,"MLASC"
"4724...6162",100,1,62,"MLASC"
"4823...6163",100,1,62,"MLASC"
"4923...6164",100,1,62,"MLASC"
"5022...6165",100,1,62,"MLASC"
"5135...6166",100,1,62,"MLASC"
"5226...6167",100,1,62,"MLASC"
"5325...6168",100,1,62,"MLASC"
"5424...6169",100,1,62,"MLASC"
"5522...6170",100,1,62,"MLASC"
"5622...6171",100,1,62,"MLASC"
"5721...6172",100,1,62,"MLASC"
"5820...6173",100,1,62,"MLASC"
"5918...6174",100,1,62,"MLASC"
"6016...6175",100,1,62,"MLASC"
"6124...6176",100,1,62,"MLASC"
"6221...6177",100,1,62,"MLASC"
"6321...6178",100,1,62,"MLASC"
"6421...6179",100,1,62,"MLASC"
"6520...6180",100,1,62,"MLASC"
"6620...6181",100,1,62,"MLASC"
"6718...6182",100,0,62,"MLASC"
"6816...6183",96,0,62,"MLASC"
"2208...6184",100,1,63,"MLASC"
"3179...6185",100,1,63,"MLASC"
"4154...6186",100,1,63,"MLASC"
"5136...6187",100,1,63,"MLASC"
"6125...6188",100,1,63,"MLASC"
"7109...6189",100,1,63,"MLASC"
"8106...6190",100,1,63,"MLASC"
"999...6191",100,1,63,"MLASC"
"2...6192",99,1,1,"MLnoASC"
"3...6193",100,1,1,"MLnoASC"
"4...6194",97,1,1,"MLnoASC"
"5...6195",100,1,1,"MLnoASC"
"6...6196",96,1,1,"MLnoASC"
"7...6197",100,1,1,"MLnoASC"
"8...6198",97,1,1,"MLnoASC"
"9...6199",99,1,1,"MLnoASC"
"10...6200",100,1,1,"MLnoASC"
"11...6201",98,1,1,"MLnoASC"
"12...6202",100,1,1,"MLnoASC"
"13...6203",93,1,1,"MLnoASC"
"14...6204",91,1,1,"MLnoASC"
"15...6205",95,1,1,"MLnoASC"
"16...6206",91,1,1,"MLnoASC"
"17...6207",95,1,1,"MLnoASC"
"18...6208",96,1,1,"MLnoASC"
"19...6209",67,1,1,"MLnoASC"
"20...6210",94,1,1,"MLnoASC"
"21...6211",96,1,1,"MLnoASC"
"22...6212",83,1,1,"MLnoASC"
"23...6213",99,1,1,"MLnoASC"
"24...6214",90,1,1,"MLnoASC"
"25...6215",97,1,1,"MLnoASC"
"26...6216",49,1,1,"MLnoASC"
"27...6217",95,1,1,"MLnoASC"
"28...6218",53,1,1,"MLnoASC"
"29...6219",100,1,1,"MLnoASC"
"30...6220",100,1,1,"MLnoASC"
"31...6221",99,1,1,"MLnoASC"
"32...6222",100,1,1,"MLnoASC"
"33...6223",91,1,1,"MLnoASC"
"34...6224",52,1,1,"MLnoASC"
"35...6225",90,1,1,"MLnoASC"
"36...6226",99,1,1,"MLnoASC"
"37...6227",96,1,1,"MLnoASC"
"38...6228",92,1,1,"MLnoASC"
"39...6229",82,1,1,"MLnoASC"
"40...6230",99,1,1,"MLnoASC"
"41...6231",94,1,1,"MLnoASC"
"42...6232",98,1,1,"MLnoASC"
"43...6233",95,1,1,"MLnoASC"
"44...6234",87,1,1,"MLnoASC"
"45...6235",98,1,1,"MLnoASC"
"46...6236",93,1,1,"MLnoASC"
"47...6237",98,1,1,"MLnoASC"
"48...6238",100,1,1,"MLnoASC"
"49...6239",100,1,1,"MLnoASC"
"50...6240",90,1,1,"MLnoASC"
"51...6241",99,1,1,"MLnoASC"
"52...6242",99,1,1,"MLnoASC"
"53...6243",100,1,1,"MLnoASC"
"54...6244",100,1,1,"MLnoASC"
"55...6245",99,1,1,"MLnoASC"
"56...6246",97,1,1,"MLnoASC"
"57...6247",83,0,1,"MLnoASC"
"58...6248",27,0,1,"MLnoASC"
"59...6249",34,0,1,"MLnoASC"
"60...6250",25,0,1,"MLnoASC"
"61...6251",65,0,1,"MLnoASC"
"62...6252",98,0,1,"MLnoASC"
"63...6253",94,0,1,"MLnoASC"
"64...6254",68,0,1,"MLnoASC"
"65...6255",19,0,1,"MLnoASC"
"66...6256",24,0,1,"MLnoASC"
"67...6257",29,0,1,"MLnoASC"
"68...6258",71,0,1,"MLnoASC"
"69...6259",34,0,1,"MLnoASC"
"70...6260",47,0,1,"MLnoASC"
"71...6261",54,0,1,"MLnoASC"
"2100...6262",100,1,2,"MLnoASC"
"319...6263",81,1,2,"MLnoASC"
"410...6264",97,1,2,"MLnoASC"
"510...6265",92,1,2,"MLnoASC"
"610...6266",100,1,2,"MLnoASC"
"710...6267",72,1,2,"MLnoASC"
"810...6268",62,1,2,"MLnoASC"
"2101...6269",100,1,3,"MLnoASC"
"320...6270",100,1,3,"MLnoASC"
"411...6271",96,1,3,"MLnoASC"
"511...6272",100,1,3,"MLnoASC"
"611...6273",100,1,3,"MLnoASC"
"711...6274",41,0,3,"MLnoASC"
"2102...6275",100,1,4,"MLnoASC"
"321...6276",74,1,4,"MLnoASC"
"412...6277",100,1,4,"MLnoASC"
"512...6278",98,1,4,"MLnoASC"
"612...6279",94,1,4,"MLnoASC"
"712...6280",100,1,4,"MLnoASC"
"811...6281",100,1,4,"MLnoASC"
"910...6282",74,1,4,"MLnoASC"
"1010...6283",100,1,4,"MLnoASC"
"1110...6284",96,1,4,"MLnoASC"
"1210...6285",97,1,4,"MLnoASC"
"1310...6286",98,1,4,"MLnoASC"
"1410...6287",99,1,4,"MLnoASC"
"1510...6288",100,1,4,"MLnoASC"
"1610...6289",86,1,4,"MLnoASC"
"1710...6290",94,1,4,"MLnoASC"
"1810...6291",95,1,4,"MLnoASC"
"1910...6292",100,1,4,"MLnoASC"
"2010...6293",100,1,4,"MLnoASC"
"2110...6294",99,1,4,"MLnoASC"
"2210...6295",97,1,4,"MLnoASC"
"2310...6296",97,1,4,"MLnoASC"
"2410...6297",99,1,4,"MLnoASC"
"2510...6298",89,1,4,"MLnoASC"
"2610...6299",93,1,4,"MLnoASC"
"2710...6300",56,1,4,"MLnoASC"
"2810...6301",98,1,4,"MLnoASC"
"2910...6302",100,1,4,"MLnoASC"
"3010...6303",50,0,4,"MLnoASC"
"3110...6304",56,0,4,"MLnoASC"
"322...6305",68,0,4,"MLnoASC"
"2103...6306",100,1,5,"MLnoASC"
"323...6307",100,1,5,"MLnoASC"
"413...6308",100,1,5,"MLnoASC"
"513...6309",100,1,5,"MLnoASC"
"613...6310",98,1,5,"MLnoASC"
"713...6311",100,1,5,"MLnoASC"
"812...6312",100,1,5,"MLnoASC"
"911...6313",99,1,5,"MLnoASC"
"1011...6314",100,1,5,"MLnoASC"
"1111...6315",97,1,5,"MLnoASC"
"1211...6316",100,1,5,"MLnoASC"
"1311...6317",93,1,5,"MLnoASC"
"1411...6318",100,1,5,"MLnoASC"
"1511...6319",100,1,5,"MLnoASC"
"1611...6320",79,1,5,"MLnoASC"
"1711...6321",88,1,5,"MLnoASC"
"1811...6322",100,1,5,"MLnoASC"
"1911...6323",100,1,5,"MLnoASC"
"2011...6324",100,1,5,"MLnoASC"
"2111...6325",100,1,5,"MLnoASC"
"2211...6326",100,1,5,"MLnoASC"
"2311...6327",97,1,5,"MLnoASC"
"2411...6328",100,1,5,"MLnoASC"
"2511...6329",100,1,5,"MLnoASC"
"2611...6330",100,1,5,"MLnoASC"
"2711...6331",71,1,5,"MLnoASC"
"2811...6332",99,1,5,"MLnoASC"
"2911...6333",99,1,5,"MLnoASC"
"3011...6334",100,1,5,"MLnoASC"
"3111...6335",33,0,5,"MLnoASC"
"324...6336",87,0,5,"MLnoASC"
"331...6337",75,0,5,"MLnoASC"
"341...6338",51,0,5,"MLnoASC"
"351...6339",68,0,5,"MLnoASC"
"361...6340",40,0,5,"MLnoASC"
"371...6341",73,0,5,"MLnoASC"
"381...6342",58,0,5,"MLnoASC"
"2104...6343",84,1,6,"MLnoASC"
"325...6344",74,1,6,"MLnoASC"
"414...6345",100,1,6,"MLnoASC"
"514...6346",100,1,6,"MLnoASC"
"614...6347",98,1,6,"MLnoASC"
"714...6348",97,1,6,"MLnoASC"
"813...6349",69,1,6,"MLnoASC"
"912...6350",93,1,6,"MLnoASC"
"1012...6351",96,1,6,"MLnoASC"
"1112...6352",78,1,6,"MLnoASC"
"1212...6353",61,1,6,"MLnoASC"
"1312...6354",99,1,6,"MLnoASC"
"1412...6355",98,1,6,"MLnoASC"
"1512...6356",100,1,6,"MLnoASC"
"1612...6357",99,1,6,"MLnoASC"
"1712...6358",100,1,6,"MLnoASC"
"1812...6359",100,1,6,"MLnoASC"
"1912...6360",99,1,6,"MLnoASC"
"2012...6361",68,1,6,"MLnoASC"
"2112...6362",100,1,6,"MLnoASC"
"2212...6363",100,1,6,"MLnoASC"
"2312...6364",100,1,6,"MLnoASC"
"2412...6365",100,1,6,"MLnoASC"
"2512...6366",97,1,6,"MLnoASC"
"2612...6367",100,1,6,"MLnoASC"
"2712...6368",99,1,6,"MLnoASC"
"2812...6369",100,1,6,"MLnoASC"
"2912...6370",100,1,6,"MLnoASC"
"3012...6371",100,1,6,"MLnoASC"
"3112...6372",100,1,6,"MLnoASC"
"326...6373",97,1,6,"MLnoASC"
"332...6374",97,1,6,"MLnoASC"
"342...6375",94,1,6,"MLnoASC"
"352...6376",100,1,6,"MLnoASC"
"362...6377",99,1,6,"MLnoASC"
"372...6378",100,1,6,"MLnoASC"
"382...6379",91,1,6,"MLnoASC"
"391...6380",98,1,6,"MLnoASC"
"401...6381",100,1,6,"MLnoASC"
"415...6382",100,1,6,"MLnoASC"
"421...6383",100,1,6,"MLnoASC"
"431...6384",93,1,6,"MLnoASC"
"441...6385",99,1,6,"MLnoASC"
"451...6386",86,1,6,"MLnoASC"
"461...6387",89,1,6,"MLnoASC"
"471...6388",89,1,6,"MLnoASC"
"481...6389",100,1,6,"MLnoASC"
"491...6390",98,1,6,"MLnoASC"
"501...6391",100,1,6,"MLnoASC"
"515...6392",100,1,6,"MLnoASC"
"521...6393",100,1,6,"MLnoASC"
"531...6394",100,1,6,"MLnoASC"
"541...6395",99,1,6,"MLnoASC"
"551...6396",100,1,6,"MLnoASC"
"561...6397",100,1,6,"MLnoASC"
"571...6398",100,1,6,"MLnoASC"
"581...6399",100,1,6,"MLnoASC"
"591...6400",98,1,6,"MLnoASC"
"601...6401",100,1,6,"MLnoASC"
"615...6402",100,1,6,"MLnoASC"
"621...6403",96,1,6,"MLnoASC"
"631...6404",100,1,6,"MLnoASC"
"641...6405",100,1,6,"MLnoASC"
"651...6406",75,1,6,"MLnoASC"
"661...6407",89,1,6,"MLnoASC"
"671...6408",93,1,6,"MLnoASC"
"681...6409",87,0,6,"MLnoASC"
"691...6410",74,0,6,"MLnoASC"
"701...6411",84,0,6,"MLnoASC"
"715...6412",87,0,6,"MLnoASC"
"72...6413",88,0,6,"MLnoASC"
"73...6414",94,0,6,"MLnoASC"
"74...6415",96,0,6,"MLnoASC"
"75...6416",75,0,6,"MLnoASC"
"2105...6417",69,1,7,"MLnoASC"
"327...6418",60,1,7,"MLnoASC"
"416...6419",100,1,7,"MLnoASC"
"516...6420",28,1,7,"MLnoASC"
"616...6421",96,1,7,"MLnoASC"
"716...6422",100,1,7,"MLnoASC"
"814...6423",53,1,7,"MLnoASC"
"913...6424",28,1,7,"MLnoASC"
"1013...6425",100,1,7,"MLnoASC"
"1113...6426",100,1,7,"MLnoASC"
"1213...6427",100,1,7,"MLnoASC"
"1313...6428",100,1,7,"MLnoASC"
"1413...6429",57,1,7,"MLnoASC"
"1513...6430",85,1,7,"MLnoASC"
"1613...6431",83,1,7,"MLnoASC"
"1713...6432",99,1,7,"MLnoASC"
"1813...6433",99,1,7,"MLnoASC"
"1913...6434",100,1,7,"MLnoASC"
"2013...6435",89,1,7,"MLnoASC"
"2113...6436",99,1,7,"MLnoASC"
"2213...6437",62,1,7,"MLnoASC"
"2313...6438",24,1,7,"MLnoASC"
"2413...6439",91,1,7,"MLnoASC"
"2513...6440",100,1,7,"MLnoASC"
"2613...6441",100,1,7,"MLnoASC"
"2713...6442",86,1,7,"MLnoASC"
"2813...6443",61,1,7,"MLnoASC"
"2913...6444",88,1,7,"MLnoASC"
"3013...6445",100,1,7,"MLnoASC"
"3113...6446",31,1,7,"MLnoASC"
"328...6447",82,1,7,"MLnoASC"
"333...6448",100,1,7,"MLnoASC"
"343...6449",82,1,7,"MLnoASC"
"353...6450",72,1,7,"MLnoASC"
"363...6451",100,1,7,"MLnoASC"
"373...6452",100,1,7,"MLnoASC"
"383...6453",100,1,7,"MLnoASC"
"392...6454",100,1,7,"MLnoASC"
"402...6455",63,1,7,"MLnoASC"
"417...6456",100,1,7,"MLnoASC"
"422...6457",49,1,7,"MLnoASC"
"432...6458",100,1,7,"MLnoASC"
"442...6459",100,1,7,"MLnoASC"
"452...6460",100,1,7,"MLnoASC"
"462...6461",79,1,7,"MLnoASC"
"472...6462",97,1,7,"MLnoASC"
"482...6463",100,1,7,"MLnoASC"
"492...6464",100,1,7,"MLnoASC"
"502...6465",100,1,7,"MLnoASC"
"517...6466",100,1,7,"MLnoASC"
"522...6467",100,1,7,"MLnoASC"
"532...6468",100,1,7,"MLnoASC"
"542...6469",100,1,7,"MLnoASC"
"552...6470",100,1,7,"MLnoASC"
"562...6471",100,1,7,"MLnoASC"
"572...6472",100,1,7,"MLnoASC"
"582...6473",66,1,7,"MLnoASC"
"592...6474",100,1,7,"MLnoASC"
"602...6475",90,1,7,"MLnoASC"
"617...6476",100,1,7,"MLnoASC"
"622...6477",100,1,7,"MLnoASC"
"632...6478",100,1,7,"MLnoASC"
"642...6479",100,1,7,"MLnoASC"
"652...6480",100,1,7,"MLnoASC"
"662...6481",100,1,7,"MLnoASC"
"672...6482",93,1,7,"MLnoASC"
"682...6483",97,1,7,"MLnoASC"
"692...6484",37,1,7,"MLnoASC"
"702...6485",98,1,7,"MLnoASC"
"717...6486",100,1,7,"MLnoASC"
"721...6487",69,1,7,"MLnoASC"
"731...6488",100,1,7,"MLnoASC"
"741...6489",48,1,7,"MLnoASC"
"751...6490",64,1,7,"MLnoASC"
"76...6491",100,1,7,"MLnoASC"
"77...6492",100,1,7,"MLnoASC"
"78...6493",89,1,7,"MLnoASC"
"79...6494",100,1,7,"MLnoASC"
"80...6495",68,1,7,"MLnoASC"
"81...6496",97,1,7,"MLnoASC"
"82...6497",100,1,7,"MLnoASC"
"83...6498",100,1,7,"MLnoASC"
"84...6499",100,1,7,"MLnoASC"
"85...6500",100,1,7,"MLnoASC"
"86...6501",50,1,7,"MLnoASC"
"87...6502",34,1,7,"MLnoASC"
"88...6503",78,1,7,"MLnoASC"
"89...6504",56,1,7,"MLnoASC"
"90...6505",100,1,7,"MLnoASC"
"91...6506",100,1,7,"MLnoASC"
"92...6507",96,1,7,"MLnoASC"
"93...6508",100,1,7,"MLnoASC"
"94...6509",100,1,7,"MLnoASC"
"95...6510",100,1,7,"MLnoASC"
"96...6511",100,1,7,"MLnoASC"
"97...6512",100,1,7,"MLnoASC"
"98...6513",49,1,7,"MLnoASC"
"99...6514",100,1,7,"MLnoASC"
"100...6515",100,1,7,"MLnoASC"
"101...6516",100,1,7,"MLnoASC"
"102...6517",83,1,7,"MLnoASC"
"103...6518",100,1,7,"MLnoASC"
"104...6519",100,1,7,"MLnoASC"
"105...6520",97,1,7,"MLnoASC"
"106...6521",100,1,7,"MLnoASC"
"107...6522",100,1,7,"MLnoASC"
"108...6523",78,1,7,"MLnoASC"
"109...6524",61,1,7,"MLnoASC"
"110...6525",100,1,7,"MLnoASC"
"111...6526",100,1,7,"MLnoASC"
"112...6527",44,1,7,"MLnoASC"
"113...6528",69,1,7,"MLnoASC"
"114...6529",100,1,7,"MLnoASC"
"115...6530",94,1,7,"MLnoASC"
"116...6531",100,1,7,"MLnoASC"
"117...6532",96,1,7,"MLnoASC"
"118...6533",67,1,7,"MLnoASC"
"119...6534",100,1,7,"MLnoASC"
"120...6535",100,1,7,"MLnoASC"
"121...6536",50,1,7,"MLnoASC"
"122...6537",100,1,7,"MLnoASC"
"123...6538",79,1,7,"MLnoASC"
"124...6539",100,1,7,"MLnoASC"
"125...6540",100,1,7,"MLnoASC"
"126...6541",100,1,7,"MLnoASC"
"127...6542",100,1,7,"MLnoASC"
"128...6543",62,1,7,"MLnoASC"
"129...6544",100,1,7,"MLnoASC"
"130...6545",76,1,7,"MLnoASC"
"131...6546",74,1,7,"MLnoASC"
"132...6547",65,1,7,"MLnoASC"
"133...6548",100,1,7,"MLnoASC"
"134...6549",100,1,7,"MLnoASC"
"135...6550",57,1,7,"MLnoASC"
"136...6551",100,1,7,"MLnoASC"
"137...6552",60,1,7,"MLnoASC"
"138...6553",100,1,7,"MLnoASC"
"139...6554",42,1,7,"MLnoASC"
"140...6555",100,1,7,"MLnoASC"
"141...6556",51,1,7,"MLnoASC"
"142...6557",56,1,7,"MLnoASC"
"143...6558",32,1,7,"MLnoASC"
"144...6559",100,1,7,"MLnoASC"
"145...6560",97,1,7,"MLnoASC"
"146...6561",21,1,7,"MLnoASC"
"147...6562",87,1,7,"MLnoASC"
"148...6563",91,1,7,"MLnoASC"
"149...6564",96,1,7,"MLnoASC"
"150...6565",100,1,7,"MLnoASC"
"151...6566",56,1,7,"MLnoASC"
"152...6567",46,1,7,"MLnoASC"
"153...6568",65,1,7,"MLnoASC"
"154...6569",94,1,7,"MLnoASC"
"155...6570",96,1,7,"MLnoASC"
"156...6571",50,1,7,"MLnoASC"
"157...6572",64,1,7,"MLnoASC"
"158...6573",51,1,7,"MLnoASC"
"159...6574",91,1,7,"MLnoASC"
"160...6575",29,1,7,"MLnoASC"
"161...6576",100,1,7,"MLnoASC"
"162...6577",93,1,7,"MLnoASC"
"163...6578",100,1,7,"MLnoASC"
"164...6579",76,1,7,"MLnoASC"
"165...6580",100,1,7,"MLnoASC"
"166...6581",62,1,7,"MLnoASC"
"167...6582",82,1,7,"MLnoASC"
"168...6583",100,1,7,"MLnoASC"
"169...6584",37,1,7,"MLnoASC"
"170...6585",50,1,7,"MLnoASC"
"171...6586",73,1,7,"MLnoASC"
"172...6587",87,1,7,"MLnoASC"
"173...6588",62,1,7,"MLnoASC"
"174...6589",49,1,7,"MLnoASC"
"175...6590",40,1,7,"MLnoASC"
"176...6591",75,1,7,"MLnoASC"
"177...6592",96,1,7,"MLnoASC"
"178...6593",60,1,7,"MLnoASC"
"179...6594",98,1,7,"MLnoASC"
"180...6595",100,1,7,"MLnoASC"
"181...6596",91,1,7,"MLnoASC"
"182...6597",73,1,7,"MLnoASC"
"183...6598",37,1,7,"MLnoASC"
"184...6599",79,1,7,"MLnoASC"
"185...6600",44,1,7,"MLnoASC"
"186...6601",100,1,7,"MLnoASC"
"187...6602",96,1,7,"MLnoASC"
"188...6603",100,1,7,"MLnoASC"
"189...6604",100,1,7,"MLnoASC"
"190...6605",96,1,7,"MLnoASC"
"191...6606",100,1,7,"MLnoASC"
"192...6607",62,1,7,"MLnoASC"
"193...6608",100,1,7,"MLnoASC"
"194...6609",58,1,7,"MLnoASC"
"195...6610",100,1,7,"MLnoASC"
"196...6611",54,1,7,"MLnoASC"
"197...6612",100,1,7,"MLnoASC"
"198...6613",72,1,7,"MLnoASC"
"199...6614",100,1,7,"MLnoASC"
"200...6615",89,1,7,"MLnoASC"
"201...6616",100,1,7,"MLnoASC"
"202...6617",100,1,7,"MLnoASC"
"203...6618",90,1,7,"MLnoASC"
"204...6619",100,1,7,"MLnoASC"
"205...6620",100,1,7,"MLnoASC"
"206...6621",100,1,7,"MLnoASC"
"207...6622",79,1,7,"MLnoASC"
"208...6623",100,1,7,"MLnoASC"
"209...6624",100,1,7,"MLnoASC"
"210...6625",100,1,7,"MLnoASC"
"211...6626",86,1,7,"MLnoASC"
"212...6627",100,1,7,"MLnoASC"
"213...6628",99,1,7,"MLnoASC"
"214...6629",100,1,7,"MLnoASC"
"215...6630",100,1,7,"MLnoASC"
"216...6631",100,1,7,"MLnoASC"
"217...6632",100,1,7,"MLnoASC"
"218...6633",36,1,7,"MLnoASC"
"219...6634",61,1,7,"MLnoASC"
"220...6635",88,1,7,"MLnoASC"
"221...6636",27,1,7,"MLnoASC"
"222...6637",100,1,7,"MLnoASC"
"223...6638",100,1,7,"MLnoASC"
"224...6639",100,1,7,"MLnoASC"
"225...6640",100,1,7,"MLnoASC"
"226...6641",98,1,7,"MLnoASC"
"227...6642",61,1,7,"MLnoASC"
"228...6643",100,1,7,"MLnoASC"
"229...6644",67,1,7,"MLnoASC"
"230...6645",68,1,7,"MLnoASC"
"231...6646",100,1,7,"MLnoASC"
"232...6647",100,1,7,"MLnoASC"
"233...6648",100,1,7,"MLnoASC"
"234...6649",53,1,7,"MLnoASC"
"235...6650",100,1,7,"MLnoASC"
"236...6651",54,1,7,"MLnoASC"
"237...6652",100,1,7,"MLnoASC"
"238...6653",100,1,7,"MLnoASC"
"239...6654",83,1,7,"MLnoASC"
"240...6655",54,1,7,"MLnoASC"
"241...6656",100,1,7,"MLnoASC"
"242...6657",100,1,7,"MLnoASC"
"243...6658",65,1,7,"MLnoASC"
"244...6659",97,1,7,"MLnoASC"
"245...6660",100,1,7,"MLnoASC"
"246...6661",100,1,7,"MLnoASC"
"247...6662",100,1,7,"MLnoASC"
"248...6663",70,1,7,"MLnoASC"
"249...6664",63,1,7,"MLnoASC"
"250...6665",97,1,7,"MLnoASC"
"251...6666",100,1,7,"MLnoASC"
"252...6667",100,1,7,"MLnoASC"
"253...6668",26,0,7,"MLnoASC"
"254...6669",38,0,7,"MLnoASC"
"255...6670",28,0,7,"MLnoASC"
"256...6671",52,0,7,"MLnoASC"
"257...6672",6,0,7,"MLnoASC"
"258...6673",4,0,7,"MLnoASC"
"259...6674",9,0,7,"MLnoASC"
"260...6675",43,0,7,"MLnoASC"
"261...6676",39,0,7,"MLnoASC"
"262...6677",46,0,7,"MLnoASC"
"263...6678",45,0,7,"MLnoASC"
"264...6679",52,0,7,"MLnoASC"
"265...6680",28,0,7,"MLnoASC"
"2106...6681",99,1,8,"MLnoASC"
"329...6682",100,1,8,"MLnoASC"
"418...6683",100,1,8,"MLnoASC"
"518...6684",100,1,8,"MLnoASC"
"618...6685",100,1,8,"MLnoASC"
"718...6686",99,1,8,"MLnoASC"
"815...6687",100,1,8,"MLnoASC"
"914...6688",100,1,8,"MLnoASC"
"1014...6689",100,1,8,"MLnoASC"
"1114...6690",100,1,8,"MLnoASC"
"1214...6691",94,1,8,"MLnoASC"
"1314...6692",79,1,8,"MLnoASC"
"1414...6693",100,1,8,"MLnoASC"
"1514...6694",99,1,8,"MLnoASC"
"1614...6695",100,1,8,"MLnoASC"
"1714...6696",100,1,8,"MLnoASC"
"1814...6697",100,1,8,"MLnoASC"
"1914...6698",100,1,8,"MLnoASC"
"2014...6699",100,1,8,"MLnoASC"
"2114...6700",100,1,8,"MLnoASC"
"2214...6701",100,1,8,"MLnoASC"
"2314...6702",100,1,8,"MLnoASC"
"2414...6703",66,0,8,"MLnoASC"
"2514...6704",73,0,8,"MLnoASC"
"2614...6705",76,0,8,"MLnoASC"
"2107...6706",99,1,9,"MLnoASC"
"330...6707",88,1,9,"MLnoASC"
"419...6708",100,1,9,"MLnoASC"
"519...6709",100,1,9,"MLnoASC"
"619...6710",100,1,9,"MLnoASC"
"719...6711",100,1,9,"MLnoASC"
"816...6712",96,1,9,"MLnoASC"
"915...6713",99,1,9,"MLnoASC"
"1015...6714",88,1,9,"MLnoASC"
"1115...6715",100,1,9,"MLnoASC"
"1215...6716",72,1,9,"MLnoASC"
"1315...6717",91,1,9,"MLnoASC"
"1415...6718",100,1,9,"MLnoASC"
"1515...6719",92,1,9,"MLnoASC"
"1615...6720",96,1,9,"MLnoASC"
"1715...6721",97,1,9,"MLnoASC"
"1815...6722",48,1,9,"MLnoASC"
"1915...6723",100,1,9,"MLnoASC"
"2015...6724",94,1,9,"MLnoASC"
"2115...6725",74,1,9,"MLnoASC"
"2215...6726",92,1,9,"MLnoASC"
"2315...6727",98,1,9,"MLnoASC"
"2415...6728",40,0,9,"MLnoASC"
"2515...6729",52,0,9,"MLnoASC"
"2615...6730",78,0,9,"MLnoASC"
"2714...6731",90,0,9,"MLnoASC"
"2814...6732",79,0,9,"MLnoASC"
"2914...6733",92,0,9,"MLnoASC"
"3014...6734",91,0,9,"MLnoASC"
"2108...6735",74,1,10,"MLnoASC"
"334...6736",48,1,10,"MLnoASC"
"420...6737",39,1,10,"MLnoASC"
"520...6738",96,1,10,"MLnoASC"
"620...6739",93,1,10,"MLnoASC"
"720...6740",96,1,10,"MLnoASC"
"817...6741",75,1,10,"MLnoASC"
"916...6742",94,1,10,"MLnoASC"
"1016...6743",80,1,10,"MLnoASC"
"1116...6744",95,1,10,"MLnoASC"
"1216...6745",81,1,10,"MLnoASC"
"1316...6746",72,1,10,"MLnoASC"
"1416...6747",43,0,10,"MLnoASC"
"2109...6748",100,1,11,"MLnoASC"
"335...6749",100,1,11,"MLnoASC"
"423...6750",100,1,11,"MLnoASC"
"523...6751",100,1,11,"MLnoASC"
"623...6752",86,1,11,"MLnoASC"
"722...6753",100,1,11,"MLnoASC"
"818...6754",100,1,11,"MLnoASC"
"917...6755",97,1,11,"MLnoASC"
"1017...6756",100,1,11,"MLnoASC"
"1117...6757",100,1,11,"MLnoASC"
"1217...6758",100,1,11,"MLnoASC"
"1317...6759",100,1,11,"MLnoASC"
"1417...6760",100,1,11,"MLnoASC"
"1516...6761",100,1,11,"MLnoASC"
"1616...6762",100,1,11,"MLnoASC"
"1716...6763",100,1,11,"MLnoASC"
"1816...6764",100,1,11,"MLnoASC"
"1916...6765",100,1,11,"MLnoASC"
"2016...6766",100,1,11,"MLnoASC"
"2116...6767",100,1,11,"MLnoASC"
"2216...6768",100,1,11,"MLnoASC"
"2316...6769",100,1,11,"MLnoASC"
"2416...6770",100,1,11,"MLnoASC"
"2516...6771",98,1,11,"MLnoASC"
"2616...6772",100,1,11,"MLnoASC"
"2715...6773",98,1,11,"MLnoASC"
"2815...6774",100,1,11,"MLnoASC"
"2915...6775",100,1,11,"MLnoASC"
"3015...6776",91,1,11,"MLnoASC"
"3114...6777",100,1,11,"MLnoASC"
"3210...6778",100,1,11,"MLnoASC"
"336...6779",91,1,11,"MLnoASC"
"344...6780",100,1,11,"MLnoASC"
"354...6781",100,1,11,"MLnoASC"
"364...6782",100,1,11,"MLnoASC"
"374...6783",97,1,11,"MLnoASC"
"384...6784",90,1,11,"MLnoASC"
"393...6785",100,1,11,"MLnoASC"
"403...6786",99,1,11,"MLnoASC"
"4110...6787",100,1,11,"MLnoASC"
"424...6788",100,1,11,"MLnoASC"
"433...6789",100,1,11,"MLnoASC"
"443...6790",100,1,11,"MLnoASC"
"453...6791",100,1,11,"MLnoASC"
"463...6792",100,1,11,"MLnoASC"
"473...6793",100,1,11,"MLnoASC"
"483...6794",100,1,11,"MLnoASC"
"493...6795",76,1,11,"MLnoASC"
"503...6796",62,1,11,"MLnoASC"
"5110...6797",100,1,11,"MLnoASC"
"524...6798",99,1,11,"MLnoASC"
"533...6799",100,1,11,"MLnoASC"
"543...6800",100,1,11,"MLnoASC"
"553...6801",100,1,11,"MLnoASC"
"563...6802",96,1,11,"MLnoASC"
"573...6803",100,1,11,"MLnoASC"
"583...6804",100,1,11,"MLnoASC"
"593...6805",91,1,11,"MLnoASC"
"603...6806",100,1,11,"MLnoASC"
"6110...6807",91,1,11,"MLnoASC"
"624...6808",100,1,11,"MLnoASC"
"633...6809",100,1,11,"MLnoASC"
"643...6810",100,1,11,"MLnoASC"
"653...6811",99,1,11,"MLnoASC"
"663...6812",100,1,11,"MLnoASC"
"673...6813",100,1,11,"MLnoASC"
"683...6814",91,1,11,"MLnoASC"
"693...6815",100,1,11,"MLnoASC"
"703...6816",100,1,11,"MLnoASC"
"7110...6817",100,1,11,"MLnoASC"
"723...6818",100,1,11,"MLnoASC"
"732...6819",100,1,11,"MLnoASC"
"742...6820",88,1,11,"MLnoASC"
"752...6821",97,1,11,"MLnoASC"
"761...6822",90,1,11,"MLnoASC"
"771...6823",99,1,11,"MLnoASC"
"781...6824",97,1,11,"MLnoASC"
"791...6825",100,1,11,"MLnoASC"
"801...6826",100,1,11,"MLnoASC"
"819...6827",100,1,11,"MLnoASC"
"821...6828",100,1,11,"MLnoASC"
"831...6829",100,1,11,"MLnoASC"
"841...6830",100,1,11,"MLnoASC"
"851...6831",100,1,11,"MLnoASC"
"861...6832",100,1,11,"MLnoASC"
"871...6833",99,1,11,"MLnoASC"
"881...6834",78,1,11,"MLnoASC"
"891...6835",84,1,11,"MLnoASC"
"901...6836",100,1,11,"MLnoASC"
"918...6837",100,1,11,"MLnoASC"
"921...6838",100,1,11,"MLnoASC"
"931...6839",100,1,11,"MLnoASC"
"941...6840",100,1,11,"MLnoASC"
"951...6841",100,1,11,"MLnoASC"
"961...6842",67,1,11,"MLnoASC"
"971...6843",100,1,11,"MLnoASC"
"981...6844",100,1,11,"MLnoASC"
"991...6845",100,1,11,"MLnoASC"
"1001...6846",78,1,11,"MLnoASC"
"1018...6847",75,1,11,"MLnoASC"
"1021...6848",100,1,11,"MLnoASC"
"1031...6849",100,1,11,"MLnoASC"
"1041...6850",100,1,11,"MLnoASC"
"1051...6851",100,1,11,"MLnoASC"
"2117...6852",100,1,12,"MLnoASC"
"337...6853",100,1,12,"MLnoASC"
"425...6854",100,1,12,"MLnoASC"
"525...6855",100,1,12,"MLnoASC"
"625...6856",100,1,12,"MLnoASC"
"724...6857",100,1,12,"MLnoASC"
"820...6858",72,0,12,"MLnoASC"
"2118...6859",99,1,13,"MLnoASC"
"338...6860",83,1,13,"MLnoASC"
"426...6861",64,1,13,"MLnoASC"
"526...6862",58,1,13,"MLnoASC"
"626...6863",100,1,13,"MLnoASC"
"725...6864",74,1,13,"MLnoASC"
"822...6865",57,1,13,"MLnoASC"
"919...6866",100,1,13,"MLnoASC"
"1019...6867",66,1,13,"MLnoASC"
"1118...6868",100,1,13,"MLnoASC"
"1218...6869",100,1,13,"MLnoASC"
"1318...6870",87,1,13,"MLnoASC"
"1418...6871",100,1,13,"MLnoASC"
"1517...6872",100,1,13,"MLnoASC"
"1617...6873",72,1,13,"MLnoASC"
"1717...6874",86,1,13,"MLnoASC"
"1817...6875",100,1,13,"MLnoASC"
"1917...6876",66,1,13,"MLnoASC"
"2017...6877",44,1,13,"MLnoASC"
"2119...6878",80,1,13,"MLnoASC"
"2217...6879",72,1,13,"MLnoASC"
"2317...6880",100,1,13,"MLnoASC"
"2417...6881",97,1,13,"MLnoASC"
"2517...6882",100,1,13,"MLnoASC"
"2617...6883",40,1,13,"MLnoASC"
"2716...6884",98,1,13,"MLnoASC"
"2816...6885",79,1,13,"MLnoASC"
"2916...6886",55,1,13,"MLnoASC"
"3016...6887",100,1,13,"MLnoASC"
"3115...6888",48,1,13,"MLnoASC"
"3211...6889",100,1,13,"MLnoASC"
"339...6890",90,1,13,"MLnoASC"
"345...6891",35,0,13,"MLnoASC"
"355...6892",56,0,13,"MLnoASC"
"2120...6893",100,1,14,"MLnoASC"
"340...6894",100,1,14,"MLnoASC"
"427...6895",100,1,14,"MLnoASC"
"527...6896",100,1,14,"MLnoASC"
"627...6897",100,1,14,"MLnoASC"
"726...6898",100,1,14,"MLnoASC"
"823...6899",100,1,14,"MLnoASC"
"920...6900",100,1,14,"MLnoASC"
"1020...6901",69,1,14,"MLnoASC"
"1119...6902",63,1,14,"MLnoASC"
"1219...6903",100,1,14,"MLnoASC"
"1319...6904",100,1,14,"MLnoASC"
"1419...6905",100,1,14,"MLnoASC"
"1518...6906",100,1,14,"MLnoASC"
"1618...6907",100,1,14,"MLnoASC"
"1718...6908",100,1,14,"MLnoASC"
"1818...6909",100,1,14,"MLnoASC"
"1918...6910",89,1,14,"MLnoASC"
"2018...6911",100,1,14,"MLnoASC"
"2121...6912",98,1,14,"MLnoASC"
"2218...6913",100,1,14,"MLnoASC"
"2318...6914",100,1,14,"MLnoASC"
"2418...6915",75,1,14,"MLnoASC"
"2518...6916",100,1,14,"MLnoASC"
"2618...6917",100,1,14,"MLnoASC"
"2717...6918",100,1,14,"MLnoASC"
"2817...6919",100,1,14,"MLnoASC"
"2917...6920",100,1,14,"MLnoASC"
"3017...6921",100,1,14,"MLnoASC"
"3116...6922",97,1,14,"MLnoASC"
"3212...6923",100,1,14,"MLnoASC"
"3310...6924",100,1,14,"MLnoASC"
"346...6925",100,1,14,"MLnoASC"
"356...6926",100,0,14,"MLnoASC"
"365...6927",94,0,14,"MLnoASC"
"375...6928",95,0,14,"MLnoASC"
"385...6929",80,0,14,"MLnoASC"
"394...6930",100,0,14,"MLnoASC"
"404...6931",100,0,14,"MLnoASC"
"4111...6932",92,0,14,"MLnoASC"
"428...6933",100,0,14,"MLnoASC"
"434...6934",88,0,14,"MLnoASC"
"444...6935",98,0,14,"MLnoASC"
"2122...6936",100,1,15,"MLnoASC"
"347...6937",100,1,15,"MLnoASC"
"429...6938",100,1,15,"MLnoASC"
"528...6939",100,1,15,"MLnoASC"
"628...6940",100,1,15,"MLnoASC"
"727...6941",100,1,15,"MLnoASC"
"824...6942",68,1,15,"MLnoASC"
"922...6943",100,1,15,"MLnoASC"
"1022...6944",60,1,15,"MLnoASC"
"1120...6945",100,1,15,"MLnoASC"
"1220...6946",99,1,15,"MLnoASC"
"1320...6947",89,1,15,"MLnoASC"
"1420...6948",58,1,15,"MLnoASC"
"1519...6949",100,1,15,"MLnoASC"
"1619...6950",59,1,15,"MLnoASC"
"1719...6951",91,1,15,"MLnoASC"
"2123...6952",100,1,16,"MLnoASC"
"348...6953",98,1,16,"MLnoASC"
"430...6954",26,1,16,"MLnoASC"
"529...6955",100,1,16,"MLnoASC"
"629...6956",99,1,16,"MLnoASC"
"728...6957",100,1,16,"MLnoASC"
"825...6958",72,1,16,"MLnoASC"
"923...6959",80,1,16,"MLnoASC"
"1023...6960",100,1,16,"MLnoASC"
"1121...6961",99,1,16,"MLnoASC"
"1221...6962",86,1,16,"MLnoASC"
"1321...6963",99,1,16,"MLnoASC"
"1421...6964",96,1,16,"MLnoASC"
"1520...6965",97,1,16,"MLnoASC"
"1620...6966",55,1,16,"MLnoASC"
"1720...6967",100,1,16,"MLnoASC"
"1819...6968",100,1,16,"MLnoASC"
"1919...6969",98,1,16,"MLnoASC"
"2019...6970",100,1,16,"MLnoASC"
"2124...6971",96,1,16,"MLnoASC"
"2219...6972",98,1,16,"MLnoASC"
"2319...6973",100,1,16,"MLnoASC"
"2419...6974",100,1,16,"MLnoASC"
"2519...6975",100,1,16,"MLnoASC"
"2619...6976",100,1,16,"MLnoASC"
"2718...6977",100,1,16,"MLnoASC"
"2818...6978",82,0,16,"MLnoASC"
"2918...6979",38,0,16,"MLnoASC"
"3018...6980",60,0,16,"MLnoASC"
"3117...6981",90,0,16,"MLnoASC"
"3213...6982",96,0,16,"MLnoASC"
"3311...6983",58,0,16,"MLnoASC"
"349...6984",74,0,16,"MLnoASC"
"357...6985",81,0,16,"MLnoASC"
"366...6986",99,0,16,"MLnoASC"
"376...6987",98,0,16,"MLnoASC"
"386...6988",100,0,16,"MLnoASC"
"395...6989",100,0,16,"MLnoASC"
"405...6990",95,0,16,"MLnoASC"
"4112...6991",42,0,16,"MLnoASC"
"4210...6992",85,0,16,"MLnoASC"
"435...6993",84,0,16,"MLnoASC"
"445...6994",99,0,16,"MLnoASC"
"454...6995",76,0,16,"MLnoASC"
"464...6996",46,0,16,"MLnoASC"
"2125...6997",100,1,17,"MLnoASC"
"350...6998",92,1,17,"MLnoASC"
"436...6999",99,1,17,"MLnoASC"
"530...7000",100,1,17,"MLnoASC"
"630...7001",99,1,17,"MLnoASC"
"729...7002",100,1,17,"MLnoASC"
"826...7003",90,1,17,"MLnoASC"
"924...7004",75,1,17,"MLnoASC"
"1024...7005",91,1,17,"MLnoASC"
"1122...7006",96,1,17,"MLnoASC"
"1222...7007",64,1,17,"MLnoASC"
"1322...7008",90,1,17,"MLnoASC"
"1422...7009",100,1,17,"MLnoASC"
"1521...7010",100,1,17,"MLnoASC"
"1621...7011",87,1,17,"MLnoASC"
"1721...7012",100,1,17,"MLnoASC"
"1820...7013",99,1,17,"MLnoASC"
"1920...7014",100,1,17,"MLnoASC"
"2020...7015",39,1,17,"MLnoASC"
"2126...7016",51,1,17,"MLnoASC"
"2220...7017",77,1,17,"MLnoASC"
"2320...7018",99,1,17,"MLnoASC"
"2420...7019",66,1,17,"MLnoASC"
"2520...7020",99,1,17,"MLnoASC"
"2620...7021",94,1,17,"MLnoASC"
"2719...7022",100,1,17,"MLnoASC"
"2819...7023",79,1,17,"MLnoASC"
"2919...7024",56,1,17,"MLnoASC"
"3019...7025",100,1,17,"MLnoASC"
"3118...7026",100,1,17,"MLnoASC"
"3214...7027",60,1,17,"MLnoASC"
"3312...7028",31,1,17,"MLnoASC"
"3410...7029",42,1,17,"MLnoASC"
"358...7030",80,1,17,"MLnoASC"
"367...7031",43,1,17,"MLnoASC"
"377...7032",97,1,17,"MLnoASC"
"387...7033",100,1,17,"MLnoASC"
"396...7034",87,1,17,"MLnoASC"
"406...7035",99,1,17,"MLnoASC"
"4113...7036",90,1,17,"MLnoASC"
"4211...7037",91,1,17,"MLnoASC"
"437...7038",98,1,17,"MLnoASC"
"446...7039",52,0,17,"MLnoASC"
"455...7040",51,0,17,"MLnoASC"
"465...7041",73,0,17,"MLnoASC"
"474...7042",86,0,17,"MLnoASC"
"484...7043",77,0,17,"MLnoASC"
"494...7044",49,0,17,"MLnoASC"
"504...7045",26,0,17,"MLnoASC"
"5111...7046",40,0,17,"MLnoASC"
"5210...7047",50,0,17,"MLnoASC"
"534...7048",14,0,17,"MLnoASC"
"544...7049",38,0,17,"MLnoASC"
"554...7050",44,0,17,"MLnoASC"
"564...7051",60,0,17,"MLnoASC"
"574...7052",50,0,17,"MLnoASC"
"2127...7053",100,1,18,"MLnoASC"
"359...7054",99,1,18,"MLnoASC"
"438...7055",100,1,18,"MLnoASC"
"535...7056",100,1,18,"MLnoASC"
"634...7057",87,1,18,"MLnoASC"
"730...7058",100,1,18,"MLnoASC"
"827...7059",98,1,18,"MLnoASC"
"925...7060",100,1,18,"MLnoASC"
"1025...7061",97,0,18,"MLnoASC"
"2128...7062",100,1,19,"MLnoASC"
"360...7063",100,1,19,"MLnoASC"
"439...7064",100,1,19,"MLnoASC"
"536...7065",85,1,19,"MLnoASC"
"635...7066",70,1,19,"MLnoASC"
"733...7067",100,1,19,"MLnoASC"
"828...7068",100,1,19,"MLnoASC"
"926...7069",44,1,19,"MLnoASC"
"1026...7070",100,1,19,"MLnoASC"
"1123...7071",41,1,19,"MLnoASC"
"1223...7072",100,1,19,"MLnoASC"
"1323...7073",100,1,19,"MLnoASC"
"1423...7074",100,1,19,"MLnoASC"
"1522...7075",100,1,19,"MLnoASC"
"1622...7076",100,1,19,"MLnoASC"
"1722...7077",97,1,19,"MLnoASC"
"1821...7078",90,1,19,"MLnoASC"
"1921...7079",100,1,19,"MLnoASC"
"2021...7080",100,1,19,"MLnoASC"
"2129...7081",100,1,19,"MLnoASC"
"2221...7082",100,1,19,"MLnoASC"
"2321...7083",100,1,19,"MLnoASC"
"2421...7084",100,1,19,"MLnoASC"
"2521...7085",93,1,19,"MLnoASC"
"2621...7086",100,1,19,"MLnoASC"
"2720...7087",100,1,19,"MLnoASC"
"2820...7088",99,1,19,"MLnoASC"
"2920...7089",100,1,19,"MLnoASC"
"3020...7090",100,1,19,"MLnoASC"
"3119...7091",100,1,19,"MLnoASC"
"3215...7092",100,1,19,"MLnoASC"
"3313...7093",94,1,19,"MLnoASC"
"3411...7094",100,1,19,"MLnoASC"
"3510...7095",89,1,19,"MLnoASC"
"368...7096",98,1,19,"MLnoASC"
"378...7097",100,1,19,"MLnoASC"
"388...7098",97,1,19,"MLnoASC"
"397...7099",100,1,19,"MLnoASC"
"407...7100",100,1,19,"MLnoASC"
"4114...7101",99,1,19,"MLnoASC"
"4212...7102",81,1,19,"MLnoASC"
"4310...7103",94,1,19,"MLnoASC"
"447...7104",100,1,19,"MLnoASC"
"456...7105",86,1,19,"MLnoASC"
"466...7106",89,1,19,"MLnoASC"
"475...7107",100,1,19,"MLnoASC"
"485...7108",56,0,19,"MLnoASC"
"495...7109",47,0,19,"MLnoASC"
"505...7110",87,0,19,"MLnoASC"
"5112...7111",62,0,19,"MLnoASC"
"2130...7112",100,1,20,"MLnoASC"
"369...7113",100,1,20,"MLnoASC"
"440...7114",100,1,20,"MLnoASC"
"537...7115",100,1,20,"MLnoASC"
"636...7116",100,1,20,"MLnoASC"
"734...7117",100,1,20,"MLnoASC"
"829...7118",100,1,20,"MLnoASC"
"927...7119",100,1,20,"MLnoASC"
"1027...7120",100,1,20,"MLnoASC"
"1124...7121",100,1,20,"MLnoASC"
"1224...7122",88,1,20,"MLnoASC"
"1324...7123",100,1,20,"MLnoASC"
"1424...7124",100,1,20,"MLnoASC"
"1523...7125",99,1,20,"MLnoASC"
"1623...7126",100,1,20,"MLnoASC"
"1723...7127",91,1,20,"MLnoASC"
"1822...7128",100,1,20,"MLnoASC"
"1922...7129",100,1,20,"MLnoASC"
"2022...7130",100,1,20,"MLnoASC"
"2131...7131",100,1,20,"MLnoASC"
"2222...7132",100,1,20,"MLnoASC"
"2322...7133",100,1,20,"MLnoASC"
"2422...7134",100,1,20,"MLnoASC"
"2522...7135",94,1,20,"MLnoASC"
"2622...7136",100,1,20,"MLnoASC"
"2721...7137",98,1,20,"MLnoASC"
"2821...7138",97,1,20,"MLnoASC"
"2921...7139",100,1,20,"MLnoASC"
"3021...7140",100,1,20,"MLnoASC"
"3120...7141",100,1,20,"MLnoASC"
"3216...7142",100,1,20,"MLnoASC"
"3314...7143",100,1,20,"MLnoASC"
"3412...7144",59,1,20,"MLnoASC"
"3511...7145",100,1,20,"MLnoASC"
"3610...7146",100,1,20,"MLnoASC"
"379...7147",100,1,20,"MLnoASC"
"389...7148",100,1,20,"MLnoASC"
"398...7149",100,1,20,"MLnoASC"
"408...7150",53,0,20,"MLnoASC"
"4115...7151",50,0,20,"MLnoASC"
"4213...7152",95,0,20,"MLnoASC"
"4311...7153",79,0,20,"MLnoASC"
"2132...7154",100,1,21,"MLnoASC"
"370...7155",100,1,21,"MLnoASC"
"448...7156",100,1,21,"MLnoASC"
"538...7157",100,1,21,"MLnoASC"
"637...7158",100,1,21,"MLnoASC"
"735...7159",94,1,21,"MLnoASC"
"830...7160",100,1,21,"MLnoASC"
"928...7161",100,1,21,"MLnoASC"
"1028...7162",99,1,21,"MLnoASC"
"1125...7163",99,1,21,"MLnoASC"
"1225...7164",100,1,21,"MLnoASC"
"1325...7165",100,1,21,"MLnoASC"
"1425...7166",100,1,21,"MLnoASC"
"1524...7167",100,1,21,"MLnoASC"
"1624...7168",100,1,21,"MLnoASC"
"1724...7169",100,1,21,"MLnoASC"
"1823...7170",100,1,21,"MLnoASC"
"1923...7171",100,1,21,"MLnoASC"
"2023...7172",100,1,21,"MLnoASC"
"2133...7173",100,1,21,"MLnoASC"
"2223...7174",100,1,21,"MLnoASC"
"2323...7175",100,1,21,"MLnoASC"
"2423...7176",100,1,21,"MLnoASC"
"2523...7177",87,1,21,"MLnoASC"
"2623...7178",100,1,21,"MLnoASC"
"2722...7179",100,1,21,"MLnoASC"
"2822...7180",100,1,21,"MLnoASC"
"2922...7181",100,1,21,"MLnoASC"
"3022...7182",100,1,21,"MLnoASC"
"3121...7183",99,1,21,"MLnoASC"
"3217...7184",100,1,21,"MLnoASC"
"3315...7185",100,1,21,"MLnoASC"
"3413...7186",26,0,21,"MLnoASC"
"3512...7187",34,0,21,"MLnoASC"
"2134...7188",100,1,22,"MLnoASC"
"380...7189",100,1,22,"MLnoASC"
"449...7190",100,1,22,"MLnoASC"
"539...7191",99,1,22,"MLnoASC"
"638...7192",100,1,22,"MLnoASC"
"736...7193",100,1,22,"MLnoASC"
"832...7194",98,1,22,"MLnoASC"
"929...7195",95,1,22,"MLnoASC"
"1029...7196",100,1,22,"MLnoASC"
"1126...7197",99,1,22,"MLnoASC"
"1226...7198",100,1,22,"MLnoASC"
"1326...7199",82,1,22,"MLnoASC"
"1426...7200",42,1,22,"MLnoASC"
"1525...7201",92,1,22,"MLnoASC"
"1625...7202",61,1,22,"MLnoASC"
"1725...7203",100,1,22,"MLnoASC"
"1824...7204",66,1,22,"MLnoASC"
"1924...7205",62,1,22,"MLnoASC"
"2024...7206",96,1,22,"MLnoASC"
"2135...7207",100,1,22,"MLnoASC"
"2224...7208",97,1,22,"MLnoASC"
"2324...7209",52,0,22,"MLnoASC"
"2424...7210",62,0,22,"MLnoASC"
"2524...7211",70,0,22,"MLnoASC"
"2624...7212",75,0,22,"MLnoASC"
"2723...7213",80,0,22,"MLnoASC"
"2823...7214",44,0,22,"MLnoASC"
"2136...7215",47,1,23,"MLnoASC"
"390...7216",51,1,23,"MLnoASC"
"450...7217",59,1,23,"MLnoASC"
"540...7218",89,1,23,"MLnoASC"
"639...7219",100,1,23,"MLnoASC"
"737...7220",97,1,23,"MLnoASC"
"833...7221",100,1,23,"MLnoASC"
"930...7222",96,1,23,"MLnoASC"
"1030...7223",100,1,23,"MLnoASC"
"1127...7224",100,1,23,"MLnoASC"
"1227...7225",100,1,23,"MLnoASC"
"1327...7226",100,1,23,"MLnoASC"
"1427...7227",75,1,23,"MLnoASC"
"1526...7228",100,1,23,"MLnoASC"
"1626...7229",92,1,23,"MLnoASC"
"1726...7230",92,1,23,"MLnoASC"
"1825...7231",100,1,23,"MLnoASC"
"1925...7232",90,1,23,"MLnoASC"
"2025...7233",100,1,23,"MLnoASC"
"2137...7234",98,1,23,"MLnoASC"
"2225...7235",87,1,23,"MLnoASC"
"2325...7236",93,1,23,"MLnoASC"
"2425...7237",100,1,23,"MLnoASC"
"2525...7238",96,1,23,"MLnoASC"
"2625...7239",100,1,23,"MLnoASC"
"2724...7240",100,1,23,"MLnoASC"
"2824...7241",100,1,23,"MLnoASC"
"2923...7242",100,1,23,"MLnoASC"
"3023...7243",100,1,23,"MLnoASC"
"3122...7244",97,1,23,"MLnoASC"
"3218...7245",100,1,23,"MLnoASC"
"3316...7246",100,1,23,"MLnoASC"
"3414...7247",100,1,23,"MLnoASC"
"3513...7248",99,1,23,"MLnoASC"
"3611...7249",87,1,23,"MLnoASC"
"3710...7250",100,1,23,"MLnoASC"
"3810...7251",87,1,23,"MLnoASC"
"399...7252",100,1,23,"MLnoASC"
"409...7253",100,1,23,"MLnoASC"
"4116...7254",100,1,23,"MLnoASC"
"4214...7255",100,1,23,"MLnoASC"
"4312...7256",98,1,23,"MLnoASC"
"4410...7257",100,1,23,"MLnoASC"
"457...7258",100,1,23,"MLnoASC"
"467...7259",100,1,23,"MLnoASC"
"476...7260",100,1,23,"MLnoASC"
"486...7261",94,0,23,"MLnoASC"
"496...7262",35,0,23,"MLnoASC"
"506...7263",52,0,23,"MLnoASC"
"5113...7264",35,0,23,"MLnoASC"
"5211...7265",99,0,23,"MLnoASC"
"5310...7266",52,0,23,"MLnoASC"
"545...7267",52,0,23,"MLnoASC"
"555...7268",52,0,23,"MLnoASC"
"565...7269",92,0,23,"MLnoASC"
"575...7270",98,0,23,"MLnoASC"
"2138...7271",100,1,24,"MLnoASC"
"3100...7272",100,1,24,"MLnoASC"
"458...7273",98,1,24,"MLnoASC"
"546...7274",100,1,24,"MLnoASC"
"640...7275",96,1,24,"MLnoASC"
"738...7276",100,1,24,"MLnoASC"
"834...7277",100,1,24,"MLnoASC"
"932...7278",99,1,24,"MLnoASC"
"1032...7279",100,1,24,"MLnoASC"
"1128...7280",75,1,24,"MLnoASC"
"1228...7281",79,1,24,"MLnoASC"
"1328...7282",46,1,24,"MLnoASC"
"1428...7283",100,1,24,"MLnoASC"
"1527...7284",100,1,24,"MLnoASC"
"1627...7285",100,1,24,"MLnoASC"
"1727...7286",100,1,24,"MLnoASC"
"1826...7287",98,1,24,"MLnoASC"
"1926...7288",75,1,24,"MLnoASC"
"2026...7289",100,1,24,"MLnoASC"
"2139...7290",100,1,24,"MLnoASC"
"2226...7291",81,1,24,"MLnoASC"
"2326...7292",96,1,24,"MLnoASC"
"2426...7293",100,1,24,"MLnoASC"
"2526...7294",100,1,24,"MLnoASC"
"2626...7295",88,1,24,"MLnoASC"
"2725...7296",100,1,24,"MLnoASC"
"2825...7297",98,1,24,"MLnoASC"
"2924...7298",97,1,24,"MLnoASC"
"3024...7299",100,1,24,"MLnoASC"
"3123...7300",100,1,24,"MLnoASC"
"3219...7301",78,0,24,"MLnoASC"
"3317...7302",59,0,24,"MLnoASC"
"3415...7303",63,0,24,"MLnoASC"
"3514...7304",56,0,24,"MLnoASC"
"3612...7305",51,0,24,"MLnoASC"
"3711...7306",68,0,24,"MLnoASC"
"2140...7307",100,1,25,"MLnoASC"
"3101...7308",100,1,25,"MLnoASC"
"459...7309",100,1,25,"MLnoASC"
"547...7310",100,1,25,"MLnoASC"
"644...7311",74,1,25,"MLnoASC"
"739...7312",100,1,25,"MLnoASC"
"835...7313",100,1,25,"MLnoASC"
"933...7314",100,1,25,"MLnoASC"
"1033...7315",74,1,25,"MLnoASC"
"1129...7316",100,1,25,"MLnoASC"
"1229...7317",100,1,25,"MLnoASC"
"1329...7318",100,1,25,"MLnoASC"
"1429...7319",100,1,25,"MLnoASC"
"1528...7320",100,1,25,"MLnoASC"
"1628...7321",100,1,25,"MLnoASC"
"1728...7322",65,1,25,"MLnoASC"
"1827...7323",100,1,25,"MLnoASC"
"1927...7324",100,1,25,"MLnoASC"
"2027...7325",99,1,25,"MLnoASC"
"2141...7326",73,1,25,"MLnoASC"
"2227...7327",100,1,25,"MLnoASC"
"2327...7328",100,1,25,"MLnoASC"
"2427...7329",100,1,25,"MLnoASC"
"2527...7330",100,1,25,"MLnoASC"
"2627...7331",100,1,25,"MLnoASC"
"2726...7332",79,0,25,"MLnoASC"
"2142...7333",83,1,26,"MLnoASC"
"3102...7334",52,0,26,"MLnoASC"
"460...7335",78,0,26,"MLnoASC"
"548...7336",32,0,26,"MLnoASC"
"645...7337",54,0,26,"MLnoASC"
"740...7338",90,0,26,"MLnoASC"
"836...7339",75,0,26,"MLnoASC"
"934...7340",51,0,26,"MLnoASC"
"1034...7341",34,0,26,"MLnoASC"
"1130...7342",65,0,26,"MLnoASC"
"1230...7343",82,0,26,"MLnoASC"
"1330...7344",61,0,26,"MLnoASC"
"2143...7345",100,1,27,"MLnoASC"
"3103...7346",100,1,27,"MLnoASC"
"468...7347",100,1,27,"MLnoASC"
"549...7348",53,1,27,"MLnoASC"
"646...7349",51,1,27,"MLnoASC"
"743...7350",100,1,27,"MLnoASC"
"837...7351",90,1,27,"MLnoASC"
"935...7352",64,1,27,"MLnoASC"
"1035...7353",92,1,27,"MLnoASC"
"1131...7354",59,1,27,"MLnoASC"
"1231...7355",100,1,27,"MLnoASC"
"1331...7356",60,0,27,"MLnoASC"
"1430...7357",63,0,27,"MLnoASC"
"1529...7358",35,0,27,"MLnoASC"
"1629...7359",61,0,27,"MLnoASC"
"2144...7360",100,1,28,"MLnoASC"
"3104...7361",100,1,28,"MLnoASC"
"469...7362",100,1,28,"MLnoASC"
"550...7363",81,1,28,"MLnoASC"
"647...7364",86,1,28,"MLnoASC"
"744...7365",100,1,28,"MLnoASC"
"838...7366",99,1,28,"MLnoASC"
"936...7367",89,1,28,"MLnoASC"
"1036...7368",94,1,28,"MLnoASC"
"1132...7369",100,1,28,"MLnoASC"
"1232...7370",100,1,28,"MLnoASC"
"1332...7371",100,1,28,"MLnoASC"
"1431...7372",68,1,28,"MLnoASC"
"1530...7373",100,1,28,"MLnoASC"
"1630...7374",86,1,28,"MLnoASC"
"1729...7375",81,1,28,"MLnoASC"
"1828...7376",92,1,28,"MLnoASC"
"1928...7377",65,1,28,"MLnoASC"
"2028...7378",100,1,28,"MLnoASC"
"2145...7379",86,1,28,"MLnoASC"
"2228...7380",49,0,28,"MLnoASC"
"2328...7381",75,0,28,"MLnoASC"
"2428...7382",50,0,28,"MLnoASC"
"2146...7383",95,1,29,"MLnoASC"
"3105...7384",100,1,29,"MLnoASC"
"470...7385",100,1,29,"MLnoASC"
"556...7386",91,1,29,"MLnoASC"
"648...7387",100,1,29,"MLnoASC"
"745...7388",67,1,29,"MLnoASC"
"839...7389",95,1,29,"MLnoASC"
"937...7390",100,1,29,"MLnoASC"
"1037...7391",100,1,29,"MLnoASC"
"1133...7392",64,1,29,"MLnoASC"
"1233...7393",100,1,29,"MLnoASC"
"1333...7394",97,1,29,"MLnoASC"
"1432...7395",87,1,29,"MLnoASC"
"1531...7396",96,1,29,"MLnoASC"
"1631...7397",100,1,29,"MLnoASC"
"1730...7398",86,1,29,"MLnoASC"
"1829...7399",99,1,29,"MLnoASC"
"1929...7400",89,1,29,"MLnoASC"
"2029...7401",100,1,29,"MLnoASC"
"2147...7402",98,1,29,"MLnoASC"
"2229...7403",84,1,29,"MLnoASC"
"2329...7404",95,1,29,"MLnoASC"
"2429...7405",99,1,29,"MLnoASC"
"2528...7406",91,1,29,"MLnoASC"
"2628...7407",99,1,29,"MLnoASC"
"2727...7408",100,1,29,"MLnoASC"
"2826...7409",59,1,29,"MLnoASC"
"2925...7410",58,1,29,"MLnoASC"
"3025...7411",99,1,29,"MLnoASC"
"3124...7412",100,1,29,"MLnoASC"
"3220...7413",100,1,29,"MLnoASC"
"3318...7414",99,1,29,"MLnoASC"
"3416...7415",88,0,29,"MLnoASC"
"3515...7416",84,0,29,"MLnoASC"
"3613...7417",35,0,29,"MLnoASC"
"3712...7418",52,0,29,"MLnoASC"
"3811...7419",80,0,29,"MLnoASC"
"3910...7420",93,0,29,"MLnoASC"
"4010...7421",100,0,29,"MLnoASC"
"4117...7422",100,0,29,"MLnoASC"
"4215...7423",74,0,29,"MLnoASC"
"2148...7424",100,1,30,"MLnoASC"
"3106...7425",100,1,30,"MLnoASC"
"477...7426",100,1,30,"MLnoASC"
"557...7427",76,1,30,"MLnoASC"
"649...7428",100,1,30,"MLnoASC"
"746...7429",95,1,30,"MLnoASC"
"840...7430",100,1,30,"MLnoASC"
"938...7431",100,1,30,"MLnoASC"
"1038...7432",100,1,30,"MLnoASC"
"1134...7433",100,1,30,"MLnoASC"
"1234...7434",100,1,30,"MLnoASC"
"1334...7435",98,1,30,"MLnoASC"
"1433...7436",68,1,30,"MLnoASC"
"1532...7437",96,1,30,"MLnoASC"
"1632...7438",100,1,30,"MLnoASC"
"1731...7439",100,1,30,"MLnoASC"
"1830...7440",100,1,30,"MLnoASC"
"1930...7441",100,1,30,"MLnoASC"
"2030...7442",100,1,30,"MLnoASC"
"2149...7443",100,1,30,"MLnoASC"
"2230...7444",100,1,30,"MLnoASC"
"2330...7445",100,1,30,"MLnoASC"
"2430...7446",100,1,30,"MLnoASC"
"2529...7447",100,1,30,"MLnoASC"
"2629...7448",100,1,30,"MLnoASC"
"2728...7449",100,1,30,"MLnoASC"
"2827...7450",100,1,30,"MLnoASC"
"2926...7451",100,1,30,"MLnoASC"
"3026...7452",100,1,30,"MLnoASC"
"3125...7453",100,1,30,"MLnoASC"
"3221...7454",100,1,30,"MLnoASC"
"3319...7455",100,1,30,"MLnoASC"
"3417...7456",100,1,30,"MLnoASC"
"3516...7457",99,1,30,"MLnoASC"
"3614...7458",100,1,30,"MLnoASC"
"3713...7459",100,1,30,"MLnoASC"
"3812...7460",100,1,30,"MLnoASC"
"3911...7461",100,1,30,"MLnoASC"
"4011...7462",100,1,30,"MLnoASC"
"4118...7463",100,1,30,"MLnoASC"
"4216...7464",100,1,30,"MLnoASC"
"4313...7465",100,1,30,"MLnoASC"
"4411...7466",96,1,30,"MLnoASC"
"4510...7467",83,1,30,"MLnoASC"
"4610...7468",99,1,30,"MLnoASC"
"478...7469",100,1,30,"MLnoASC"
"487...7470",100,1,30,"MLnoASC"
"497...7471",100,1,30,"MLnoASC"
"507...7472",100,1,30,"MLnoASC"
"5114...7473",100,1,30,"MLnoASC"
"5212...7474",99,1,30,"MLnoASC"
"5311...7475",100,1,30,"MLnoASC"
"5410...7476",98,1,30,"MLnoASC"
"558...7477",100,1,30,"MLnoASC"
"566...7478",72,1,30,"MLnoASC"
"576...7479",66,1,30,"MLnoASC"
"584...7480",100,1,30,"MLnoASC"
"594...7481",98,1,30,"MLnoASC"
"604...7482",100,1,30,"MLnoASC"
"6111...7483",100,1,30,"MLnoASC"
"6210...7484",92,1,30,"MLnoASC"
"6310...7485",100,1,30,"MLnoASC"
"6410...7486",100,1,30,"MLnoASC"
"654...7487",99,1,30,"MLnoASC"
"664...7488",100,1,30,"MLnoASC"
"674...7489",81,1,30,"MLnoASC"
"684...7490",100,1,30,"MLnoASC"
"694...7491",100,1,30,"MLnoASC"
"704...7492",100,1,30,"MLnoASC"
"7111...7493",100,1,30,"MLnoASC"
"7210...7494",99,1,30,"MLnoASC"
"7310...7495",100,1,30,"MLnoASC"
"747...7496",100,1,30,"MLnoASC"
"753...7497",92,0,30,"MLnoASC"
"762...7498",54,0,30,"MLnoASC"
"772...7499",100,0,30,"MLnoASC"
"782...7500",100,0,30,"MLnoASC"
"792...7501",90,0,30,"MLnoASC"
"802...7502",100,0,30,"MLnoASC"
"8110...7503",81,0,30,"MLnoASC"
"8210...7504",73,0,30,"MLnoASC"
"8310...7505",99,0,30,"MLnoASC"
"2150...7506",96,1,31,"MLnoASC"
"3107...7507",98,1,31,"MLnoASC"
"479...7508",91,1,31,"MLnoASC"
"559...7509",100,1,31,"MLnoASC"
"650...7510",100,1,31,"MLnoASC"
"748...7511",96,1,31,"MLnoASC"
"842...7512",98,1,31,"MLnoASC"
"939...7513",87,1,31,"MLnoASC"
"1039...7514",100,1,31,"MLnoASC"
"1135...7515",98,1,31,"MLnoASC"
"1235...7516",89,1,31,"MLnoASC"
"1335...7517",97,1,31,"MLnoASC"
"1434...7518",95,1,31,"MLnoASC"
"1533...7519",63,1,31,"MLnoASC"
"1633...7520",96,1,31,"MLnoASC"
"1732...7521",97,1,31,"MLnoASC"
"1831...7522",90,1,31,"MLnoASC"
"1931...7523",100,1,31,"MLnoASC"
"2031...7524",52,1,31,"MLnoASC"
"2151...7525",100,1,31,"MLnoASC"
"2231...7526",100,1,31,"MLnoASC"
"2331...7527",95,1,31,"MLnoASC"
"2431...7528",95,1,31,"MLnoASC"
"2530...7529",74,1,31,"MLnoASC"
"2630...7530",100,1,31,"MLnoASC"
"2729...7531",100,1,31,"MLnoASC"
"2828...7532",80,1,31,"MLnoASC"
"2927...7533",100,1,31,"MLnoASC"
"3027...7534",92,1,31,"MLnoASC"
"3126...7535",100,1,31,"MLnoASC"
"3222...7536",100,1,31,"MLnoASC"
"3320...7537",100,1,31,"MLnoASC"
"3418...7538",96,0,31,"MLnoASC"
"3517...7539",65,0,31,"MLnoASC"
"3615...7540",71,0,31,"MLnoASC"
"3714...7541",60,0,31,"MLnoASC"
"2152...7542",91,1,32,"MLnoASC"
"3108...7543",100,1,32,"MLnoASC"
"480...7544",84,1,32,"MLnoASC"
"560...7545",100,1,32,"MLnoASC"
"655...7546",100,1,32,"MLnoASC"
"749...7547",100,1,32,"MLnoASC"
"843...7548",90,1,32,"MLnoASC"
"940...7549",47,1,32,"MLnoASC"
"1040...7550",90,1,32,"MLnoASC"
"1136...7551",100,1,32,"MLnoASC"
"1236...7552",100,1,32,"MLnoASC"
"1336...7553",83,1,32,"MLnoASC"
"1435...7554",99,1,32,"MLnoASC"
"1534...7555",100,1,32,"MLnoASC"
"1634...7556",100,1,32,"MLnoASC"
"1733...7557",54,1,32,"MLnoASC"
"1832...7558",92,1,32,"MLnoASC"
"1932...7559",100,1,32,"MLnoASC"
"2032...7560",99,1,32,"MLnoASC"
"2153...7561",100,1,32,"MLnoASC"
"2232...7562",96,1,32,"MLnoASC"
"2332...7563",100,1,32,"MLnoASC"
"2432...7564",100,1,32,"MLnoASC"
"2531...7565",100,1,32,"MLnoASC"
"2631...7566",100,1,32,"MLnoASC"
"2730...7567",78,1,32,"MLnoASC"
"2829...7568",97,1,32,"MLnoASC"
"2928...7569",100,1,32,"MLnoASC"
"3028...7570",100,1,32,"MLnoASC"
"3127...7571",82,1,32,"MLnoASC"
"3223...7572",100,1,32,"MLnoASC"
"3321...7573",96,1,32,"MLnoASC"
"3419...7574",100,1,32,"MLnoASC"
"3518...7575",100,1,32,"MLnoASC"
"3616...7576",66,1,32,"MLnoASC"
"3715...7577",59,1,32,"MLnoASC"
"3813...7578",100,1,32,"MLnoASC"
"3912...7579",100,1,32,"MLnoASC"
"4012...7580",100,1,32,"MLnoASC"
"4119...7581",100,1,32,"MLnoASC"
"4217...7582",99,1,32,"MLnoASC"
"4314...7583",92,1,32,"MLnoASC"
"4412...7584",96,0,32,"MLnoASC"
"4511...7585",73,0,32,"MLnoASC"
"4611...7586",52,0,32,"MLnoASC"
"4710...7587",84,0,32,"MLnoASC"
"488...7588",100,0,32,"MLnoASC"
"498...7589",46,0,32,"MLnoASC"
"508...7590",57,0,32,"MLnoASC"
"5115...7591",78,0,32,"MLnoASC"
"5213...7592",56,0,32,"MLnoASC"
"5312...7593",91,0,32,"MLnoASC"
"5411...7594",78,0,32,"MLnoASC"
"2154...7595",42,1,33,"MLnoASC"
"3109...7596",80,1,33,"MLnoASC"
"489...7597",100,1,33,"MLnoASC"
"567...7598",100,1,33,"MLnoASC"
"656...7599",100,1,33,"MLnoASC"
"750...7600",33,0,33,"MLnoASC"
"844...7601",41,0,33,"MLnoASC"
"2155...7602",100,1,34,"MLnoASC"
"3128...7603",99,1,34,"MLnoASC"
"490...7604",97,1,34,"MLnoASC"
"568...7605",98,1,34,"MLnoASC"
"657...7606",100,1,34,"MLnoASC"
"754...7607",100,1,34,"MLnoASC"
"845...7608",99,1,34,"MLnoASC"
"942...7609",100,1,34,"MLnoASC"
"1042...7610",97,1,34,"MLnoASC"
"1137...7611",100,1,34,"MLnoASC"
"1237...7612",100,1,34,"MLnoASC"
"1337...7613",98,1,34,"MLnoASC"
"1436...7614",100,1,34,"MLnoASC"
"1535...7615",72,1,34,"MLnoASC"
"1635...7616",100,1,34,"MLnoASC"
"1734...7617",86,1,34,"MLnoASC"
"1833...7618",100,1,34,"MLnoASC"
"1933...7619",100,1,34,"MLnoASC"
"2033...7620",100,1,34,"MLnoASC"
"2156...7621",66,1,34,"MLnoASC"
"2233...7622",100,1,34,"MLnoASC"
"2333...7623",100,1,34,"MLnoASC"
"2433...7624",82,1,34,"MLnoASC"
"2532...7625",89,1,34,"MLnoASC"
"2632...7626",100,1,34,"MLnoASC"
"2731...7627",77,1,34,"MLnoASC"
"2830...7628",73,1,34,"MLnoASC"
"2929...7629",87,1,34,"MLnoASC"
"3029...7630",100,1,34,"MLnoASC"
"3129...7631",93,1,34,"MLnoASC"
"3224...7632",100,1,34,"MLnoASC"
"3322...7633",74,0,34,"MLnoASC"
"3420...7634",29,0,34,"MLnoASC"
"3519...7635",100,0,34,"MLnoASC"
"3617...7636",62,0,34,"MLnoASC"
"3716...7637",48,0,34,"MLnoASC"
"3814...7638",48,0,34,"MLnoASC"
"3913...7639",87,0,34,"MLnoASC"
"4013...7640",62,0,34,"MLnoASC"
"4120...7641",85,0,34,"MLnoASC"
"2157...7642",100,1,35,"MLnoASC"
"3130...7643",92,1,35,"MLnoASC"
"499...7644",99,1,35,"MLnoASC"
"569...7645",100,1,35,"MLnoASC"
"658...7646",92,1,35,"MLnoASC"
"755...7647",100,1,35,"MLnoASC"
"846...7648",98,1,35,"MLnoASC"
"943...7649",77,0,35,"MLnoASC"
"2158...7650",75,1,36,"MLnoASC"
"3131...7651",73,1,36,"MLnoASC"
"4100...7652",59,1,36,"MLnoASC"
"570...7653",55,1,36,"MLnoASC"
"659...7654",100,1,36,"MLnoASC"
"756...7655",100,1,36,"MLnoASC"
"847...7656",88,1,36,"MLnoASC"
"944...7657",92,1,36,"MLnoASC"
"1043...7658",99,1,36,"MLnoASC"
"1138...7659",55,1,36,"MLnoASC"
"1238...7660",100,1,36,"MLnoASC"
"1338...7661",100,1,36,"MLnoASC"
"1437...7662",100,1,36,"MLnoASC"
"1536...7663",99,1,36,"MLnoASC"
"1636...7664",75,1,36,"MLnoASC"
"1735...7665",100,1,36,"MLnoASC"
"1834...7666",100,1,36,"MLnoASC"
"1934...7667",77,1,36,"MLnoASC"
"2034...7668",94,1,36,"MLnoASC"
"2159...7669",53,0,36,"MLnoASC"
"2234...7670",51,0,36,"MLnoASC"
"2160...7671",100,1,37,"MLnoASC"
"3132...7672",100,1,37,"MLnoASC"
"4101...7673",100,1,37,"MLnoASC"
"577...7674",100,1,37,"MLnoASC"
"660...7675",100,1,37,"MLnoASC"
"757...7676",100,1,37,"MLnoASC"
"848...7677",100,1,37,"MLnoASC"
"945...7678",100,1,37,"MLnoASC"
"1044...7679",69,1,37,"MLnoASC"
"2161...7680",99,1,38,"MLnoASC"
"3133...7681",88,1,38,"MLnoASC"
"4102...7682",78,1,38,"MLnoASC"
"578...7683",99,1,38,"MLnoASC"
"665...7684",99,1,38,"MLnoASC"
"758...7685",100,1,38,"MLnoASC"
"849...7686",90,1,38,"MLnoASC"
"946...7687",100,1,38,"MLnoASC"
"1045...7688",99,1,38,"MLnoASC"
"1139...7689",100,1,38,"MLnoASC"
"1239...7690",100,1,38,"MLnoASC"
"1339...7691",100,1,38,"MLnoASC"
"1438...7692",100,1,38,"MLnoASC"
"1537...7693",100,1,38,"MLnoASC"
"1637...7694",100,1,38,"MLnoASC"
"1736...7695",100,1,38,"MLnoASC"
"1835...7696",100,1,38,"MLnoASC"
"1935...7697",100,1,38,"MLnoASC"
"2035...7698",100,1,38,"MLnoASC"
"2162...7699",100,1,38,"MLnoASC"
"2235...7700",100,1,38,"MLnoASC"
"2334...7701",99,1,38,"MLnoASC"
"2434...7702",86,1,38,"MLnoASC"
"2533...7703",100,1,38,"MLnoASC"
"2633...7704",100,1,38,"MLnoASC"
"2732...7705",77,1,38,"MLnoASC"
"2831...7706",100,1,38,"MLnoASC"
"2930...7707",100,1,38,"MLnoASC"
"3030...7708",94,1,38,"MLnoASC"
"3134...7709",99,1,38,"MLnoASC"
"3225...7710",80,1,38,"MLnoASC"
"3323...7711",86,1,38,"MLnoASC"
"3421...7712",97,1,38,"MLnoASC"
"3520...7713",99,1,38,"MLnoASC"
"3618...7714",100,1,38,"MLnoASC"
"3717...7715",96,1,38,"MLnoASC"
"3815...7716",100,1,38,"MLnoASC"
"3914...7717",100,1,38,"MLnoASC"
"4014...7718",85,0,38,"MLnoASC"
"4121...7719",90,0,38,"MLnoASC"
"4218...7720",99,0,38,"MLnoASC"
"4315...7721",74,0,38,"MLnoASC"
"4413...7722",54,0,38,"MLnoASC"
"4512...7723",66,0,38,"MLnoASC"
"4612...7724",47,0,38,"MLnoASC"
"4711...7725",37,0,38,"MLnoASC"
"4810...7726",34,0,38,"MLnoASC"
"4910...7727",47,0,38,"MLnoASC"
"509...7728",89,0,38,"MLnoASC"
"5116...7729",81,0,38,"MLnoASC"
"5214...7730",76,0,38,"MLnoASC"
"5313...7731",95,0,38,"MLnoASC"
"5412...7732",100,0,38,"MLnoASC"
"5510...7733",78,0,38,"MLnoASC"
"5610...7734",74,0,38,"MLnoASC"
"579...7735",86,0,38,"MLnoASC"
"585...7736",85,0,38,"MLnoASC"
"595...7737",93,0,38,"MLnoASC"
"605...7738",68,0,38,"MLnoASC"
"2163...7739",100,1,39,"MLnoASC"
"3135...7740",99,1,39,"MLnoASC"
"4103...7741",100,1,39,"MLnoASC"
"580...7742",94,1,39,"MLnoASC"
"666...7743",100,1,39,"MLnoASC"
"759...7744",99,1,39,"MLnoASC"
"850...7745",100,1,39,"MLnoASC"
"947...7746",84,1,39,"MLnoASC"
"1046...7747",100,1,39,"MLnoASC"
"1140...7748",75,1,39,"MLnoASC"
"1240...7749",94,1,39,"MLnoASC"
"1340...7750",100,1,39,"MLnoASC"
"1439...7751",100,1,39,"MLnoASC"
"1538...7752",100,1,39,"MLnoASC"
"1638...7753",99,1,39,"MLnoASC"
"1737...7754",100,1,39,"MLnoASC"
"1836...7755",100,1,39,"MLnoASC"
"1936...7756",100,1,39,"MLnoASC"
"2036...7757",97,0,39,"MLnoASC"
"2164...7758",51,0,39,"MLnoASC"
"2236...7759",30,0,39,"MLnoASC"
"2335...7760",100,0,39,"MLnoASC"
"2435...7761",80,0,39,"MLnoASC"
"2534...7762",99,0,39,"MLnoASC"
"2634...7763",90,0,39,"MLnoASC"
"2733...7764",100,0,39,"MLnoASC"
"2832...7765",99,0,39,"MLnoASC"
"2931...7766",96,0,39,"MLnoASC"
"3031...7767",68,0,39,"MLnoASC"
"3136...7768",97,0,39,"MLnoASC"
"3226...7769",77,0,39,"MLnoASC"
"3324...7770",100,0,39,"MLnoASC"
"3422...7771",48,0,39,"MLnoASC"
"3521...7772",35,0,39,"MLnoASC"
"3619...7773",52,0,39,"MLnoASC"
"3718...7774",100,0,39,"MLnoASC"
"3816...7775",71,0,39,"MLnoASC"
"3915...7776",68,0,39,"MLnoASC"
"4015...7777",97,0,39,"MLnoASC"
"4122...7778",100,0,39,"MLnoASC"
"2165...7779",100,1,40,"MLnoASC"
"3137...7780",100,1,40,"MLnoASC"
"4104...7781",100,1,40,"MLnoASC"
"586...7782",65,1,40,"MLnoASC"
"667...7783",100,1,40,"MLnoASC"
"760...7784",100,1,40,"MLnoASC"
"852...7785",100,1,40,"MLnoASC"
"2166...7786",100,1,41,"MLnoASC"
"3138...7787",80,1,41,"MLnoASC"
"4105...7788",78,1,41,"MLnoASC"
"587...7789",100,1,41,"MLnoASC"
"668...7790",96,1,41,"MLnoASC"
"763...7791",100,1,41,"MLnoASC"
"853...7792",100,1,41,"MLnoASC"
"948...7793",93,1,41,"MLnoASC"
"1047...7794",100,1,41,"MLnoASC"
"1141...7795",100,1,41,"MLnoASC"
"1241...7796",96,1,41,"MLnoASC"
"1341...7797",87,1,41,"MLnoASC"
"1440...7798",100,1,41,"MLnoASC"
"1539...7799",97,1,41,"MLnoASC"
"1639...7800",94,1,41,"MLnoASC"
"1738...7801",94,1,41,"MLnoASC"
"1837...7802",99,1,41,"MLnoASC"
"1937...7803",100,1,41,"MLnoASC"
"2037...7804",100,1,41,"MLnoASC"
"2167...7805",99,1,41,"MLnoASC"
"2237...7806",100,1,41,"MLnoASC"
"2336...7807",52,1,41,"MLnoASC"
"2436...7808",100,1,41,"MLnoASC"
"2535...7809",100,1,41,"MLnoASC"
"2635...7810",98,1,41,"MLnoASC"
"2734...7811",100,1,41,"MLnoASC"
"2833...7812",96,1,41,"MLnoASC"
"2932...7813",93,1,41,"MLnoASC"
"3032...7814",100,1,41,"MLnoASC"
"3139...7815",100,1,41,"MLnoASC"
"3227...7816",95,1,41,"MLnoASC"
"3325...7817",100,1,41,"MLnoASC"
"3423...7818",98,1,41,"MLnoASC"
"3522...7819",100,1,41,"MLnoASC"
"3620...7820",90,1,41,"MLnoASC"
"3719...7821",100,1,41,"MLnoASC"
"3817...7822",55,1,41,"MLnoASC"
"3916...7823",99,1,41,"MLnoASC"
"4016...7824",100,1,41,"MLnoASC"
"4123...7825",100,1,41,"MLnoASC"
"4219...7826",100,1,41,"MLnoASC"
"4316...7827",96,1,41,"MLnoASC"
"4414...7828",100,1,41,"MLnoASC"
"4513...7829",86,1,41,"MLnoASC"
"4613...7830",98,1,41,"MLnoASC"
"4712...7831",95,1,41,"MLnoASC"
"4811...7832",100,1,41,"MLnoASC"
"4911...7833",70,0,41,"MLnoASC"
"5010...7834",46,0,41,"MLnoASC"
"5117...7835",50,0,41,"MLnoASC"
"5215...7836",46,0,41,"MLnoASC"
"5314...7837",83,0,41,"MLnoASC"
"5413...7838",70,0,41,"MLnoASC"
"5511...7839",72,0,41,"MLnoASC"
"5611...7840",43,0,41,"MLnoASC"
"5710...7841",49,0,41,"MLnoASC"
"2168...7842",100,1,42,"MLnoASC"
"3140...7843",78,1,42,"MLnoASC"
"4106...7844",100,1,42,"MLnoASC"
"588...7845",64,1,42,"MLnoASC"
"669...7846",82,1,42,"MLnoASC"
"764...7847",96,1,42,"MLnoASC"
"854...7848",99,1,42,"MLnoASC"
"949...7849",85,1,42,"MLnoASC"
"1048...7850",68,1,42,"MLnoASC"
"1142...7851",100,1,42,"MLnoASC"
"1242...7852",97,1,42,"MLnoASC"
"1342...7853",91,1,42,"MLnoASC"
"1441...7854",64,1,42,"MLnoASC"
"1540...7855",67,1,42,"MLnoASC"
"1640...7856",100,1,42,"MLnoASC"
"1739...7857",99,1,42,"MLnoASC"
"1838...7858",99,1,42,"MLnoASC"
"1938...7859",99,1,42,"MLnoASC"
"2038...7860",91,1,42,"MLnoASC"
"2169...7861",95,1,42,"MLnoASC"
"2238...7862",68,1,42,"MLnoASC"
"2337...7863",99,1,42,"MLnoASC"
"2437...7864",67,1,42,"MLnoASC"
"2536...7865",98,1,42,"MLnoASC"
"2636...7866",66,1,42,"MLnoASC"
"2735...7867",100,1,42,"MLnoASC"
"2834...7868",100,1,42,"MLnoASC"
"2933...7869",100,1,42,"MLnoASC"
"3033...7870",27,0,42,"MLnoASC"
"3141...7871",47,0,42,"MLnoASC"
"3228...7872",56,0,42,"MLnoASC"
"3326...7873",53,0,42,"MLnoASC"
"2170...7874",100,1,43,"MLnoASC"
"3142...7875",85,1,43,"MLnoASC"
"4107...7876",100,1,43,"MLnoASC"
"589...7877",96,1,43,"MLnoASC"
"670...7878",90,1,43,"MLnoASC"
"765...7879",100,1,43,"MLnoASC"
"855...7880",99,1,43,"MLnoASC"
"950...7881",98,1,43,"MLnoASC"
"1049...7882",93,1,43,"MLnoASC"
"1143...7883",50,1,43,"MLnoASC"
"1243...7884",86,1,43,"MLnoASC"
"1343...7885",100,1,43,"MLnoASC"
"1442...7886",100,1,43,"MLnoASC"
"1541...7887",95,1,43,"MLnoASC"
"1641...7888",98,1,43,"MLnoASC"
"1740...7889",56,1,43,"MLnoASC"
"1839...7890",98,1,43,"MLnoASC"
"1939...7891",97,1,43,"MLnoASC"
"2039...7892",98,1,43,"MLnoASC"
"2171...7893",95,1,43,"MLnoASC"
"2239...7894",99,1,43,"MLnoASC"
"2338...7895",100,1,43,"MLnoASC"
"2438...7896",98,1,43,"MLnoASC"
"2537...7897",99,1,43,"MLnoASC"
"2637...7898",99,1,43,"MLnoASC"
"2736...7899",100,1,43,"MLnoASC"
"2835...7900",100,1,43,"MLnoASC"
"2934...7901",80,1,43,"MLnoASC"
"3034...7902",98,1,43,"MLnoASC"
"3143...7903",98,1,43,"MLnoASC"
"3229...7904",100,1,43,"MLnoASC"
"3327...7905",100,1,43,"MLnoASC"
"3424...7906",75,1,43,"MLnoASC"
"3523...7907",99,1,43,"MLnoASC"
"3621...7908",100,1,43,"MLnoASC"
"3720...7909",99,1,43,"MLnoASC"
"3818...7910",99,1,43,"MLnoASC"
"3917...7911",100,1,43,"MLnoASC"
"4017...7912",97,1,43,"MLnoASC"
"4124...7913",99,1,43,"MLnoASC"
"4220...7914",99,1,43,"MLnoASC"
"4317...7915",97,1,43,"MLnoASC"
"4415...7916",99,1,43,"MLnoASC"
"4514...7917",84,1,43,"MLnoASC"
"4614...7918",100,1,43,"MLnoASC"
"4713...7919",100,1,43,"MLnoASC"
"4812...7920",100,1,43,"MLnoASC"
"4912...7921",100,1,43,"MLnoASC"
"5011...7922",100,1,43,"MLnoASC"
"5118...7923",98,1,43,"MLnoASC"
"5216...7924",100,1,43,"MLnoASC"
"5315...7925",100,1,43,"MLnoASC"
"5414...7926",100,1,43,"MLnoASC"
"5512...7927",100,1,43,"MLnoASC"
"5612...7928",82,1,43,"MLnoASC"
"5711...7929",100,1,43,"MLnoASC"
"5810...7930",85,1,43,"MLnoASC"
"596...7931",90,1,43,"MLnoASC"
"606...7932",100,1,43,"MLnoASC"
"6112...7933",100,1,43,"MLnoASC"
"6211...7934",100,1,43,"MLnoASC"
"6311...7935",88,0,43,"MLnoASC"
"6411...7936",90,0,43,"MLnoASC"
"6510...7937",41,0,43,"MLnoASC"
"6610...7938",99,0,43,"MLnoASC"
"675...7939",53,0,43,"MLnoASC"
"685...7940",68,0,43,"MLnoASC"
"695...7941",81,0,43,"MLnoASC"
"705...7942",83,0,43,"MLnoASC"
"7112...7943",97,0,43,"MLnoASC"
"7211...7944",56,0,43,"MLnoASC"
"7311...7945",72,0,43,"MLnoASC"
"7410...7946",75,0,43,"MLnoASC"
"7510...7947",58,0,43,"MLnoASC"
"766...7948",41,0,43,"MLnoASC"
"773...7949",51,0,43,"MLnoASC"
"783...7950",28,0,43,"MLnoASC"
"793...7951",19,0,43,"MLnoASC"
"803...7952",47,0,43,"MLnoASC"
"8111...7953",98,0,43,"MLnoASC"
"8211...7954",37,0,43,"MLnoASC"
"8311...7955",77,0,43,"MLnoASC"
"8410...7956",77,0,43,"MLnoASC"
"856...7957",90,0,43,"MLnoASC"
"862...7958",45,0,43,"MLnoASC"
"872...7959",27,0,43,"MLnoASC"
"882...7960",88,0,43,"MLnoASC"
"892...7961",61,0,43,"MLnoASC"
"902...7962",43,0,43,"MLnoASC"
"9110...7963",29,0,43,"MLnoASC"
"9210...7964",69,0,43,"MLnoASC"
"9310...7965",94,0,43,"MLnoASC"
"9410...7966",59,0,43,"MLnoASC"
"952...7967",88,0,43,"MLnoASC"
"962...7968",64,0,43,"MLnoASC"
"972...7969",99,0,43,"MLnoASC"
"982...7970",78,0,43,"MLnoASC"
"992...7971",77,0,43,"MLnoASC"
"1002...7972",85,0,43,"MLnoASC"
"10110...7973",99,0,43,"MLnoASC"
"10210...7974",97,0,43,"MLnoASC"
"10310...7975",77,0,43,"MLnoASC"
"10410...7976",95,0,43,"MLnoASC"
"1052...7977",65,0,43,"MLnoASC"
"1061...7978",74,0,43,"MLnoASC"
"1071...7979",87,0,43,"MLnoASC"
"1081...7980",77,0,43,"MLnoASC"
"1091...7981",84,0,43,"MLnoASC"
"1101...7982",95,0,43,"MLnoASC"
"2172...7983",93,1,44,"MLnoASC"
"3144...7984",100,1,44,"MLnoASC"
"4108...7985",96,1,44,"MLnoASC"
"590...7986",88,1,44,"MLnoASC"
"676...7987",89,1,44,"MLnoASC"
"767...7988",99,1,44,"MLnoASC"
"857...7989",100,1,44,"MLnoASC"
"953...7990",89,1,44,"MLnoASC"
"1050...7991",92,1,44,"MLnoASC"
"1144...7992",99,1,44,"MLnoASC"
"1244...7993",71,1,44,"MLnoASC"
"1344...7994",70,1,44,"MLnoASC"
"1443...7995",96,1,44,"MLnoASC"
"1542...7996",95,1,44,"MLnoASC"
"1642...7997",98,1,44,"MLnoASC"
"1741...7998",95,1,44,"MLnoASC"
"1840...7999",100,1,44,"MLnoASC"
"1940...8000",81,1,44,"MLnoASC"
"2040...8001",74,1,44,"MLnoASC"
"2173...8002",89,1,44,"MLnoASC"
"2240...8003",93,1,44,"MLnoASC"
"2339...8004",88,1,44,"MLnoASC"
"2439...8005",100,1,44,"MLnoASC"
"2538...8006",93,1,44,"MLnoASC"
"2638...8007",92,1,44,"MLnoASC"
"2737...8008",100,1,44,"MLnoASC"
"2836...8009",81,1,44,"MLnoASC"
"2935...8010",82,1,44,"MLnoASC"
"3035...8011",100,1,44,"MLnoASC"
"3145...8012",100,1,44,"MLnoASC"
"3230...8013",70,1,44,"MLnoASC"
"3328...8014",66,0,44,"MLnoASC"
"3425...8015",60,0,44,"MLnoASC"
"3524...8016",61,0,44,"MLnoASC"
"3622...8017",61,0,44,"MLnoASC"
"3721...8018",81,0,44,"MLnoASC"
"3819...8019",49,0,44,"MLnoASC"
"3918...8020",72,0,44,"MLnoASC"
"2174...8021",100,1,45,"MLnoASC"
"3146...8022",100,1,45,"MLnoASC"
"4109...8023",100,1,45,"MLnoASC"
"597...8024",100,1,45,"MLnoASC"
"677...8025",100,1,45,"MLnoASC"
"768...8026",100,1,45,"MLnoASC"
"858...8027",98,1,45,"MLnoASC"
"954...8028",100,1,45,"MLnoASC"
"1053...8029",100,1,45,"MLnoASC"
"1145...8030",100,1,45,"MLnoASC"
"1245...8031",100,1,45,"MLnoASC"
"1345...8032",76,1,45,"MLnoASC"
"1444...8033",100,1,45,"MLnoASC"
"1543...8034",100,1,45,"MLnoASC"
"1643...8035",92,1,45,"MLnoASC"
"1742...8036",96,1,45,"MLnoASC"
"1841...8037",90,1,45,"MLnoASC"
"1941...8038",100,1,45,"MLnoASC"
"2041...8039",87,1,45,"MLnoASC"
"2175...8040",100,1,45,"MLnoASC"
"2241...8041",100,1,45,"MLnoASC"
"2340...8042",100,1,45,"MLnoASC"
"2440...8043",100,1,45,"MLnoASC"
"2539...8044",98,1,45,"MLnoASC"
"2639...8045",100,1,45,"MLnoASC"
"2738...8046",99,1,45,"MLnoASC"
"2837...8047",98,1,45,"MLnoASC"
"2936...8048",99,1,45,"MLnoASC"
"3036...8049",100,1,45,"MLnoASC"
"3147...8050",100,1,45,"MLnoASC"
"3231...8051",100,1,45,"MLnoASC"
"3329...8052",97,1,45,"MLnoASC"
"3426...8053",98,1,45,"MLnoASC"
"3525...8054",100,1,45,"MLnoASC"
"3623...8055",100,1,45,"MLnoASC"
"3722...8056",100,1,45,"MLnoASC"
"3820...8057",99,1,45,"MLnoASC"
"3919...8058",100,1,45,"MLnoASC"
"4018...8059",98,1,45,"MLnoASC"
"4125...8060",100,1,45,"MLnoASC"
"4221...8061",100,1,45,"MLnoASC"
"4318...8062",100,1,45,"MLnoASC"
"4416...8063",100,1,45,"MLnoASC"
"4515...8064",100,1,45,"MLnoASC"
"4615...8065",100,1,45,"MLnoASC"
"4714...8066",100,1,45,"MLnoASC"
"4813...8067",100,1,45,"MLnoASC"
"4913...8068",100,1,45,"MLnoASC"
"5012...8069",92,1,45,"MLnoASC"
"5119...8070",93,1,45,"MLnoASC"
"5217...8071",100,1,45,"MLnoASC"
"5316...8072",100,1,45,"MLnoASC"
"5415...8073",100,1,45,"MLnoASC"
"5513...8074",99,1,45,"MLnoASC"
"5613...8075",100,1,45,"MLnoASC"
"5712...8076",100,1,45,"MLnoASC"
"5811...8077",90,1,45,"MLnoASC"
"598...8078",100,1,45,"MLnoASC"
"607...8079",100,1,45,"MLnoASC"
"6113...8080",100,1,45,"MLnoASC"
"6212...8081",98,1,45,"MLnoASC"
"6312...8082",95,1,45,"MLnoASC"
"6412...8083",99,1,45,"MLnoASC"
"6511...8084",100,1,45,"MLnoASC"
"6611...8085",100,1,45,"MLnoASC"
"678...8086",100,1,45,"MLnoASC"
"686...8087",100,1,45,"MLnoASC"
"696...8088",100,1,45,"MLnoASC"
"706...8089",100,1,45,"MLnoASC"
"7113...8090",100,1,45,"MLnoASC"
"7212...8091",94,1,45,"MLnoASC"
"7312...8092",100,1,45,"MLnoASC"
"7411...8093",100,1,45,"MLnoASC"
"7511...8094",100,1,45,"MLnoASC"
"769...8095",89,1,45,"MLnoASC"
"774...8096",100,1,45,"MLnoASC"
"784...8097",100,1,45,"MLnoASC"
"794...8098",99,1,45,"MLnoASC"
"804...8099",100,1,45,"MLnoASC"
"8112...8100",41,1,45,"MLnoASC"
"8212...8101",49,1,45,"MLnoASC"
"8312...8102",100,1,45,"MLnoASC"
"8411...8103",53,1,45,"MLnoASC"
"859...8104",100,1,45,"MLnoASC"
"863...8105",97,1,45,"MLnoASC"
"873...8106",98,1,45,"MLnoASC"
"883...8107",100,1,45,"MLnoASC"
"893...8108",96,1,45,"MLnoASC"
"903...8109",100,1,45,"MLnoASC"
"9111...8110",100,1,45,"MLnoASC"
"9211...8111",100,1,45,"MLnoASC"
"9311...8112",100,1,45,"MLnoASC"
"9411...8113",99,1,45,"MLnoASC"
"955...8114",100,1,45,"MLnoASC"
"963...8115",100,1,45,"MLnoASC"
"973...8116",99,1,45,"MLnoASC"
"983...8117",99,1,45,"MLnoASC"
"993...8118",56,1,45,"MLnoASC"
"1003...8119",100,1,45,"MLnoASC"
"10111...8120",100,1,45,"MLnoASC"
"10211...8121",89,1,45,"MLnoASC"
"10311...8122",99,1,45,"MLnoASC"
"10411...8123",94,1,45,"MLnoASC"
"1054...8124",100,1,45,"MLnoASC"
"1062...8125",100,1,45,"MLnoASC"
"1072...8126",100,1,45,"MLnoASC"
"1082...8127",100,1,45,"MLnoASC"
"1092...8128",96,1,45,"MLnoASC"
"1102...8129",54,0,45,"MLnoASC"
"11110...8130",95,0,45,"MLnoASC"
"11210...8131",67,0,45,"MLnoASC"
"11310...8132",95,0,45,"MLnoASC"
"1146...8133",76,0,45,"MLnoASC"
"1151...8134",97,0,45,"MLnoASC"
"1161...8135",66,0,45,"MLnoASC"
"1171...8136",92,0,45,"MLnoASC"
"1181...8137",83,0,45,"MLnoASC"
"1191...8138",62,0,45,"MLnoASC"
"1201...8139",61,0,45,"MLnoASC"
"12110...8140",100,0,45,"MLnoASC"
"12210...8141",87,0,45,"MLnoASC"
"12310...8142",85,0,45,"MLnoASC"
"1246...8143",63,0,45,"MLnoASC"
"1251...8144",81,0,45,"MLnoASC"
"1261...8145",76,0,45,"MLnoASC"
"2176...8146",100,1,46,"MLnoASC"
"3148...8147",100,1,46,"MLnoASC"
"4126...8148",100,1,46,"MLnoASC"
"599...8149",79,1,46,"MLnoASC"
"679...8150",100,1,46,"MLnoASC"
"770...8151",100,1,46,"MLnoASC"
"860...8152",100,1,46,"MLnoASC"
"956...8153",100,1,46,"MLnoASC"
"1055...8154",100,1,46,"MLnoASC"
"1147...8155",98,1,46,"MLnoASC"
"1247...8156",100,1,46,"MLnoASC"
"1346...8157",100,1,46,"MLnoASC"
"1445...8158",100,1,46,"MLnoASC"
"1544...8159",100,1,46,"MLnoASC"
"1644...8160",100,1,46,"MLnoASC"
"1743...8161",100,1,46,"MLnoASC"
"1842...8162",100,1,46,"MLnoASC"
"1942...8163",98,1,46,"MLnoASC"
"2042...8164",100,1,46,"MLnoASC"
"2177...8165",100,1,46,"MLnoASC"
"2242...8166",94,1,46,"MLnoASC"
"2341...8167",100,1,46,"MLnoASC"
"2441...8168",100,1,46,"MLnoASC"
"2540...8169",100,1,46,"MLnoASC"
"2640...8170",59,1,46,"MLnoASC"
"2739...8171",99,1,46,"MLnoASC"
"2838...8172",70,1,46,"MLnoASC"
"2937...8173",93,1,46,"MLnoASC"
"3037...8174",100,1,46,"MLnoASC"
"3149...8175",100,1,46,"MLnoASC"
"3232...8176",100,1,46,"MLnoASC"
"3330...8177",65,1,46,"MLnoASC"
"3427...8178",100,1,46,"MLnoASC"
"3526...8179",100,1,46,"MLnoASC"
"3624...8180",100,1,46,"MLnoASC"
"3723...8181",55,1,46,"MLnoASC"
"3821...8182",100,1,46,"MLnoASC"
"3920...8183",100,1,46,"MLnoASC"
"4019...8184",95,1,46,"MLnoASC"
"4127...8185",96,1,46,"MLnoASC"
"4222...8186",96,1,46,"MLnoASC"
"4319...8187",100,1,46,"MLnoASC"
"4417...8188",100,1,46,"MLnoASC"
"4516...8189",100,1,46,"MLnoASC"
"4616...8190",100,1,46,"MLnoASC"
"4715...8191",100,1,46,"MLnoASC"
"4814...8192",100,1,46,"MLnoASC"
"4914...8193",43,1,46,"MLnoASC"
"5013...8194",57,1,46,"MLnoASC"
"5120...8195",100,1,46,"MLnoASC"
"5218...8196",100,1,46,"MLnoASC"
"5317...8197",100,1,46,"MLnoASC"
"5416...8198",100,1,46,"MLnoASC"
"5514...8199",94,1,46,"MLnoASC"
"5614...8200",100,1,46,"MLnoASC"
"5713...8201",100,1,46,"MLnoASC"
"5812...8202",100,1,46,"MLnoASC"
"5910...8203",100,1,46,"MLnoASC"
"608...8204",99,1,46,"MLnoASC"
"6114...8205",100,1,46,"MLnoASC"
"6213...8206",100,1,46,"MLnoASC"
"6313...8207",100,1,46,"MLnoASC"
"6413...8208",100,1,46,"MLnoASC"
"6512...8209",100,1,46,"MLnoASC"
"6612...8210",53,1,46,"MLnoASC"
"6710...8211",100,1,46,"MLnoASC"
"687...8212",54,1,46,"MLnoASC"
"697...8213",100,1,46,"MLnoASC"
"707...8214",53,1,46,"MLnoASC"
"7114...8215",100,1,46,"MLnoASC"
"7213...8216",94,1,46,"MLnoASC"
"7313...8217",100,1,46,"MLnoASC"
"7412...8218",100,1,46,"MLnoASC"
"7512...8219",100,1,46,"MLnoASC"
"7610...8220",100,1,46,"MLnoASC"
"775...8221",100,1,46,"MLnoASC"
"785...8222",91,1,46,"MLnoASC"
"795...8223",100,1,46,"MLnoASC"
"805...8224",100,1,46,"MLnoASC"
"8113...8225",100,1,46,"MLnoASC"
"8213...8226",100,1,46,"MLnoASC"
"8313...8227",100,1,46,"MLnoASC"
"8412...8228",100,1,46,"MLnoASC"
"8510...8229",79,1,46,"MLnoASC"
"864...8230",100,1,46,"MLnoASC"
"874...8231",100,1,46,"MLnoASC"
"884...8232",79,0,46,"MLnoASC"
"894...8233",56,0,46,"MLnoASC"
"904...8234",100,0,46,"MLnoASC"
"2178...8235",99,1,47,"MLnoASC"
"3150...8236",86,1,47,"MLnoASC"
"4128...8237",35,1,47,"MLnoASC"
"5100...8238",81,1,47,"MLnoASC"
"680...8239",100,1,47,"MLnoASC"
"776...8240",99,1,47,"MLnoASC"
"865...8241",100,1,47,"MLnoASC"
"957...8242",98,1,47,"MLnoASC"
"1056...8243",100,1,47,"MLnoASC"
"1148...8244",99,1,47,"MLnoASC"
"1248...8245",100,1,47,"MLnoASC"
"1347...8246",100,1,47,"MLnoASC"
"1446...8247",100,1,47,"MLnoASC"
"1545...8248",95,1,47,"MLnoASC"
"1645...8249",100,1,47,"MLnoASC"
"1744...8250",100,1,47,"MLnoASC"
"1843...8251",96,1,47,"MLnoASC"
"1943...8252",92,1,47,"MLnoASC"
"2043...8253",77,1,47,"MLnoASC"
"2179...8254",100,1,47,"MLnoASC"
"2243...8255",99,1,47,"MLnoASC"
"2342...8256",76,1,47,"MLnoASC"
"2442...8257",98,1,47,"MLnoASC"
"2541...8258",100,1,47,"MLnoASC"
"2641...8259",100,1,47,"MLnoASC"
"2740...8260",99,1,47,"MLnoASC"
"2839...8261",100,1,47,"MLnoASC"
"2938...8262",100,1,47,"MLnoASC"
"3038...8263",100,1,47,"MLnoASC"
"3151...8264",98,1,47,"MLnoASC"
"3233...8265",100,1,47,"MLnoASC"
"3331...8266",98,1,47,"MLnoASC"
"3428...8267",100,1,47,"MLnoASC"
"3527...8268",98,1,47,"MLnoASC"
"3625...8269",98,1,47,"MLnoASC"
"3724...8270",100,1,47,"MLnoASC"
"3822...8271",100,1,47,"MLnoASC"
"3921...8272",100,1,47,"MLnoASC"
"4020...8273",100,1,47,"MLnoASC"
"4129...8274",95,1,47,"MLnoASC"
"4223...8275",99,1,47,"MLnoASC"
"4320...8276",94,1,47,"MLnoASC"
"4418...8277",100,1,47,"MLnoASC"
"4517...8278",98,1,47,"MLnoASC"
"4617...8279",98,1,47,"MLnoASC"
"4716...8280",95,1,47,"MLnoASC"
"4815...8281",100,1,47,"MLnoASC"
"4915...8282",97,1,47,"MLnoASC"
"5014...8283",95,1,47,"MLnoASC"
"5121...8284",95,1,47,"MLnoASC"
"5219...8285",97,1,47,"MLnoASC"
"5318...8286",100,1,47,"MLnoASC"
"5417...8287",100,1,47,"MLnoASC"
"5515...8288",100,1,47,"MLnoASC"
"5615...8289",100,1,47,"MLnoASC"
"5714...8290",54,1,47,"MLnoASC"
"5813...8291",100,1,47,"MLnoASC"
"5911...8292",100,1,47,"MLnoASC"
"609...8293",98,1,47,"MLnoASC"
"6115...8294",100,1,47,"MLnoASC"
"6214...8295",29,0,47,"MLnoASC"
"6314...8296",31,0,47,"MLnoASC"
"6414...8297",17,0,47,"MLnoASC"
"6513...8298",81,0,47,"MLnoASC"
"6613...8299",97,0,47,"MLnoASC"
"6711...8300",72,0,47,"MLnoASC"
"688...8301",74,0,47,"MLnoASC"
"2180...8302",62,1,48,"MLnoASC"
"3152...8303",100,1,48,"MLnoASC"
"4130...8304",62,1,48,"MLnoASC"
"5101...8305",100,1,48,"MLnoASC"
"689...8306",100,1,48,"MLnoASC"
"777...8307",100,1,48,"MLnoASC"
"866...8308",96,1,48,"MLnoASC"
"958...8309",88,1,48,"MLnoASC"
"1057...8310",100,1,48,"MLnoASC"
"1149...8311",84,1,48,"MLnoASC"
"1249...8312",99,1,48,"MLnoASC"
"1348...8313",100,1,48,"MLnoASC"
"1447...8314",100,1,48,"MLnoASC"
"1546...8315",94,1,48,"MLnoASC"
"1646...8316",98,1,48,"MLnoASC"
"1745...8317",100,1,48,"MLnoASC"
"1844...8318",99,1,48,"MLnoASC"
"1944...8319",100,1,48,"MLnoASC"
"2044...8320",57,1,48,"MLnoASC"
"2181...8321",100,1,48,"MLnoASC"
"2244...8322",100,1,48,"MLnoASC"
"2343...8323",100,1,48,"MLnoASC"
"2443...8324",99,1,48,"MLnoASC"
"2542...8325",93,1,48,"MLnoASC"
"2642...8326",98,1,48,"MLnoASC"
"2741...8327",72,1,48,"MLnoASC"
"2840...8328",61,1,48,"MLnoASC"
"2939...8329",88,1,48,"MLnoASC"
"3039...8330",99,1,48,"MLnoASC"
"3153...8331",58,1,48,"MLnoASC"
"3234...8332",100,1,48,"MLnoASC"
"3332...8333",100,1,48,"MLnoASC"
"3429...8334",100,1,48,"MLnoASC"
"3528...8335",100,1,48,"MLnoASC"
"3626...8336",100,1,48,"MLnoASC"
"3725...8337",100,1,48,"MLnoASC"
"3823...8338",91,1,48,"MLnoASC"
"3922...8339",70,1,48,"MLnoASC"
"4021...8340",100,1,48,"MLnoASC"
"4131...8341",100,1,48,"MLnoASC"
"4224...8342",100,1,48,"MLnoASC"
"4321...8343",66,1,48,"MLnoASC"
"4419...8344",65,1,48,"MLnoASC"
"4518...8345",100,1,48,"MLnoASC"
"4618...8346",100,1,48,"MLnoASC"
"4717...8347",100,1,48,"MLnoASC"
"4816...8348",100,1,48,"MLnoASC"
"4916...8349",100,1,48,"MLnoASC"
"5015...8350",100,1,48,"MLnoASC"
"5122...8351",94,0,48,"MLnoASC"
"2182...8352",99,1,49,"MLnoASC"
"3154...8353",100,1,49,"MLnoASC"
"4132...8354",100,1,49,"MLnoASC"
"5102...8355",94,1,49,"MLnoASC"
"690...8356",53,1,49,"MLnoASC"
"778...8357",100,1,49,"MLnoASC"
"867...8358",88,1,49,"MLnoASC"
"959...8359",100,1,49,"MLnoASC"
"1058...8360",100,1,49,"MLnoASC"
"1150...8361",69,1,49,"MLnoASC"
"1250...8362",100,1,49,"MLnoASC"
"1349...8363",97,1,49,"MLnoASC"
"1448...8364",100,1,49,"MLnoASC"
"1547...8365",100,1,49,"MLnoASC"
"1647...8366",84,1,49,"MLnoASC"
"1746...8367",73,1,49,"MLnoASC"
"1845...8368",100,1,49,"MLnoASC"
"1945...8369",100,1,49,"MLnoASC"
"2045...8370",94,1,49,"MLnoASC"
"2183...8371",100,1,49,"MLnoASC"
"2245...8372",99,1,49,"MLnoASC"
"2344...8373",100,1,49,"MLnoASC"
"2444...8374",100,1,49,"MLnoASC"
"2543...8375",87,1,49,"MLnoASC"
"2643...8376",100,1,49,"MLnoASC"
"2742...8377",99,1,49,"MLnoASC"
"2841...8378",100,1,49,"MLnoASC"
"2940...8379",99,1,49,"MLnoASC"
"3040...8380",100,1,49,"MLnoASC"
"3155...8381",100,1,49,"MLnoASC"
"3235...8382",99,1,49,"MLnoASC"
"3333...8383",100,1,49,"MLnoASC"
"3430...8384",100,1,49,"MLnoASC"
"3529...8385",100,1,49,"MLnoASC"
"2184...8386",93,1,50,"MLnoASC"
"3156...8387",93,1,50,"MLnoASC"
"4133...8388",97,1,50,"MLnoASC"
"5103...8389",98,1,50,"MLnoASC"
"698...8390",98,1,50,"MLnoASC"
"779...8391",100,1,50,"MLnoASC"
"868...8392",98,1,50,"MLnoASC"
"960...8393",97,1,50,"MLnoASC"
"1059...8394",100,1,50,"MLnoASC"
"1152...8395",100,1,50,"MLnoASC"
"1252...8396",77,1,50,"MLnoASC"
"1350...8397",100,1,50,"MLnoASC"
"1449...8398",100,1,50,"MLnoASC"
"1548...8399",92,1,50,"MLnoASC"
"1648...8400",100,1,50,"MLnoASC"
"1747...8401",97,1,50,"MLnoASC"
"1846...8402",75,1,50,"MLnoASC"
"1946...8403",69,1,50,"MLnoASC"
"2046...8404",77,1,50,"MLnoASC"
"2185...8405",100,1,50,"MLnoASC"
"2246...8406",76,1,50,"MLnoASC"
"2345...8407",100,1,50,"MLnoASC"
"2445...8408",100,1,50,"MLnoASC"
"2544...8409",100,1,50,"MLnoASC"
"2644...8410",77,1,50,"MLnoASC"
"2743...8411",100,1,50,"MLnoASC"
"2842...8412",100,1,50,"MLnoASC"
"2941...8413",100,1,50,"MLnoASC"
"3041...8414",100,1,50,"MLnoASC"
"3157...8415",100,1,50,"MLnoASC"
"3236...8416",93,1,50,"MLnoASC"
"3334...8417",100,1,50,"MLnoASC"
"3431...8418",100,1,50,"MLnoASC"
"3530...8419",99,1,50,"MLnoASC"
"3627...8420",99,1,50,"MLnoASC"
"3726...8421",100,1,50,"MLnoASC"
"3824...8422",100,1,50,"MLnoASC"
"3923...8423",83,1,50,"MLnoASC"
"4022...8424",100,1,50,"MLnoASC"
"4134...8425",99,1,50,"MLnoASC"
"4225...8426",100,1,50,"MLnoASC"
"4322...8427",63,1,50,"MLnoASC"
"4420...8428",95,1,50,"MLnoASC"
"4519...8429",44,1,50,"MLnoASC"
"4619...8430",81,1,50,"MLnoASC"
"4718...8431",69,1,50,"MLnoASC"
"4817...8432",100,1,50,"MLnoASC"
"4917...8433",100,1,50,"MLnoASC"
"5016...8434",100,1,50,"MLnoASC"
"5123...8435",100,1,50,"MLnoASC"
"5220...8436",100,1,50,"MLnoASC"
"5319...8437",100,1,50,"MLnoASC"
"5418...8438",100,1,50,"MLnoASC"
"5516...8439",96,1,50,"MLnoASC"
"5616...8440",94,1,50,"MLnoASC"
"5715...8441",97,1,50,"MLnoASC"
"5814...8442",100,1,50,"MLnoASC"
"5912...8443",93,1,50,"MLnoASC"
"6010...8444",88,1,50,"MLnoASC"
"6116...8445",76,1,50,"MLnoASC"
"6215...8446",71,1,50,"MLnoASC"
"6315...8447",90,1,50,"MLnoASC"
"6415...8448",71,1,50,"MLnoASC"
"6514...8449",86,1,50,"MLnoASC"
"6614...8450",81,1,50,"MLnoASC"
"6712...8451",94,1,50,"MLnoASC"
"6810...8452",78,1,50,"MLnoASC"
"699...8453",100,1,50,"MLnoASC"
"708...8454",100,1,50,"MLnoASC"
"7115...8455",100,1,50,"MLnoASC"
"7214...8456",93,1,50,"MLnoASC"
"7314...8457",100,1,50,"MLnoASC"
"7413...8458",100,1,50,"MLnoASC"
"7513...8459",96,1,50,"MLnoASC"
"7611...8460",88,1,50,"MLnoASC"
"7710...8461",100,1,50,"MLnoASC"
"786...8462",100,1,50,"MLnoASC"
"796...8463",100,1,50,"MLnoASC"
"806...8464",97,1,50,"MLnoASC"
"8114...8465",100,1,50,"MLnoASC"
"8214...8466",100,1,50,"MLnoASC"
"8314...8467",100,1,50,"MLnoASC"
"8413...8468",97,1,50,"MLnoASC"
"8511...8469",100,1,50,"MLnoASC"
"869...8470",98,1,50,"MLnoASC"
"875...8471",100,1,50,"MLnoASC"
"885...8472",94,1,50,"MLnoASC"
"895...8473",100,1,50,"MLnoASC"
"905...8474",99,1,50,"MLnoASC"
"9112...8475",97,1,50,"MLnoASC"
"9212...8476",100,1,50,"MLnoASC"
"9312...8477",100,1,50,"MLnoASC"
"9412...8478",100,1,50,"MLnoASC"
"9510...8479",100,1,50,"MLnoASC"
"964...8480",99,1,50,"MLnoASC"
"974...8481",100,1,50,"MLnoASC"
"984...8482",100,1,50,"MLnoASC"
"994...8483",100,1,50,"MLnoASC"
"1004...8484",100,1,50,"MLnoASC"
"10112...8485",100,1,50,"MLnoASC"
"10212...8486",100,1,50,"MLnoASC"
"10312...8487",100,1,50,"MLnoASC"
"10412...8488",100,1,50,"MLnoASC"
"10510...8489",100,1,50,"MLnoASC"
"1063...8490",91,1,50,"MLnoASC"
"1073...8491",92,1,50,"MLnoASC"
"1083...8492",100,1,50,"MLnoASC"
"1093...8493",100,1,50,"MLnoASC"
"1103...8494",100,1,50,"MLnoASC"
"11111...8495",99,1,50,"MLnoASC"
"11211...8496",97,1,50,"MLnoASC"
"11311...8497",100,1,50,"MLnoASC"
"11410...8498",99,1,50,"MLnoASC"
"1153...8499",100,1,50,"MLnoASC"
"1162...8500",97,1,50,"MLnoASC"
"1172...8501",100,1,50,"MLnoASC"
"1182...8502",100,1,50,"MLnoASC"
"1192...8503",100,1,50,"MLnoASC"
"1202...8504",100,1,50,"MLnoASC"
"12111...8505",100,1,50,"MLnoASC"
"12211...8506",65,1,50,"MLnoASC"
"12311...8507",58,1,50,"MLnoASC"
"12410...8508",65,1,50,"MLnoASC"
"1253...8509",100,1,50,"MLnoASC"
"1262...8510",100,1,50,"MLnoASC"
"1271...8511",100,1,50,"MLnoASC"
"1281...8512",100,1,50,"MLnoASC"
"1291...8513",100,1,50,"MLnoASC"
"1301...8514",100,1,50,"MLnoASC"
"13110...8515",100,1,50,"MLnoASC"
"13210...8516",100,1,50,"MLnoASC"
"13310...8517",100,1,50,"MLnoASC"
"13410...8518",100,1,50,"MLnoASC"
"1351...8519",100,1,50,"MLnoASC"
"1361...8520",100,1,50,"MLnoASC"
"1371...8521",100,1,50,"MLnoASC"
"1381...8522",100,1,50,"MLnoASC"
"1391...8523",98,1,50,"MLnoASC"
"1401...8524",100,1,50,"MLnoASC"
"14110...8525",100,1,50,"MLnoASC"
"14210...8526",100,1,50,"MLnoASC"
"14310...8527",100,1,50,"MLnoASC"
"14410...8528",100,1,50,"MLnoASC"
"1451...8529",100,1,50,"MLnoASC"
"1461...8530",100,1,50,"MLnoASC"
"1471...8531",85,1,50,"MLnoASC"
"1481...8532",100,1,50,"MLnoASC"
"1491...8533",100,1,50,"MLnoASC"
"1501...8534",100,1,50,"MLnoASC"
"15110...8535",100,1,50,"MLnoASC"
"15210...8536",100,1,50,"MLnoASC"
"15310...8537",100,1,50,"MLnoASC"
"1549...8538",100,1,50,"MLnoASC"
"1551...8539",100,1,50,"MLnoASC"
"1561...8540",100,1,50,"MLnoASC"
"1571...8541",100,1,50,"MLnoASC"
"1581...8542",100,1,50,"MLnoASC"
"1591...8543",100,1,50,"MLnoASC"
"1601...8544",100,1,50,"MLnoASC"
"16110...8545",100,1,50,"MLnoASC"
"16210...8546",100,1,50,"MLnoASC"
"16310...8547",100,1,50,"MLnoASC"
"1649...8548",100,1,50,"MLnoASC"
"1651...8549",100,1,50,"MLnoASC"
"1661...8550",100,1,50,"MLnoASC"
"1671...8551",100,1,50,"MLnoASC"
"1681...8552",100,1,50,"MLnoASC"
"1691...8553",100,1,50,"MLnoASC"
"1701...8554",100,1,50,"MLnoASC"
"17110...8555",100,1,50,"MLnoASC"
"17210...8556",100,1,50,"MLnoASC"
"17310...8557",100,1,50,"MLnoASC"
"1748...8558",100,1,50,"MLnoASC"
"1751...8559",100,1,50,"MLnoASC"
"1761...8560",100,1,50,"MLnoASC"
"1771...8561",100,1,50,"MLnoASC"
"1781...8562",100,1,50,"MLnoASC"
"1791...8563",100,1,50,"MLnoASC"
"1801...8564",100,1,50,"MLnoASC"
"18110...8565",86,1,50,"MLnoASC"
"18210...8566",100,1,50,"MLnoASC"
"18310...8567",100,1,50,"MLnoASC"
"1847...8568",100,1,50,"MLnoASC"
"1851...8569",100,1,50,"MLnoASC"
"1861...8570",100,1,50,"MLnoASC"
"1871...8571",98,1,50,"MLnoASC"
"1881...8572",87,1,50,"MLnoASC"
"1891...8573",80,1,50,"MLnoASC"
"1901...8574",95,1,50,"MLnoASC"
"19110...8575",86,1,50,"MLnoASC"
"19210...8576",86,1,50,"MLnoASC"
"19310...8577",99,1,50,"MLnoASC"
"1947...8578",82,1,50,"MLnoASC"
"1951...8579",100,1,50,"MLnoASC"
"1961...8580",99,1,50,"MLnoASC"
"1971...8581",82,1,50,"MLnoASC"
"1981...8582",96,1,50,"MLnoASC"
"1991...8583",100,1,50,"MLnoASC"
"2001...8584",99,1,50,"MLnoASC"
"20110...8585",100,1,50,"MLnoASC"
"20210...8586",52,1,50,"MLnoASC"
"20310...8587",97,1,50,"MLnoASC"
"2047...8588",100,1,50,"MLnoASC"
"2051...8589",99,1,50,"MLnoASC"
"2061...8590",95,1,50,"MLnoASC"
"2071...8591",100,1,50,"MLnoASC"
"2081...8592",98,1,50,"MLnoASC"
"2091...8593",89,1,50,"MLnoASC"
"21010...8594",100,1,50,"MLnoASC"
"21110...8595",98,1,50,"MLnoASC"
"21210...8596",100,1,50,"MLnoASC"
"21310...8597",96,1,50,"MLnoASC"
"21410...8598",100,1,50,"MLnoASC"
"21510...8599",98,1,50,"MLnoASC"
"21610...8600",99,1,50,"MLnoASC"
"21710...8601",100,1,50,"MLnoASC"
"2186...8602",88,1,50,"MLnoASC"
"2191...8603",100,1,50,"MLnoASC"
"2201...8604",100,1,50,"MLnoASC"
"22110...8605",100,1,50,"MLnoASC"
"22210...8606",94,1,50,"MLnoASC"
"22310...8607",45,1,50,"MLnoASC"
"2247...8608",100,1,50,"MLnoASC"
"2251...8609",100,1,50,"MLnoASC"
"2261...8610",100,1,50,"MLnoASC"
"2271...8611",100,1,50,"MLnoASC"
"2281...8612",100,1,50,"MLnoASC"
"2291...8613",100,1,50,"MLnoASC"
"2301...8614",100,1,50,"MLnoASC"
"23110...8615",79,1,50,"MLnoASC"
"23210...8616",100,1,50,"MLnoASC"
"23310...8617",100,1,50,"MLnoASC"
"2346...8618",100,1,50,"MLnoASC"
"2351...8619",100,1,50,"MLnoASC"
"2361...8620",100,1,50,"MLnoASC"
"2371...8621",100,1,50,"MLnoASC"
"2381...8622",100,1,50,"MLnoASC"
"2391...8623",100,1,50,"MLnoASC"
"2401...8624",100,1,50,"MLnoASC"
"24110...8625",100,1,50,"MLnoASC"
"24210...8626",100,1,50,"MLnoASC"
"24310...8627",99,1,50,"MLnoASC"
"2446...8628",100,1,50,"MLnoASC"
"2451...8629",100,1,50,"MLnoASC"
"2461...8630",100,1,50,"MLnoASC"
"2471...8631",100,1,50,"MLnoASC"
"2481...8632",100,1,50,"MLnoASC"
"2491...8633",100,1,50,"MLnoASC"
"2501...8634",100,1,50,"MLnoASC"
"25110...8635",100,1,50,"MLnoASC"
"25210...8636",100,1,50,"MLnoASC"
"25310...8637",99,1,50,"MLnoASC"
"2545...8638",100,1,50,"MLnoASC"
"2551...8639",100,1,50,"MLnoASC"
"2561...8640",100,1,50,"MLnoASC"
"2571...8641",100,1,50,"MLnoASC"
"2581...8642",100,1,50,"MLnoASC"
"2591...8643",100,1,50,"MLnoASC"
"2601...8644",100,1,50,"MLnoASC"
"26110...8645",100,1,50,"MLnoASC"
"26210...8646",100,1,50,"MLnoASC"
"26310...8647",96,1,50,"MLnoASC"
"2645...8648",100,1,50,"MLnoASC"
"2651...8649",100,1,50,"MLnoASC"
"266...8650",100,1,50,"MLnoASC"
"267...8651",100,1,50,"MLnoASC"
"268...8652",80,1,50,"MLnoASC"
"269...8653",100,1,50,"MLnoASC"
"270...8654",100,1,50,"MLnoASC"
"271...8655",100,1,50,"MLnoASC"
"272...8656",100,1,50,"MLnoASC"
"273...8657",100,1,50,"MLnoASC"
"274...8658",100,1,50,"MLnoASC"
"275...8659",100,1,50,"MLnoASC"
"276...8660",100,1,50,"MLnoASC"
"277...8661",98,1,50,"MLnoASC"
"278...8662",81,1,50,"MLnoASC"
"279...8663",72,1,50,"MLnoASC"
"280...8664",86,1,50,"MLnoASC"
"281...8665",66,1,50,"MLnoASC"
"282...8666",100,1,50,"MLnoASC"
"283...8667",75,1,50,"MLnoASC"
"284...8668",97,1,50,"MLnoASC"
"285...8669",100,1,50,"MLnoASC"
"286...8670",100,1,50,"MLnoASC"
"287...8671",89,1,50,"MLnoASC"
"288...8672",94,1,50,"MLnoASC"
"289...8673",87,1,50,"MLnoASC"
"290...8674",100,1,50,"MLnoASC"
"291...8675",99,1,50,"MLnoASC"
"292...8676",100,1,50,"MLnoASC"
"293...8677",100,1,50,"MLnoASC"
"294...8678",95,1,50,"MLnoASC"
"295...8679",95,1,50,"MLnoASC"
"296...8680",100,1,50,"MLnoASC"
"297...8681",93,1,50,"MLnoASC"
"298...8682",100,1,50,"MLnoASC"
"299...8683",100,1,50,"MLnoASC"
"300...8684",100,1,50,"MLnoASC"
"301...8685",51,0,50,"MLnoASC"
"302...8686",47,0,50,"MLnoASC"
"303...8687",40,0,50,"MLnoASC"
"304...8688",75,0,50,"MLnoASC"
"305...8689",65,0,50,"MLnoASC"
"306...8690",64,0,50,"MLnoASC"
"307...8691",81,0,50,"MLnoASC"
"308...8692",81,0,50,"MLnoASC"
"309...8693",82,0,50,"MLnoASC"
"310...8694",92,0,50,"MLnoASC"
"311...8695",72,0,50,"MLnoASC"
"312...8696",83,0,50,"MLnoASC"
"313...8697",57,0,50,"MLnoASC"
"314...8698",97,0,50,"MLnoASC"
"315...8699",60,0,50,"MLnoASC"
"316...8700",68,0,50,"MLnoASC"
"317...8701",53,0,50,"MLnoASC"
"318...8702",46,0,50,"MLnoASC"
"2187...8703",100,1,51,"MLnoASC"
"3158...8704",97,1,51,"MLnoASC"
"4135...8705",100,1,51,"MLnoASC"
"5104...8706",100,1,51,"MLnoASC"
"6100...8707",100,1,51,"MLnoASC"
"780...8708",100,1,51,"MLnoASC"
"870...8709",100,1,51,"MLnoASC"
"965...8710",100,1,51,"MLnoASC"
"1060...8711",100,1,51,"MLnoASC"
"1154...8712",100,1,51,"MLnoASC"
"1254...8713",100,1,51,"MLnoASC"
"1352...8714",100,1,51,"MLnoASC"
"1450...8715",100,1,51,"MLnoASC"
"1550...8716",100,1,51,"MLnoASC"
"1650...8717",100,1,51,"MLnoASC"
"1749...8718",100,1,51,"MLnoASC"
"1848...8719",55,1,51,"MLnoASC"
"1948...8720",100,1,51,"MLnoASC"
"2048...8721",89,1,51,"MLnoASC"
"2188...8722",87,1,51,"MLnoASC"
"2248...8723",100,1,51,"MLnoASC"
"2347...8724",100,1,51,"MLnoASC"
"2447...8725",41,1,51,"MLnoASC"
"2546...8726",62,1,51,"MLnoASC"
"2646...8727",100,1,51,"MLnoASC"
"2744...8728",100,1,51,"MLnoASC"
"2843...8729",100,1,51,"MLnoASC"
"2942...8730",97,1,51,"MLnoASC"
"3042...8731",100,1,51,"MLnoASC"
"3159...8732",100,1,51,"MLnoASC"
"3237...8733",100,1,51,"MLnoASC"
"3335...8734",100,1,51,"MLnoASC"
"3432...8735",100,1,51,"MLnoASC"
"3531...8736",100,1,51,"MLnoASC"
"3628...8737",100,1,51,"MLnoASC"
"3727...8738",100,1,51,"MLnoASC"
"3825...8739",100,1,51,"MLnoASC"
"3924...8740",100,1,51,"MLnoASC"
"4023...8741",98,1,51,"MLnoASC"
"4136...8742",100,1,51,"MLnoASC"
"4226...8743",100,1,51,"MLnoASC"
"4323...8744",96,1,51,"MLnoASC"
"4421...8745",100,1,51,"MLnoASC"
"4520...8746",48,1,51,"MLnoASC"
"4620...8747",100,1,51,"MLnoASC"
"4719...8748",100,1,51,"MLnoASC"
"4818...8749",100,1,51,"MLnoASC"
"4918...8750",100,1,51,"MLnoASC"
"5017...8751",96,1,51,"MLnoASC"
"5124...8752",100,1,51,"MLnoASC"
"5221...8753",100,1,51,"MLnoASC"
"5320...8754",100,1,51,"MLnoASC"
"5419...8755",100,1,51,"MLnoASC"
"5517...8756",62,1,51,"MLnoASC"
"5617...8757",100,1,51,"MLnoASC"
"5716...8758",61,1,51,"MLnoASC"
"5815...8759",100,1,51,"MLnoASC"
"5913...8760",100,1,51,"MLnoASC"
"6011...8761",100,1,51,"MLnoASC"
"6117...8762",100,1,51,"MLnoASC"
"6216...8763",98,1,51,"MLnoASC"
"6316...8764",100,1,51,"MLnoASC"
"6416...8765",100,1,51,"MLnoASC"
"6515...8766",100,1,51,"MLnoASC"
"6615...8767",100,1,51,"MLnoASC"
"6713...8768",100,1,51,"MLnoASC"
"6811...8769",98,1,51,"MLnoASC"
"6910...8770",100,1,51,"MLnoASC"
"709...8771",100,1,51,"MLnoASC"
"7116...8772",100,1,51,"MLnoASC"
"7215...8773",100,1,51,"MLnoASC"
"7315...8774",100,1,51,"MLnoASC"
"7414...8775",100,1,51,"MLnoASC"
"7514...8776",100,1,51,"MLnoASC"
"7612...8777",100,1,51,"MLnoASC"
"7711...8778",100,1,51,"MLnoASC"
"787...8779",99,1,51,"MLnoASC"
"797...8780",99,1,51,"MLnoASC"
"807...8781",100,1,51,"MLnoASC"
"8115...8782",99,1,51,"MLnoASC"
"8215...8783",100,1,51,"MLnoASC"
"8315...8784",100,1,51,"MLnoASC"
"8414...8785",100,1,51,"MLnoASC"
"8512...8786",100,1,51,"MLnoASC"
"8610...8787",100,1,51,"MLnoASC"
"876...8788",100,1,51,"MLnoASC"
"886...8789",100,1,51,"MLnoASC"
"896...8790",100,1,51,"MLnoASC"
"906...8791",100,1,51,"MLnoASC"
"9113...8792",100,1,51,"MLnoASC"
"9213...8793",100,1,51,"MLnoASC"
"9313...8794",100,1,51,"MLnoASC"
"9413...8795",100,1,51,"MLnoASC"
"9511...8796",100,1,51,"MLnoASC"
"966...8797",100,1,51,"MLnoASC"
"975...8798",100,1,51,"MLnoASC"
"985...8799",100,1,51,"MLnoASC"
"995...8800",100,1,51,"MLnoASC"
"1005...8801",100,1,51,"MLnoASC"
"10113...8802",100,1,51,"MLnoASC"
"10213...8803",100,1,51,"MLnoASC"
"10313...8804",100,1,51,"MLnoASC"
"10413...8805",100,1,51,"MLnoASC"
"10511...8806",100,1,51,"MLnoASC"
"1064...8807",100,1,51,"MLnoASC"
"1074...8808",100,1,51,"MLnoASC"
"1084...8809",100,1,51,"MLnoASC"
"1094...8810",100,1,51,"MLnoASC"
"1104...8811",100,1,51,"MLnoASC"
"11112...8812",100,1,51,"MLnoASC"
"11212...8813",100,1,51,"MLnoASC"
"11312...8814",100,1,51,"MLnoASC"
"11411...8815",100,1,51,"MLnoASC"
"1155...8816",100,1,51,"MLnoASC"
"1163...8817",100,1,51,"MLnoASC"
"1173...8818",100,1,51,"MLnoASC"
"1183...8819",100,1,51,"MLnoASC"
"1193...8820",100,1,51,"MLnoASC"
"1203...8821",100,1,51,"MLnoASC"
"12112...8822",100,1,51,"MLnoASC"
"12212...8823",100,1,51,"MLnoASC"
"12312...8824",100,1,51,"MLnoASC"
"12411...8825",100,1,51,"MLnoASC"
"1255...8826",100,1,51,"MLnoASC"
"1263...8827",100,1,51,"MLnoASC"
"1272...8828",100,1,51,"MLnoASC"
"1282...8829",100,1,51,"MLnoASC"
"1292...8830",100,1,51,"MLnoASC"
"1302...8831",100,1,51,"MLnoASC"
"13111...8832",100,1,51,"MLnoASC"
"13211...8833",100,1,51,"MLnoASC"
"13311...8834",100,1,51,"MLnoASC"
"13411...8835",100,1,51,"MLnoASC"
"1353...8836",100,1,51,"MLnoASC"
"1362...8837",100,1,51,"MLnoASC"
"1372...8838",100,1,51,"MLnoASC"
"1382...8839",100,1,51,"MLnoASC"
"1392...8840",100,1,51,"MLnoASC"
"1402...8841",91,1,51,"MLnoASC"
"14111...8842",100,1,51,"MLnoASC"
"14211...8843",100,1,51,"MLnoASC"
"14311...8844",100,1,51,"MLnoASC"
"14411...8845",100,1,51,"MLnoASC"
"1452...8846",100,1,51,"MLnoASC"
"1462...8847",100,1,51,"MLnoASC"
"1472...8848",100,1,51,"MLnoASC"
"1482...8849",100,1,51,"MLnoASC"
"1492...8850",100,1,51,"MLnoASC"
"1502...8851",92,1,51,"MLnoASC"
"15111...8852",92,1,51,"MLnoASC"
"15211...8853",100,1,51,"MLnoASC"
"15311...8854",100,1,51,"MLnoASC"
"15410...8855",100,1,51,"MLnoASC"
"1552...8856",100,1,51,"MLnoASC"
"1562...8857",100,1,51,"MLnoASC"
"1572...8858",100,1,51,"MLnoASC"
"1582...8859",99,1,51,"MLnoASC"
"1592...8860",100,1,51,"MLnoASC"
"1602...8861",98,1,51,"MLnoASC"
"16111...8862",94,1,51,"MLnoASC"
"16211...8863",95,1,51,"MLnoASC"
"16311...8864",100,1,51,"MLnoASC"
"16410...8865",100,1,51,"MLnoASC"
"1652...8866",100,1,51,"MLnoASC"
"1662...8867",100,1,51,"MLnoASC"
"1672...8868",100,1,51,"MLnoASC"
"1682...8869",100,1,51,"MLnoASC"
"1692...8870",100,1,51,"MLnoASC"
"1702...8871",100,1,51,"MLnoASC"
"17111...8872",100,1,51,"MLnoASC"
"17211...8873",100,1,51,"MLnoASC"
"17311...8874",100,1,51,"MLnoASC"
"17410...8875",100,1,51,"MLnoASC"
"1752...8876",100,1,51,"MLnoASC"
"1762...8877",100,1,51,"MLnoASC"
"1772...8878",100,1,51,"MLnoASC"
"1782...8879",100,1,51,"MLnoASC"
"1792...8880",100,1,51,"MLnoASC"
"1802...8881",100,1,51,"MLnoASC"
"18111...8882",100,1,51,"MLnoASC"
"18211...8883",100,1,51,"MLnoASC"
"18311...8884",99,1,51,"MLnoASC"
"1849...8885",100,1,51,"MLnoASC"
"1852...8886",100,1,51,"MLnoASC"
"1862...8887",100,1,51,"MLnoASC"
"1872...8888",100,1,51,"MLnoASC"
"1882...8889",100,1,51,"MLnoASC"
"1892...8890",100,1,51,"MLnoASC"
"1902...8891",100,1,51,"MLnoASC"
"19111...8892",100,1,51,"MLnoASC"
"19211...8893",100,1,51,"MLnoASC"
"19311...8894",100,1,51,"MLnoASC"
"1949...8895",98,1,51,"MLnoASC"
"1952...8896",55,1,51,"MLnoASC"
"1962...8897",100,1,51,"MLnoASC"
"1972...8898",100,1,51,"MLnoASC"
"1982...8899",100,1,51,"MLnoASC"
"1992...8900",100,1,51,"MLnoASC"
"2002...8901",98,1,51,"MLnoASC"
"20111...8902",100,1,51,"MLnoASC"
"20211...8903",100,1,51,"MLnoASC"
"20311...8904",100,1,51,"MLnoASC"
"2049...8905",100,1,51,"MLnoASC"
"2052...8906",100,1,51,"MLnoASC"
"2062...8907",100,1,51,"MLnoASC"
"2072...8908",100,1,51,"MLnoASC"
"2082...8909",100,1,51,"MLnoASC"
"2092...8910",100,1,51,"MLnoASC"
"21011...8911",100,1,51,"MLnoASC"
"21111...8912",100,1,51,"MLnoASC"
"21211...8913",100,1,51,"MLnoASC"
"21311...8914",100,1,51,"MLnoASC"
"21411...8915",100,1,51,"MLnoASC"
"21511...8916",100,1,51,"MLnoASC"
"21611...8917",100,1,51,"MLnoASC"
"21711...8918",100,1,51,"MLnoASC"
"2189...8919",100,1,51,"MLnoASC"
"2192...8920",100,1,51,"MLnoASC"
"2202...8921",100,1,51,"MLnoASC"
"22111...8922",100,1,51,"MLnoASC"
"22211...8923",100,1,51,"MLnoASC"
"22311...8924",100,1,51,"MLnoASC"
"2249...8925",100,1,51,"MLnoASC"
"2252...8926",100,1,51,"MLnoASC"
"2262...8927",100,1,51,"MLnoASC"
"2272...8928",100,1,51,"MLnoASC"
"2282...8929",100,1,51,"MLnoASC"
"2292...8930",100,1,51,"MLnoASC"
"2302...8931",100,1,51,"MLnoASC"
"23111...8932",100,1,51,"MLnoASC"
"23211...8933",100,1,51,"MLnoASC"
"23311...8934",100,1,51,"MLnoASC"
"2348...8935",100,1,51,"MLnoASC"
"2352...8936",99,1,51,"MLnoASC"
"2362...8937",58,0,51,"MLnoASC"
"2372...8938",73,0,51,"MLnoASC"
"2382...8939",73,0,51,"MLnoASC"
"2392...8940",73,0,51,"MLnoASC"
"2402...8941",53,0,51,"MLnoASC"
"24111...8942",96,0,51,"MLnoASC"
"2190...8943",100,1,52,"MLnoASC"
"3160...8944",100,1,52,"MLnoASC"
"4137...8945",100,1,52,"MLnoASC"
"5105...8946",100,1,52,"MLnoASC"
"6101...8947",100,1,52,"MLnoASC"
"788...8948",100,1,52,"MLnoASC"
"877...8949",98,1,52,"MLnoASC"
"967...8950",100,1,52,"MLnoASC"
"1065...8951",100,1,52,"MLnoASC"
"1156...8952",94,1,52,"MLnoASC"
"1256...8953",100,1,52,"MLnoASC"
"1354...8954",100,1,52,"MLnoASC"
"1453...8955",100,1,52,"MLnoASC"
"1553...8956",100,1,52,"MLnoASC"
"1653...8957",100,1,52,"MLnoASC"
"1750...8958",98,1,52,"MLnoASC"
"1850...8959",100,1,52,"MLnoASC"
"1950...8960",100,1,52,"MLnoASC"
"2050...8961",100,1,52,"MLnoASC"
"2193...8962",100,1,52,"MLnoASC"
"2250...8963",100,1,52,"MLnoASC"
"2349...8964",100,1,52,"MLnoASC"
"2448...8965",100,1,52,"MLnoASC"
"2547...8966",100,1,52,"MLnoASC"
"2647...8967",100,1,52,"MLnoASC"
"2745...8968",100,1,52,"MLnoASC"
"2844...8969",100,1,52,"MLnoASC"
"2943...8970",100,1,52,"MLnoASC"
"3043...8971",45,1,52,"MLnoASC"
"3161...8972",100,1,52,"MLnoASC"
"3238...8973",98,1,52,"MLnoASC"
"3336...8974",94,1,52,"MLnoASC"
"3433...8975",100,1,52,"MLnoASC"
"3532...8976",100,1,52,"MLnoASC"
"3629...8977",100,1,52,"MLnoASC"
"3728...8978",100,1,52,"MLnoASC"
"3826...8979",87,1,52,"MLnoASC"
"3925...8980",98,1,52,"MLnoASC"
"4024...8981",100,1,52,"MLnoASC"
"4138...8982",100,1,52,"MLnoASC"
"4227...8983",100,1,52,"MLnoASC"
"4324...8984",98,1,52,"MLnoASC"
"4422...8985",96,1,52,"MLnoASC"
"4521...8986",100,1,52,"MLnoASC"
"4621...8987",100,1,52,"MLnoASC"
"4720...8988",100,1,52,"MLnoASC"
"4819...8989",100,1,52,"MLnoASC"
"4919...8990",100,1,52,"MLnoASC"
"5018...8991",100,1,52,"MLnoASC"
"5125...8992",99,1,52,"MLnoASC"
"5222...8993",100,1,52,"MLnoASC"
"5321...8994",100,1,52,"MLnoASC"
"5420...8995",100,1,52,"MLnoASC"
"5518...8996",100,1,52,"MLnoASC"
"5618...8997",100,1,52,"MLnoASC"
"5717...8998",100,1,52,"MLnoASC"
"5816...8999",78,0,52,"MLnoASC"
"5914...9000",74,0,52,"MLnoASC"
"6012...9001",100,0,52,"MLnoASC"
"6118...9002",97,0,52,"MLnoASC"
"6217...9003",78,0,52,"MLnoASC"
"6317...9004",100,0,52,"MLnoASC"
"6417...9005",87,0,52,"MLnoASC"
"6516...9006",79,0,52,"MLnoASC"
"6616...9007",97,0,52,"MLnoASC"
"6714...9008",77,0,52,"MLnoASC"
"6812...9009",99,0,52,"MLnoASC"
"6911...9010",95,0,52,"MLnoASC"
"7010...9011",98,0,52,"MLnoASC"
"7117...9012",90,0,52,"MLnoASC"
"7216...9013",90,0,52,"MLnoASC"
"7316...9014",33,0,52,"MLnoASC"
"7415...9015",16,0,52,"MLnoASC"
"7515...9016",32,0,52,"MLnoASC"
"7613...9017",26,0,52,"MLnoASC"
"7712...9018",38,0,52,"MLnoASC"
"789...9019",100,0,52,"MLnoASC"
"798...9020",47,0,52,"MLnoASC"
"808...9021",48,0,52,"MLnoASC"
"8116...9022",52,0,52,"MLnoASC"
"8216...9023",77,0,52,"MLnoASC"
"8316...9024",100,0,52,"MLnoASC"
"8415...9025",77,0,52,"MLnoASC"
"8513...9026",99,0,52,"MLnoASC"
"8611...9027",100,0,52,"MLnoASC"
"878...9028",100,0,52,"MLnoASC"
"887...9029",98,0,52,"MLnoASC"
"897...9030",89,0,52,"MLnoASC"
"907...9031",92,0,52,"MLnoASC"
"9114...9032",100,0,52,"MLnoASC"
"9214...9033",96,0,52,"MLnoASC"
"2194...9034",100,1,53,"MLnoASC"
"3162...9035",96,1,53,"MLnoASC"
"4139...9036",100,1,53,"MLnoASC"
"5106...9037",100,1,53,"MLnoASC"
"6102...9038",100,1,53,"MLnoASC"
"790...9039",100,1,53,"MLnoASC"
"879...9040",100,1,53,"MLnoASC"
"968...9041",100,1,53,"MLnoASC"
"1066...9042",100,1,53,"MLnoASC"
"1157...9043",100,1,53,"MLnoASC"
"1257...9044",100,1,53,"MLnoASC"
"1355...9045",100,1,53,"MLnoASC"
"1454...9046",100,1,53,"MLnoASC"
"1554...9047",100,1,53,"MLnoASC"
"1654...9048",90,1,53,"MLnoASC"
"1753...9049",100,1,53,"MLnoASC"
"1853...9050",99,1,53,"MLnoASC"
"1953...9051",100,1,53,"MLnoASC"
"2053...9052",100,1,53,"MLnoASC"
"2195...9053",100,1,53,"MLnoASC"
"2253...9054",100,1,53,"MLnoASC"
"2350...9055",100,1,53,"MLnoASC"
"2449...9056",100,1,53,"MLnoASC"
"2548...9057",100,1,53,"MLnoASC"
"2648...9058",99,1,53,"MLnoASC"
"2746...9059",100,1,53,"MLnoASC"
"2845...9060",100,1,53,"MLnoASC"
"2944...9061",95,1,53,"MLnoASC"
"3044...9062",99,1,53,"MLnoASC"
"3163...9063",99,1,53,"MLnoASC"
"3239...9064",98,1,53,"MLnoASC"
"3337...9065",100,1,53,"MLnoASC"
"3434...9066",100,1,53,"MLnoASC"
"3533...9067",98,1,53,"MLnoASC"
"3630...9068",100,1,53,"MLnoASC"
"3729...9069",100,1,53,"MLnoASC"
"3827...9070",67,1,53,"MLnoASC"
"3926...9071",65,1,53,"MLnoASC"
"4025...9072",61,1,53,"MLnoASC"
"4140...9073",98,1,53,"MLnoASC"
"4228...9074",100,1,53,"MLnoASC"
"4325...9075",95,1,53,"MLnoASC"
"4423...9076",98,1,53,"MLnoASC"
"4522...9077",97,1,53,"MLnoASC"
"4622...9078",88,1,53,"MLnoASC"
"4721...9079",64,1,53,"MLnoASC"
"4820...9080",65,1,53,"MLnoASC"
"4920...9081",100,1,53,"MLnoASC"
"5019...9082",100,1,53,"MLnoASC"
"5126...9083",99,1,53,"MLnoASC"
"5223...9084",100,1,53,"MLnoASC"
"5322...9085",100,1,53,"MLnoASC"
"5421...9086",100,1,53,"MLnoASC"
"5519...9087",100,1,53,"MLnoASC"
"5619...9088",100,1,53,"MLnoASC"
"5718...9089",100,1,53,"MLnoASC"
"5817...9090",100,1,53,"MLnoASC"
"5915...9091",100,1,53,"MLnoASC"
"6013...9092",100,1,53,"MLnoASC"
"6119...9093",100,1,53,"MLnoASC"
"6218...9094",100,1,53,"MLnoASC"
"6318...9095",100,1,53,"MLnoASC"
"6418...9096",100,1,53,"MLnoASC"
"6517...9097",100,1,53,"MLnoASC"
"6617...9098",100,1,53,"MLnoASC"
"6715...9099",100,1,53,"MLnoASC"
"6813...9100",100,1,53,"MLnoASC"
"6912...9101",97,1,53,"MLnoASC"
"7011...9102",97,1,53,"MLnoASC"
"7118...9103",97,1,53,"MLnoASC"
"7217...9104",95,1,53,"MLnoASC"
"7317...9105",78,1,53,"MLnoASC"
"7416...9106",100,1,53,"MLnoASC"
"7516...9107",100,1,53,"MLnoASC"
"7614...9108",100,1,53,"MLnoASC"
"7713...9109",83,1,53,"MLnoASC"
"7810...9110",100,1,53,"MLnoASC"
"799...9111",74,1,53,"MLnoASC"
"809...9112",100,1,53,"MLnoASC"
"8117...9113",61,1,53,"MLnoASC"
"8217...9114",58,1,53,"MLnoASC"
"8317...9115",100,1,53,"MLnoASC"
"8416...9116",100,1,53,"MLnoASC"
"8514...9117",100,1,53,"MLnoASC"
"8612...9118",100,1,53,"MLnoASC"
"8710...9119",100,1,53,"MLnoASC"
"888...9120",100,1,53,"MLnoASC"
"898...9121",99,1,53,"MLnoASC"
"908...9122",100,1,53,"MLnoASC"
"9115...9123",100,1,53,"MLnoASC"
"9215...9124",100,1,53,"MLnoASC"
"9314...9125",100,1,53,"MLnoASC"
"9414...9126",100,1,53,"MLnoASC"
"9512...9127",100,1,53,"MLnoASC"
"969...9128",100,1,53,"MLnoASC"
"976...9129",100,1,53,"MLnoASC"
"986...9130",64,1,53,"MLnoASC"
"996...9131",93,1,53,"MLnoASC"
"1006...9132",100,1,53,"MLnoASC"
"10114...9133",100,1,53,"MLnoASC"
"10214...9134",100,1,53,"MLnoASC"
"10314...9135",100,1,53,"MLnoASC"
"10414...9136",100,1,53,"MLnoASC"
"10512...9137",100,1,53,"MLnoASC"
"1067...9138",100,1,53,"MLnoASC"
"1075...9139",99,1,53,"MLnoASC"
"1085...9140",100,1,53,"MLnoASC"
"1095...9141",99,1,53,"MLnoASC"
"1105...9142",100,1,53,"MLnoASC"
"11113...9143",100,1,53,"MLnoASC"
"11213...9144",100,1,53,"MLnoASC"
"11313...9145",100,1,53,"MLnoASC"
"11412...9146",100,1,53,"MLnoASC"
"1158...9147",100,1,53,"MLnoASC"
"1164...9148",98,1,53,"MLnoASC"
"1174...9149",99,1,53,"MLnoASC"
"1184...9150",100,1,53,"MLnoASC"
"1194...9151",100,1,53,"MLnoASC"
"1204...9152",85,1,53,"MLnoASC"
"12113...9153",100,1,53,"MLnoASC"
"12213...9154",100,1,53,"MLnoASC"
"12313...9155",100,1,53,"MLnoASC"
"12412...9156",71,0,53,"MLnoASC"
"1258...9157",64,0,53,"MLnoASC"
"1264...9158",72,0,53,"MLnoASC"
"1273...9159",77,0,53,"MLnoASC"
"1283...9160",56,0,53,"MLnoASC"
"1293...9161",81,0,53,"MLnoASC"
"1303...9162",94,0,53,"MLnoASC"
"13112...9163",100,0,53,"MLnoASC"
"13212...9164",100,0,53,"MLnoASC"
"13312...9165",98,0,53,"MLnoASC"
"13412...9166",97,0,53,"MLnoASC"
"1356...9167",98,0,53,"MLnoASC"
"1363...9168",94,0,53,"MLnoASC"
"1373...9169",98,0,53,"MLnoASC"
"1383...9170",88,0,53,"MLnoASC"
"1393...9171",88,0,53,"MLnoASC"
"1403...9172",97,0,53,"MLnoASC"
"14112...9173",87,0,53,"MLnoASC"
"14212...9174",68,0,53,"MLnoASC"
"14312...9175",67,0,53,"MLnoASC"
"14412...9176",97,0,53,"MLnoASC"
"1455...9177",59,0,53,"MLnoASC"
"1463...9178",62,0,53,"MLnoASC"
"1473...9179",70,0,53,"MLnoASC"
"1483...9180",74,0,53,"MLnoASC"
"1493...9181",78,0,53,"MLnoASC"
"1503...9182",92,0,53,"MLnoASC"
"15112...9183",74,0,53,"MLnoASC"
"15212...9184",74,0,53,"MLnoASC"
"15312...9185",53,0,53,"MLnoASC"
"15411...9186",96,0,53,"MLnoASC"
"2196...9187",100,1,54,"MLnoASC"
"3164...9188",86,1,54,"MLnoASC"
"4141...9189",100,1,54,"MLnoASC"
"5107...9190",99,1,54,"MLnoASC"
"6103...9191",62,1,54,"MLnoASC"
"7100...9192",100,1,54,"MLnoASC"
"880...9193",100,1,54,"MLnoASC"
"970...9194",99,1,54,"MLnoASC"
"1068...9195",100,1,54,"MLnoASC"
"1159...9196",100,1,54,"MLnoASC"
"1259...9197",100,1,54,"MLnoASC"
"1357...9198",100,1,54,"MLnoASC"
"1456...9199",100,1,54,"MLnoASC"
"1555...9200",100,1,54,"MLnoASC"
"1655...9201",100,1,54,"MLnoASC"
"1754...9202",100,1,54,"MLnoASC"
"1854...9203",50,0,54,"MLnoASC"
"2197...9204",100,1,55,"MLnoASC"
"3165...9205",100,1,55,"MLnoASC"
"4142...9206",100,1,55,"MLnoASC"
"5108...9207",98,1,55,"MLnoASC"
"6104...9208",100,1,55,"MLnoASC"
"7101...9209",100,1,55,"MLnoASC"
"889...9210",100,1,55,"MLnoASC"
"977...9211",100,1,55,"MLnoASC"
"1069...9212",100,1,55,"MLnoASC"
"1160...9213",100,1,55,"MLnoASC"
"1260...9214",100,1,55,"MLnoASC"
"1358...9215",100,1,55,"MLnoASC"
"1457...9216",100,1,55,"MLnoASC"
"1556...9217",95,1,55,"MLnoASC"
"1656...9218",76,1,55,"MLnoASC"
"1755...9219",99,1,55,"MLnoASC"
"1855...9220",100,1,55,"MLnoASC"
"1954...9221",100,1,55,"MLnoASC"
"2054...9222",74,1,55,"MLnoASC"
"2198...9223",72,1,55,"MLnoASC"
"2254...9224",71,1,55,"MLnoASC"
"2353...9225",72,1,55,"MLnoASC"
"2450...9226",71,1,55,"MLnoASC"
"2549...9227",96,1,55,"MLnoASC"
"2649...9228",100,1,55,"MLnoASC"
"2747...9229",100,1,55,"MLnoASC"
"2846...9230",100,1,55,"MLnoASC"
"2945...9231",100,1,55,"MLnoASC"
"3045...9232",100,1,55,"MLnoASC"
"3166...9233",97,1,55,"MLnoASC"
"3240...9234",100,1,55,"MLnoASC"
"3338...9235",100,1,55,"MLnoASC"
"3435...9236",99,1,55,"MLnoASC"
"3534...9237",100,1,55,"MLnoASC"
"3631...9238",100,1,55,"MLnoASC"
"3730...9239",72,1,55,"MLnoASC"
"3828...9240",54,1,55,"MLnoASC"
"3927...9241",84,1,55,"MLnoASC"
"4026...9242",100,1,55,"MLnoASC"
"4143...9243",97,1,55,"MLnoASC"
"4229...9244",93,1,55,"MLnoASC"
"4326...9245",100,1,55,"MLnoASC"
"4424...9246",100,1,55,"MLnoASC"
"4523...9247",100,1,55,"MLnoASC"
"4623...9248",80,1,55,"MLnoASC"
"4722...9249",98,1,55,"MLnoASC"
"4821...9250",100,1,55,"MLnoASC"
"4921...9251",100,1,55,"MLnoASC"
"5020...9252",98,1,55,"MLnoASC"
"5127...9253",100,1,55,"MLnoASC"
"5224...9254",100,1,55,"MLnoASC"
"5323...9255",100,1,55,"MLnoASC"
"5422...9256",100,1,55,"MLnoASC"
"5520...9257",97,1,55,"MLnoASC"
"5620...9258",67,1,55,"MLnoASC"
"5719...9259",92,1,55,"MLnoASC"
"5818...9260",100,1,55,"MLnoASC"
"5916...9261",92,1,55,"MLnoASC"
"6014...9262",100,1,55,"MLnoASC"
"6120...9263",100,1,55,"MLnoASC"
"6219...9264",68,1,55,"MLnoASC"
"6319...9265",71,1,55,"MLnoASC"
"6419...9266",93,1,55,"MLnoASC"
"6518...9267",90,1,55,"MLnoASC"
"6618...9268",92,1,55,"MLnoASC"
"6716...9269",92,1,55,"MLnoASC"
"6814...9270",100,1,55,"MLnoASC"
"6913...9271",100,1,55,"MLnoASC"
"7012...9272",99,1,55,"MLnoASC"
"7119...9273",100,1,55,"MLnoASC"
"7218...9274",100,1,55,"MLnoASC"
"7318...9275",100,1,55,"MLnoASC"
"7417...9276",73,1,55,"MLnoASC"
"7517...9277",72,1,55,"MLnoASC"
"7615...9278",85,1,55,"MLnoASC"
"7714...9279",95,1,55,"MLnoASC"
"7811...9280",96,1,55,"MLnoASC"
"7910...9281",96,1,55,"MLnoASC"
"8010...9282",66,1,55,"MLnoASC"
"8118...9283",100,1,55,"MLnoASC"
"8218...9284",76,1,55,"MLnoASC"
"8318...9285",100,1,55,"MLnoASC"
"8417...9286",100,1,55,"MLnoASC"
"8515...9287",100,1,55,"MLnoASC"
"8613...9288",100,1,55,"MLnoASC"
"8711...9289",100,1,55,"MLnoASC"
"8810...9290",100,1,55,"MLnoASC"
"899...9291",77,1,55,"MLnoASC"
"909...9292",95,1,55,"MLnoASC"
"9116...9293",100,1,55,"MLnoASC"
"9216...9294",100,1,55,"MLnoASC"
"9315...9295",100,1,55,"MLnoASC"
"9415...9296",100,1,55,"MLnoASC"
"9513...9297",100,1,55,"MLnoASC"
"9610...9298",100,1,55,"MLnoASC"
"2199...9299",100,1,56,"MLnoASC"
"3167...9300",100,1,56,"MLnoASC"
"4144...9301",100,1,56,"MLnoASC"
"5109...9302",100,1,56,"MLnoASC"
"6105...9303",100,1,56,"MLnoASC"
"7102...9304",100,1,56,"MLnoASC"
"890...9305",100,1,56,"MLnoASC"
"978...9306",100,1,56,"MLnoASC"
"1070...9307",100,1,56,"MLnoASC"
"1165...9308",100,1,56,"MLnoASC"
"1265...9309",100,1,56,"MLnoASC"
"2200...9310",100,1,57,"MLnoASC"
"3168...9311",100,1,57,"MLnoASC"
"4145...9312",100,1,57,"MLnoASC"
"5128...9313",100,1,57,"MLnoASC"
"6106...9314",100,1,57,"MLnoASC"
"7103...9315",100,1,57,"MLnoASC"
"8100...9316",76,1,57,"MLnoASC"
"979...9317",76,1,57,"MLnoASC"
"1076...9318",100,1,57,"MLnoASC"
"1166...9319",100,1,57,"MLnoASC"
"1266...9320",100,1,57,"MLnoASC"
"1359...9321",100,1,57,"MLnoASC"
"1458...9322",99,1,57,"MLnoASC"
"1557...9323",99,1,57,"MLnoASC"
"1657...9324",100,1,57,"MLnoASC"
"1756...9325",100,1,57,"MLnoASC"
"1856...9326",78,1,57,"MLnoASC"
"1955...9327",100,1,57,"MLnoASC"
"2055...9328",69,1,57,"MLnoASC"
"21100...9329",100,1,57,"MLnoASC"
"2255...9330",100,1,57,"MLnoASC"
"2354...9331",100,1,57,"MLnoASC"
"2452...9332",100,1,57,"MLnoASC"
"2550...9333",100,1,57,"MLnoASC"
"2650...9334",100,1,57,"MLnoASC"
"2748...9335",100,1,57,"MLnoASC"
"2847...9336",100,1,57,"MLnoASC"
"2946...9337",97,1,57,"MLnoASC"
"3046...9338",100,1,57,"MLnoASC"
"3169...9339",100,1,57,"MLnoASC"
"3241...9340",100,1,57,"MLnoASC"
"3339...9341",100,1,57,"MLnoASC"
"2203...9342",100,1,58,"MLnoASC"
"3170...9343",100,1,58,"MLnoASC"
"4146...9344",100,1,58,"MLnoASC"
"5129...9345",77,1,58,"MLnoASC"
"6107...9346",87,1,58,"MLnoASC"
"7104...9347",91,1,58,"MLnoASC"
"8101...9348",91,1,58,"MLnoASC"
"980...9349",100,1,58,"MLnoASC"
"1077...9350",94,1,58,"MLnoASC"
"1167...9351",100,1,58,"MLnoASC"
"1267...9352",100,1,58,"MLnoASC"
"1360...9353",100,1,58,"MLnoASC"
"1459...9354",99,1,58,"MLnoASC"
"1558...9355",100,1,58,"MLnoASC"
"1658...9356",100,1,58,"MLnoASC"
"1757...9357",100,1,58,"MLnoASC"
"1857...9358",100,1,58,"MLnoASC"
"1956...9359",100,1,58,"MLnoASC"
"2056...9360",100,1,58,"MLnoASC"
"21101...9361",100,1,58,"MLnoASC"
"2256...9362",100,1,58,"MLnoASC"
"2355...9363",99,1,58,"MLnoASC"
"2453...9364",100,1,58,"MLnoASC"
"2552...9365",100,1,58,"MLnoASC"
"2652...9366",100,1,58,"MLnoASC"
"2749...9367",100,1,58,"MLnoASC"
"2848...9368",83,1,58,"MLnoASC"
"2947...9369",100,1,58,"MLnoASC"
"3047...9370",100,1,58,"MLnoASC"
"3171...9371",100,1,58,"MLnoASC"
"3242...9372",100,1,58,"MLnoASC"
"3340...9373",100,1,58,"MLnoASC"
"3436...9374",100,1,58,"MLnoASC"
"3535...9375",100,1,58,"MLnoASC"
"3632...9376",97,1,58,"MLnoASC"
"3731...9377",100,1,58,"MLnoASC"
"3829...9378",100,1,58,"MLnoASC"
"3928...9379",100,1,58,"MLnoASC"
"4027...9380",100,1,58,"MLnoASC"
"4147...9381",98,1,58,"MLnoASC"
"4230...9382",100,1,58,"MLnoASC"
"2204...9383",100,1,59,"MLnoASC"
"3172...9384",100,1,59,"MLnoASC"
"4148...9385",100,1,59,"MLnoASC"
"5130...9386",98,1,59,"MLnoASC"
"6108...9387",100,1,59,"MLnoASC"
"7105...9388",70,1,59,"MLnoASC"
"8102...9389",100,1,59,"MLnoASC"
"987...9390",100,1,59,"MLnoASC"
"1078...9391",100,1,59,"MLnoASC"
"1168...9392",100,1,59,"MLnoASC"
"1268...9393",100,1,59,"MLnoASC"
"1364...9394",92,1,59,"MLnoASC"
"1460...9395",100,1,59,"MLnoASC"
"1559...9396",100,1,59,"MLnoASC"
"1659...9397",79,1,59,"MLnoASC"
"1758...9398",100,1,59,"MLnoASC"
"1858...9399",100,1,59,"MLnoASC"
"1957...9400",100,1,59,"MLnoASC"
"2057...9401",100,1,59,"MLnoASC"
"21102...9402",100,1,59,"MLnoASC"
"2257...9403",100,1,59,"MLnoASC"
"2356...9404",89,1,59,"MLnoASC"
"2454...9405",100,1,59,"MLnoASC"
"2553...9406",100,1,59,"MLnoASC"
"2653...9407",100,1,59,"MLnoASC"
"2205...9408",100,1,60,"MLnoASC"
"3173...9409",100,1,60,"MLnoASC"
"4149...9410",100,1,60,"MLnoASC"
"5131...9411",100,1,60,"MLnoASC"
"6109...9412",100,1,60,"MLnoASC"
"7106...9413",100,1,60,"MLnoASC"
"8103...9414",100,1,60,"MLnoASC"
"988...9415",77,1,60,"MLnoASC"
"1079...9416",100,1,60,"MLnoASC"
"1169...9417",100,1,60,"MLnoASC"
"1269...9418",100,1,60,"MLnoASC"
"1365...9419",99,1,60,"MLnoASC"
"1464...9420",100,1,60,"MLnoASC"
"1560...9421",100,1,60,"MLnoASC"
"1660...9422",100,1,60,"MLnoASC"
"1759...9423",100,1,60,"MLnoASC"
"1859...9424",100,1,60,"MLnoASC"
"1958...9425",100,1,60,"MLnoASC"
"2058...9426",100,1,60,"MLnoASC"
"21103...9427",100,1,60,"MLnoASC"
"2258...9428",100,1,60,"MLnoASC"
"2357...9429",100,1,60,"MLnoASC"
"2455...9430",100,1,60,"MLnoASC"
"2554...9431",100,1,60,"MLnoASC"
"2654...9432",100,1,60,"MLnoASC"
"2750...9433",100,1,60,"MLnoASC"
"2849...9434",100,1,60,"MLnoASC"
"2948...9435",90,1,60,"MLnoASC"
"3048...9436",90,1,60,"MLnoASC"
"3174...9437",100,1,60,"MLnoASC"
"3243...9438",100,1,60,"MLnoASC"
"3341...9439",99,1,60,"MLnoASC"
"3437...9440",100,1,60,"MLnoASC"
"3536...9441",100,1,60,"MLnoASC"
"3633...9442",100,1,60,"MLnoASC"
"3732...9443",100,1,60,"MLnoASC"
"3830...9444",91,1,60,"MLnoASC"
"3929...9445",100,1,60,"MLnoASC"
"4028...9446",100,1,60,"MLnoASC"
"4150...9447",100,1,60,"MLnoASC"
"4231...9448",100,1,60,"MLnoASC"
"4327...9449",100,1,60,"MLnoASC"
"4425...9450",100,1,60,"MLnoASC"
"4524...9451",100,1,60,"MLnoASC"
"4624...9452",100,1,60,"MLnoASC"
"4723...9453",100,1,60,"MLnoASC"
"4822...9454",100,1,60,"MLnoASC"
"4922...9455",100,1,60,"MLnoASC"
"5021...9456",100,1,60,"MLnoASC"
"5132...9457",100,1,60,"MLnoASC"
"5225...9458",100,1,60,"MLnoASC"
"5324...9459",100,1,60,"MLnoASC"
"5423...9460",100,1,60,"MLnoASC"
"5521...9461",100,1,60,"MLnoASC"
"5621...9462",100,1,60,"MLnoASC"
"5720...9463",100,1,60,"MLnoASC"
"5819...9464",100,1,60,"MLnoASC"
"5917...9465",100,1,60,"MLnoASC"
"6015...9466",100,1,60,"MLnoASC"
"6121...9467",100,1,60,"MLnoASC"
"6220...9468",100,1,60,"MLnoASC"
"6320...9469",100,1,60,"MLnoASC"
"6420...9470",100,1,60,"MLnoASC"
"6519...9471",100,1,60,"MLnoASC"
"6619...9472",100,1,60,"MLnoASC"
"6717...9473",100,1,60,"MLnoASC"
"6815...9474",100,1,60,"MLnoASC"
"6914...9475",100,1,60,"MLnoASC"
"7013...9476",100,1,60,"MLnoASC"
"7120...9477",100,1,60,"MLnoASC"
"7219...9478",100,1,60,"MLnoASC"
"7319...9479",100,1,60,"MLnoASC"
"7418...9480",100,1,60,"MLnoASC"
"7518...9481",100,1,60,"MLnoASC"
"7616...9482",100,1,60,"MLnoASC"
"7715...9483",100,1,60,"MLnoASC"
"7812...9484",100,1,60,"MLnoASC"
"7911...9485",100,1,60,"MLnoASC"
"8011...9486",100,1,60,"MLnoASC"
"8119...9487",100,1,60,"MLnoASC"
"8219...9488",100,1,60,"MLnoASC"
"8319...9489",100,1,60,"MLnoASC"
"8418...9490",100,1,60,"MLnoASC"
"8516...9491",96,1,60,"MLnoASC"
"8614...9492",96,1,60,"MLnoASC"
"8712...9493",100,1,60,"MLnoASC"
"8811...9494",96,1,60,"MLnoASC"
"8910...9495",100,1,60,"MLnoASC"
"9010...9496",100,1,60,"MLnoASC"
"9117...9497",100,1,60,"MLnoASC"
"9217...9498",100,1,60,"MLnoASC"
"9316...9499",100,1,60,"MLnoASC"
"9416...9500",100,1,60,"MLnoASC"
"9514...9501",97,1,60,"MLnoASC"
"9611...9502",100,1,60,"MLnoASC"
"9710...9503",86,1,60,"MLnoASC"
"989...9504",100,1,60,"MLnoASC"
"997...9505",100,1,60,"MLnoASC"
"1007...9506",100,1,60,"MLnoASC"
"10115...9507",100,1,60,"MLnoASC"
"10215...9508",100,1,60,"MLnoASC"
"10315...9509",100,1,60,"MLnoASC"
"10415...9510",100,1,60,"MLnoASC"
"10513...9511",100,1,60,"MLnoASC"
"10610...9512",100,1,60,"MLnoASC"
"10710...9513",100,1,60,"MLnoASC"
"1086...9514",100,1,60,"MLnoASC"
"1096...9515",100,1,60,"MLnoASC"
"1106...9516",100,1,60,"MLnoASC"
"11114...9517",100,1,60,"MLnoASC"
"11214...9518",100,1,60,"MLnoASC"
"11314...9519",100,1,60,"MLnoASC"
"11413...9520",100,1,60,"MLnoASC"
"11510...9521",100,1,60,"MLnoASC"
"11610...9522",100,1,60,"MLnoASC"
"1175...9523",100,1,60,"MLnoASC"
"1185...9524",100,1,60,"MLnoASC"
"1195...9525",100,1,60,"MLnoASC"
"1205...9526",100,1,60,"MLnoASC"
"12114...9527",100,1,60,"MLnoASC"
"12214...9528",100,1,60,"MLnoASC"
"12314...9529",100,1,60,"MLnoASC"
"12413...9530",100,1,60,"MLnoASC"
"12510...9531",100,1,60,"MLnoASC"
"12610...9532",100,1,60,"MLnoASC"
"1274...9533",100,1,60,"MLnoASC"
"1284...9534",100,1,60,"MLnoASC"
"1294...9535",100,1,60,"MLnoASC"
"1304...9536",100,1,60,"MLnoASC"
"13113...9537",100,1,60,"MLnoASC"
"13213...9538",100,1,60,"MLnoASC"
"13313...9539",100,1,60,"MLnoASC"
"13413...9540",100,1,60,"MLnoASC"
"13510...9541",100,1,60,"MLnoASC"
"1366...9542",100,1,60,"MLnoASC"
"1374...9543",100,1,60,"MLnoASC"
"1384...9544",99,1,60,"MLnoASC"
"1394...9545",100,1,60,"MLnoASC"
"1404...9546",100,1,60,"MLnoASC"
"14113...9547",95,1,60,"MLnoASC"
"14213...9548",99,1,60,"MLnoASC"
"14313...9549",100,1,60,"MLnoASC"
"14413...9550",100,1,60,"MLnoASC"
"14510...9551",100,1,60,"MLnoASC"
"1465...9552",100,1,60,"MLnoASC"
"1474...9553",100,1,60,"MLnoASC"
"1484...9554",100,1,60,"MLnoASC"
"1494...9555",78,0,60,"MLnoASC"
"2206...9556",100,1,61,"MLnoASC"
"3175...9557",100,1,61,"MLnoASC"
"4151...9558",100,1,61,"MLnoASC"
"5133...9559",100,1,61,"MLnoASC"
"6122...9560",100,1,61,"MLnoASC"
"7107...9561",100,1,61,"MLnoASC"
"8104...9562",100,1,61,"MLnoASC"
"990...9563",100,1,61,"MLnoASC"
"1080...9564",100,1,61,"MLnoASC"
"1170...9565",100,1,61,"MLnoASC"
"1270...9566",100,1,61,"MLnoASC"
"1367...9567",100,1,61,"MLnoASC"
"1466...9568",100,1,61,"MLnoASC"
"1563...9569",100,1,61,"MLnoASC"
"1663...9570",100,1,61,"MLnoASC"
"1760...9571",100,1,61,"MLnoASC"
"1860...9572",100,1,61,"MLnoASC"
"1959...9573",100,1,61,"MLnoASC"
"2059...9574",81,1,61,"MLnoASC"
"21104...9575",100,1,61,"MLnoASC"
"2259...9576",100,1,61,"MLnoASC"
"2358...9577",100,1,61,"MLnoASC"
"2456...9578",100,1,61,"MLnoASC"
"2555...9579",100,1,61,"MLnoASC"
"2655...9580",100,1,61,"MLnoASC"
"2751...9581",100,1,61,"MLnoASC"
"2850...9582",100,1,61,"MLnoASC"
"2949...9583",100,1,61,"MLnoASC"
"3049...9584",100,1,61,"MLnoASC"
"3176...9585",100,1,61,"MLnoASC"
"3244...9586",100,1,61,"MLnoASC"
"3342...9587",100,1,61,"MLnoASC"
"3438...9588",100,1,61,"MLnoASC"
"2207...9589",100,1,62,"MLnoASC"
"3177...9590",100,1,62,"MLnoASC"
"4152...9591",100,1,62,"MLnoASC"
"5134...9592",100,1,62,"MLnoASC"
"6123...9593",96,1,62,"MLnoASC"
"7108...9594",100,1,62,"MLnoASC"
"8105...9595",100,1,62,"MLnoASC"
"998...9596",100,1,62,"MLnoASC"
"1087...9597",100,1,62,"MLnoASC"
"1176...9598",100,1,62,"MLnoASC"
"1275...9599",100,1,62,"MLnoASC"
"1368...9600",100,1,62,"MLnoASC"
"1467...9601",100,1,62,"MLnoASC"
"1564...9602",100,1,62,"MLnoASC"
"1664...9603",100,1,62,"MLnoASC"
"1763...9604",80,1,62,"MLnoASC"
"1863...9605",100,1,62,"MLnoASC"
"1960...9606",100,1,62,"MLnoASC"
"2060...9607",100,1,62,"MLnoASC"
"21105...9608",94,1,62,"MLnoASC"
"2260...9609",99,1,62,"MLnoASC"
"2359...9610",98,1,62,"MLnoASC"
"2457...9611",100,1,62,"MLnoASC"
"2556...9612",100,1,62,"MLnoASC"
"2656...9613",99,1,62,"MLnoASC"
"2752...9614",100,1,62,"MLnoASC"
"2851...9615",100,1,62,"MLnoASC"
"2950...9616",100,1,62,"MLnoASC"
"3050...9617",53,1,62,"MLnoASC"
"3178...9618",100,1,62,"MLnoASC"
"3245...9619",100,1,62,"MLnoASC"
"3343...9620",100,1,62,"MLnoASC"
"3439...9621",100,1,62,"MLnoASC"
"3537...9622",100,1,62,"MLnoASC"
"3634...9623",100,1,62,"MLnoASC"
"3733...9624",100,1,62,"MLnoASC"
"3831...9625",100,1,62,"MLnoASC"
"3930...9626",100,1,62,"MLnoASC"
"4029...9627",100,1,62,"MLnoASC"
"4153...9628",100,1,62,"MLnoASC"
"4232...9629",100,1,62,"MLnoASC"
"4328...9630",100,1,62,"MLnoASC"
"4426...9631",100,1,62,"MLnoASC"
"4525...9632",100,1,62,"MLnoASC"
"4625...9633",100,1,62,"MLnoASC"
"4724...9634",100,1,62,"MLnoASC"
"4823...9635",100,1,62,"MLnoASC"
"4923...9636",100,1,62,"MLnoASC"
"5022...9637",100,1,62,"MLnoASC"
"5135...9638",100,1,62,"MLnoASC"
"5226...9639",100,1,62,"MLnoASC"
"5325...9640",100,1,62,"MLnoASC"
"5424...9641",100,1,62,"MLnoASC"
"5522...9642",100,1,62,"MLnoASC"
"5622...9643",100,1,62,"MLnoASC"
"5721...9644",100,1,62,"MLnoASC"
"5820...9645",100,1,62,"MLnoASC"
"5918...9646",100,1,62,"MLnoASC"
"6016...9647",100,1,62,"MLnoASC"
"6124...9648",100,1,62,"MLnoASC"
"6221...9649",100,1,62,"MLnoASC"
"6321...9650",100,1,62,"MLnoASC"
"6421...9651",100,1,62,"MLnoASC"
"6520...9652",100,1,62,"MLnoASC"
"6620...9653",100,1,62,"MLnoASC"
"6718...9654",100,1,62,"MLnoASC"
"6816...9655",75,0,62,"MLnoASC"
"2208...9656",100,1,63,"MLnoASC"
"3179...9657",100,1,63,"MLnoASC"
"4154...9658",100,1,63,"MLnoASC"
"5136...9659",100,1,63,"MLnoASC"
"6125...9660",100,1,63,"MLnoASC"
"7109...9661",100,1,63,"MLnoASC"
"8106...9662",100,1,63,"MLnoASC"
"999...9663",100,1,63,"MLnoASC"
